label,text,label_idx
traffic_in,湛江市 麻章区 人民检察院 指控 被告人   <e1>   林某某   </e1>   为了 赚取 利润 承诺 帮 一名 不 认识 名字 的 青年 男子 将 十粒 毒品   <e2>   海洛因   </e2>   放在 其 养猪场 代为 销售 2014年8月7日早上7时 许 吸毒 人员 徐某某 来到 林某某 的 养猪场 购买 毒品 当两人 完成 交易 时 被 公安民警 当场 抓获 并 从 徐某某 身上 扣押 到 可疑 毒品 一粒 和 人民币 50 元 从 林某某 处 扣押 到 人民币 100 元 和 可疑 毒品 九小 粒经 鉴定 查获 的 可疑 毒品 一粒 净重 0.07克 可疑 毒品 九粒 净重 0.44 克均 检见 海洛因 成分,0
sell_drugs_to,湛江市 麻章区 人民检察院 指控 被告人   <e1>   林某某   </e1>   为了 赚取 利润 承诺 帮 一名 不 认识 名字 的 青年 男子 将 十粒 毒品 海洛因 放在 其 养猪场 代为 销售 2014年8月7日早上7时 许 吸毒 人员   <e2>   徐某某   </e2>   来到 林某某 的 养猪场 购买 毒品 当两人 完成 交易 时 被 公安民警 当场 抓获 并 从 徐某某 身上 扣押 到 可疑 毒品 一粒 和 人民币 50 元 从 林某某 处 扣押 到 人民币 100 元 和 可疑 毒品 九小 粒经 鉴定 查获 的 可疑 毒品 一粒 净重 0.07克 可疑 毒品 九粒 净重 0.44 克均 检见 海洛因 成分,1
NA,湛江市 麻章区 人民检察院 指控 被告人   <e1>   林某某   </e1>   为了 赚取 利润 承诺 帮 一名 不 认识 名字 的 青年 男子 将 十粒 毒品 海洛因 放在 其 养猪场 代为 销售 2014年8月7日早上7时 许 吸毒 人员 徐某某 来到 林某某 的 养猪场 购买 毒品 当两人 完成 交易 时 被 公安民警 当场 抓获 并 从 徐某某 身上 扣押 到 可疑 毒品 一粒 和 人民币 50 元 从   <e2>   林某某   </e2>   处 扣押 到 人民币 100 元 和 可疑 毒品 九小 粒经 鉴定 查获 的 可疑 毒品 一粒 净重 0.07克 可疑 毒品 九粒 净重 0.44 克均 检见 海洛因 成分,4
NA,湛江市 麻章区 人民检察院 指控 被告人 林某某 为了 赚取 利润 承诺 帮 一名 不 认识 名字 的 青年 男子 将 十粒 毒品 海洛因 放在 其 养猪场 代为 销售   <e1>   2014年8月7日早上7时   </e1>   许 吸毒 人员 徐某某 来到 林某某 的 养猪场 购买 毒品 当两人 完成 交易 时 被 公安民警 当场 抓获 并 从 徐某某 身上 扣押 到 可疑 毒品 一粒 和 人民币 50 元 从 林某某 处 扣押 到 人民币 100 元 和 可疑 毒品 九小 粒经 鉴定 查获 的 可疑 毒品 一粒 净重   <e2>   0.07克   </e2>   可疑 毒品 九粒 净重 0.44 克均 检见 海洛因 成分,4
posess,经 审理 查明 2015年7月22日1时 许 公安民警 接到 群众 吴某某 举报 称 贵阳市云岩区 纯味园 宿舍 有 一 男子 持有 大量 毒品 公安民警 接警 后 前往 举报 地点 搜查 在 搜查 过程 中 从 被告人   <e1>   焦某某   </e1>   身上 查获 毒品 一包 经 刑事 科学技术 鉴定 检出   <e2>   海洛因   </e2>   计重 1 20克 涉案 毒品 已 上交 省公安厅 禁毒 总队,2
NA,经 审理 查明 2015年7月22日1时 许 公安民警 接到 群众 吴某某 举报 称   <e1>   贵阳市云岩区   </e1>   纯味园 宿舍 有 一 男子 持有 大量 毒品 公安民警 接警 后 前往 举报 地点 搜查 在 搜查 过程 中 从 被告人 焦某某 身上 查获 毒品 一包 经 刑事 科学技术   <e2>   海洛因   </e2>   出 海洛因 计重 1 20克 涉案 毒品 已 上交 省公安厅 禁毒 总队,4
NA,经 审理 查明   <e1>   2015年7月22日1时   </e1>   许 公安民警 接到 群众 吴某某 举报 称 贵阳市云岩区 纯味园 宿舍 有 一 男子 持有 大量 毒品 公安民警 接警 后 前往 举报 地点 搜查 在 搜查 过程 中   <e2>   焦某某   </e2>   人 焦某某 身上 查获 毒品 一包 经 刑事 科学技术 鉴定 检出 海洛因 计重 1 20克 涉案 毒品 已 上交 省公安厅 禁毒 总队,4
traffic_in,公诉 机关 指控 2014年12月 开始 被告人   <e1>   黄某某   </e1>   在 博罗县 罗阳 镇田牌 村 等 地 多次 将   <e2>   氯胺酮   </e2>   贩卖 给 黄某明 刘某林 刘某强 等 人 2015 年 2 月份 开始 黄某某 在 博罗县 罗阳 镇田牌 村 等 地 多次 将 甲基苯丙胺 冰毒 贩卖 给 胡某康 杨某宇 等 人 同年 10 月 2 4日 公安民警 在 博罗县 罗阳 镇 将 黄某某 抓获归案,0
sell_drugs_to,公诉 机关 指控 2014年12月 开始 被告人   <e1>   黄某某   </e1>   在 博罗县 罗阳 镇田牌 村 等 地 多次 将 氯胺酮 贩卖 给   <e2>   黄某明   </e2>   刘某林 刘某强 等 人 2015 年 2 月份 开始 黄某某 在 博罗县 罗阳 镇田牌 村 等 地 多次 将 甲基苯丙胺 冰毒 贩卖 给 胡某康 杨某宇 等 人 同年 10 月 2 4日 公安民警 在 博罗县 罗阳 镇 将 黄某某 抓获归案,1
sell_drugs_to,公诉 机关 指控 2014年12月 开始 被告人   <e1>   黄某某   </e1>   在 博罗县 罗阳 镇田牌 村 等 地 多次 将 氯胺酮 贩卖 给 黄某明   <e2>   刘某林   </e2>   刘某强 等 人 2015 年 2 月份 开始 黄某某 在 博罗县 罗阳 镇田牌 村 等 地 多次 将 甲基苯丙胺 冰毒 贩卖 给 胡某康 杨某宇 等 人 同年 10 月 2 4日 公安民警 在 博罗县 罗阳 镇 将 黄某某 抓获归案,1
sell_drugs_to,公诉 机关 指控 2014年12月 开始 被告人   <e1>   黄某某   </e1>   在 博罗县 罗阳 镇田牌 村 等 地 多次 将 氯胺酮 贩卖 给 黄某明 刘某林   <e2>   刘某强   </e2>   等 人 2015 年 2 月份 开始 黄某某 在 博罗县 罗阳 镇田牌 村 等 地 多次 将 甲基苯丙胺 冰毒 贩卖 给 胡某康 杨某宇 等 人 同年 10 月 2 4日 公安民警 在 博罗县 罗阳 镇 将 黄某某 抓获归案,1
traffic_in,公诉 机关 指控 2014年12月 开始 被告人 黄某某 在 博罗县 罗阳 镇田牌 村 等 地 多次 将 氯胺酮 贩卖 给 黄某明 刘某林 刘某强 等 人 2015 年 2 月份 开始   <e1>   黄某某   </e1>   在 博罗县 罗阳 镇田牌 村 等 地 多次 将   <e2>   甲基苯丙胺   </e2>   冰毒 贩卖 给 胡某康 杨某宇 等 人 同年 10 月 2 4日 公安民警 在 博罗县 罗阳 镇 将 黄某某 抓获归案,0
sell_drugs_to,公诉 机关 指控 2014年12月 开始 被告人 黄某某 在 博罗县 罗阳 镇田牌 村 等 地 多次 将 氯胺酮 贩卖 给 黄某明 刘某林 刘某强 等 人 2015 年 2 月份 开始   <e1>   黄某某   </e1>   在 博罗县 罗阳 镇田牌 村 等 地 多次 将 甲基苯丙胺 冰毒 贩卖 给   <e2>   胡某康   </e2>   杨某宇 等 人 同年 10 月 2 4日 公安民警 在 博罗县 罗阳 镇 将 黄某某 抓获归案,1
sell_drugs_to,公诉 机关 指控 2014年12月 开始 被告人 黄某某 在 博罗县 罗阳 镇田牌 村 等 地 多次 将 氯胺酮 贩卖 给 黄某明 刘某林 刘某强 等 人 2015 年 2 月份 开始   <e1>   黄某某   </e1>   在 博罗县 罗阳 镇田牌 村 等 地 多次 将 甲基苯丙胺 冰毒 贩卖 给 胡某康   <e2>   杨某宇   </e2>   等 人 同年 10 月 2 4日 公安民警 在 博罗县 罗阳 镇 将 黄某某 抓获归案,1
NA,公诉 机关 指控 2014年12月 开始 被告人 黄某某 在 博罗县 罗阳 镇田牌 村 等 地 多次 将   <e1>   氯胺酮   </e1>   贩卖 给 黄某明 刘某林 刘某强 等 人 2015 年 2 月份 开始 黄某某 在 博罗县 罗阳 镇田牌 村 等 地 多次 将 甲基苯丙胺 冰毒   <e2>   胡某康   </e2>   给 胡某康 杨某宇 等 人 同年 10 月 2 4日 公安民警 在 博罗县 罗阳 镇 将 黄某某 抓获归案,4
NA,公诉 机关 指控   <e1>   2014年12月   </e1>   开始 被告人 黄某某 在 博罗县 罗阳 镇田牌 村 等 地 多次 将 氯胺酮 贩卖 给 黄某明 刘某林 刘某强 等 人 2015 年 2 月份 开始 黄某某 在 博罗县 罗阳 镇田牌 村 等 地 多次 将 甲基苯丙胺 冰毒 贩卖 给 胡某康   <e2>   杨某宇   </e2>   等 人 同年 10 月 2 4日 公安民警 在 博罗县 罗阳 镇 将 黄某某 抓获归案,4
posess,云南省 腾冲 市 人民检察院 指控 2016年1月26日2时 许 腾冲 市 公安局 民警 在 腾冲 市 腾越 镇 文星 社区 文星 楼 小区 33 号 被告人   <e1>   吴旭   </e1>   家中 卧室 内 查获 其 藏匿 的   <e2>   甲基苯丙胺   </e2>   可疑 物 8 袋经 称量 净重 157.9 克 当日15时 15 分许 被告人 吴旭 到 腾冲 市 公安局 投案自首,2
NA,云南省 腾冲 市 人民检察院 指控   <e1>   2016年1月26日2时   </e1>   许 腾冲 市 公安局 民警 在 腾冲 市 腾越 镇 文星 社区 文星 楼 小区 33 号 被告人   <e2>   吴旭   </e2>   家中 卧室 内 查获 其 藏匿 的 甲基苯丙胺 可疑 物 8 袋经 称量 净重 157.9 克 当日15时 15 分许 被告人 吴旭 到 腾冲 市 公安局 投案自首,4
NA,云南省 腾冲 市 人民检察院 指控 2016年1月26日2时 许 腾冲 市 公安局 民警 在 腾冲 市 腾越 镇 文星 社区 文星 楼 小区 33 号 被告人 吴旭 家中 卧室 内 查获 其 藏匿 的   <e1>   甲基苯丙胺   </e1>   可疑 物 8 袋经 称量 净重 157   <e2>   当日15时   </e2>   日 15 时 15 分许 被告人 吴旭 到 腾冲 市 公安局 投案自首,4
sell_drugs_to,宁夏回族自治区 永宁县 人民检察院 指控 2014 年 4 月 9 日 被告人   <e1>   纳某某   </e1>   在 永宁县东泰阳光大酒店楼下的一辆黑色别克轿车上 将 甲基苯丙胺 俗称 冰毒 1克 卖 给   <e2>   吕某某   </e2>   永宁县 人民检察院 认为 被告人 纳某某 的 行为 已触犯 中华人民共和国 刑法 第三 百 四十七 条 的 规定 应当 以 贩卖毒品 罪 追究其 刑事责任 被告人 纳某某 如实 供述 所 犯罪 行属 坦白 可以 从轻 处罚 建议 在 有期徒刑 六个月 至 一年 六个月 的 幅度 内 量刑 并 处罚金,1
traffic_in,宁夏回族自治区 永宁县 人民检察院 指控 2014 年 4 月 9 日 被告人   <e1>   纳某某   </e1>   在 永宁县东泰阳光大酒店楼下的一辆黑色别克轿车上 将   <e2>   甲基苯丙胺   </e2>   俗称 冰毒 1克 卖 给 吕某某 永宁县 人民检察院 认为 被告人 纳某某 的 行为 已触犯 中华人民共和国 刑法 第三 百 四十七 条 的 规定 应当 以 贩卖毒品 罪 追究其 刑事责任 被告人 纳某某 如实 供述 所 犯罪 行属 坦白 可以 从轻 处罚 建议 在 有期徒刑 六个月 至 一年 六个月 的 幅度 内 量刑 并 处罚金,0
traffic_in,宁夏回族自治区 永宁县 人民检察院 指控 2014 年 4 月 9 日 被告人   <e1>   纳某某   </e1>   在 永宁县东泰阳光大酒店楼下的一辆黑色别克轿车上 将 甲基苯丙胺 俗称   <e2>   冰毒   </e2>   1克 卖 给 吕某某 永宁县 人民检察院 认为 被告人 纳某某 的 行为 已触犯 中华人民共和国 刑法 第三 百 四十七 条 的 规定 应当 以 贩卖毒品 罪 追究其 刑事责任 被告人 纳某某 如实 供述 所 犯罪 行属 坦白 可以 从轻 处罚 建议 在 有期徒刑 六个月 至 一年 六个月 的 幅度 内 量刑 并 处罚金,0
NA,宁夏回族自治区 永宁县 人民检察院 指控 2014 年 4 月 9 日 被告人 纳某某 在   <e1>   永宁县东泰阳光大酒店楼下的一辆黑色别克轿车上   </e1>   将 甲基苯丙胺 俗称 冰毒   <e2>   吕某某   </e2>   给 吕某某 永宁县 人民检察院 认为 被告人 纳某某 的 行为 已触犯 中华人民共和国 刑法 第三 百 四十七 条 的 规定 应当 以 贩卖毒品 罪 追究其 刑事责任 被告人 纳某某 如实 供述 所 犯罪 行属 坦白 可以 从轻 处罚 建议 在 有期徒刑 六个月 至 一年 六个月 的 幅度 内 量刑 并 处罚金,4
NA,宁夏回族自治区 永宁县 人民检察院 指控 2014 年 4 月 9 日 被告人 纳某某 在   <e1>   永宁县东泰阳光大酒店楼下的一辆黑色别克轿车上   </e1>   将   <e2>   甲基苯丙胺   </e2>   俗称 冰毒 1克 卖 给 吕某某 永宁县 人民检察院 认为 被告人 纳某某 的 行为 已触犯 中华人民共和国 刑法 第三 百 四十七 条 的 规定 应当 以 贩卖毒品 罪 追究其 刑事责任 被告人 纳某某 如实 供述 所 犯罪 行属 坦白 可以 从轻 处罚 建议 在 有期徒刑 六个月 至 一年 六个月 的 幅度 内 量刑 并 处罚金,4
sell_drugs_to,公诉 机关 指控 2014 年 78 月间 某日 晚 被告人   <e1>   颜某   </e1>   在 扬州市邗江区文汇苑B区365超市门口的公交站台 附近 以 人民币 300 元 的 价格 向   <e2>   黄某   </e2>   贩卖 甲基苯丙胺 1 袋 重约 0.2克,1
traffic_in,公诉 机关 指控 2014 年 78 月间 某日 晚 被告人   <e1>   颜某   </e1>   在 扬州市邗江区文汇苑B区365超市门口的公交站台 附近 以 人民币 300 元 的 价格 向 黄某 贩卖   <e2>   甲基苯丙胺   </e2>   1 袋 重约 0.2克,0
NA,公诉 机关 指控 2014 年 78 月间 某日 晚 被告人 颜某 在   <e1>   扬州市邗江区文汇苑B区365超市门口的公交站台   </e1>   附近 以 人民币 300 元   <e2>   黄某   </e2>   格向 黄某 贩卖 甲基苯丙胺 1 袋 重约 0.2克,4
NA,公诉 机关 指控   <e1>   2014 年 78 月间 某日 晚   </e1>   被告人 颜某 在 扬州市邗江区文汇苑B区365超市门口的公交站台 附近 以 人民币 300 元 的 价格 向 黄某 贩卖 甲基苯丙胺 1   <e2>   0.2克   </e2>   0.2克,4
posess,经 审理 查明 2014年10月 23 日 22 时许 公安民警 在 重庆市沙坪坝区 沙 正街 金象 假日酒店 附近 将 被告人 殷小伟 抓获 当场 从 被告人   <e1>   殷小伟背   </e1>   的 挎包 内 查获   <e2>   甲基苯丙胺   </e2>   冰毒 104.98 克及 甲基苯丙胺片剂 1.0 2克,2
NA,经 审理 查明 2014年10月 23 日 22 时许 公安民警 在 重庆市沙坪坝区 沙 正街 金象 假日酒店 附近 将 被告人   <e1>   殷小伟   </e1>   抓获 当场 从 被告人   <e2>   殷小伟背   </e2>   的 挎包 内 查获 甲基苯丙胺 冰毒 104.98 克及 甲基苯丙胺片剂 1.0 2克,4
NA,经 审理 查明 2014年10月 23 日 22 时许 公安民警 在 重庆市沙坪坝区 沙 正街 金象 假日酒店 附近 将 被告人 殷小伟 抓获 当场 从 被告人 殷小伟背 的 挎包 内 查获   <e1>   甲基苯丙胺   < / e   <e2>   冰毒   </e2>     冰毒 104.98 克及 甲基苯丙胺片剂 1.0 2克,4
provide_shelter_for,阜南县 人民检察院 指控 2014 年 6 月份 8 月份 期间 被告人   <e1>   赵某某   </e1>   先后 两次 邀请   <e2>   马某   </e2>   到 阜南县 鹿 城镇 焦 阳路 97 号 家中 吸食毒品 毒品 与 吸毒 工具 由 被告人 赵某某 提供,3
NA,阜南县 人民检察院 指控 2014 年 6 月份 8 月份 期间 被告人 赵某某 先后 两次 邀请   <e1>   马某   </e1>   到 阜南县 鹿 城镇 焦 阳路 97 号 家中 吸食毒品 毒品 与 吸毒 工具 由 被告人   <e2>   赵某某   </e2>   提供,4
NA,阜南县 人民检察院 指控   <e1>   2014 年 6 月份 8 月份 期间   </e1>     <e2>   赵某某   </e2>   人 赵某某 先后 两次 邀请 马某 到 阜南县 鹿 城镇 焦 阳路 97 号 家中 吸食毒品 毒品 与 吸毒 工具 由 被告人 赵某某 提供,4
provide_shelter_for,公诉 机关 指控 2014 年 2 月 至 2014 年 6 月 18 日间 被告人   <e1>   颜某   </e1>   明知 他人 吸食毒品 仍 先后 多次 在 龙海市 浮宫 镇霞 郭村 颜厝社 的 家中 分别 容留   <e2>   洪某   </e2>   林某 曾某 等 人 吸食毒品 甲基苯丙胺 冰毒 其中 分别 容留 洪某 三次 林某 二次 曾某 三次,3
provide_shelter_for,公诉 机关 指控 2014 年 2 月 至 2014 年 6 月 18 日间 被告人   <e1>   颜某   </e1>   明知 他人 吸食毒品 仍 先后 多次 在 龙海市 浮宫 镇霞 郭村 颜厝社 的 家中 分别 容留 洪某   <e2>   林某   </e2>   曾某 等 人 吸食毒品 甲基苯丙胺 冰毒 其中 分别 容留 洪某 三次 林某 二次 曾某 三次,3
provide_shelter_for,公诉 机关 指控 2014 年 2 月 至 2014 年 6 月 18 日间 被告人   <e1>   颜某   </e1>   明知 他人 吸食毒品 仍 先后 多次 在 龙海市 浮宫 镇霞 郭村 颜厝社 的 家中 分别 容留 洪某 林某   <e2>   曾某   </e2>   等 人 吸食毒品 甲基苯丙胺 冰毒 其中 分别 容留 洪某 三次 林某 二次 曾某 三次,3
NA,公诉 机关 指控 2014 年 2 月 至 2014 年 6 月 18 日间 被告人 颜某 明知 他人 吸食毒品 仍 先后 多次 在 龙海市 浮宫 镇霞 郭村 颜厝社 的 家中 分别 容留 洪某 林某 曾某 等 人 吸食毒品   <e1>   甲基苯丙胺   </e1>   冰毒 其中 分别 容留 洪   <e2>   林某   </e2>   次 林某 二次 曾某 三次,4
NA,公诉 机关 指控 2014 年 2 月 至 2014 年 6 月 18 日间 被告人 颜某 明知 他人 吸食毒品 仍 先后 多次 在 龙海市 浮宫 镇霞 郭村 颜厝社 的 家中 分别 容留 洪某 林某 曾某 等 人 吸食毒品 甲基苯丙胺   <e1>   冰毒   </e1>   其中   <e2>   洪某   </e2>   容留 洪某 三次 林某 二次 曾某 三次,4
sell_drugs_to,贵港市 港北区 人民检察院 指控 2014 年 9 月 25 日 18 时许 被告人   <e1>   陆某某   </e1>   接到   <e2>   黎XX   </e2>   求购 毒品 甲基苯丙胺 的 电话 信息 后 携带 毒品 来到 贵港市 港北区 XX 街 XX 网吧 门口 将 1 小包 毒品 甲基苯丙胺 以 人民币 300 元 的 价格 贩卖 给 黎XX 刚 交易 完毕 即 被 公安人员 当场 抓获 公安民警 从 陆某某 身上 缴获 毒资 人民币 300 元 从 黎XX 身上 缴获 毒品 甲基苯丙胺 0.79 克,1
traffic_in,贵港市 港北区 人民检察院 指控 2014 年 9 月 25 日 18 时许 被告人   <e1>   陆某某   </e1>   接到 黎XX 求购 毒品   <e2>   甲基苯丙胺   </e2>   的 电话 信息 后 携带 毒品 来到 贵港市 港北区 XX 街 XX 网吧 门口 将 1 小包 毒品 甲基苯丙胺 以 人民币 300 元 的 价格 贩卖 给 黎XX 刚 交易 完毕 即 被 公安人员 当场 抓获 公安民警 从 陆某某 身上 缴获 毒资 人民币 300 元 从 黎XX 身上 缴获 毒品 甲基苯丙胺 0.79 克,0
traffic_in,贵港市 港北区 人民检察院 指控 2014 年 9 月 25 日 18 时许 被告人   <e1>   陆某某   </e1>   接到 黎XX 求购 毒品 甲基苯丙胺 的 电话 信息 后 携带 毒品 来到 贵港市 港北区 XX 街 XX 网吧 门口 将 1 小包 毒品   <e2>   甲基苯丙胺   </e2>   以 人民币 300 元 的 价格 贩卖 给 黎XX 刚 交易 完毕 即 被 公安人员 当场 抓获 公安民警 从 陆某某 身上 缴获 毒资 人民币 300 元 从 黎XX 身上 缴获 毒品 甲基苯丙胺 0.79 克,0
sell_drugs_to,贵港市 港北区 人民检察院 指控 2014 年 9 月 25 日 18 时许 被告人   <e1>   陆某某   </e1>   接到 黎XX 求购 毒品 甲基苯丙胺 的 电话 信息 后 携带 毒品 来到 贵港市 港北区 XX 街 XX 网吧 门口 将 1 小包 毒品 甲基苯丙胺 以 人民币 300 元 的 价格 贩卖 给   <e2>   黎XX   </e2>   刚 交易 完毕 即 被 公安人员 当场 抓获 公安民警 从 陆某某 身上 缴获 毒资 人民币 300 元 从 黎XX 身上 缴获 毒品 甲基苯丙胺 0.79 克,1
NA,贵港市 港北区 人民检察院 指控 2014 年 9 月 25 日 18 时许 被告人 陆某某 接到 黎XX 求购 毒品 甲基苯丙胺 的 电话 信息 后 携带 毒品 来到 贵港市 港北区 XX 街 XX 网吧 门口 将 1 小包 毒品 甲基苯丙胺 以 人民币 300 元 的 价格 贩卖 给   <e1>   黎XX   </e1>   刚 交易 完毕 即 被 公安人员 当场 抓获 公安民警 从   <e2>   陆某某   </e2>   身上 缴获 毒资 人民币 300 元 从 黎XX 身上 缴获 毒品 甲基苯丙胺 0.79 克,4
NA,贵港市 港北区 人民检察院 指控 2014 年 9 月 25 日 18 时许 被告人   <e1>   陆某某   </e1>   接到 黎XX 求购 毒品 甲基苯丙胺 的 电话 信息 后 携带 毒品 来到 贵港市 港北区 XX 街 XX 网吧 门口 将 1 小包 毒品 甲基苯丙胺 以 人民币 300 元 的 价   <e2>   黎XX   </e2>   给 黎XX 刚 交易 完毕 即 被 公安人员 当场 抓获 公安民警 从 陆某某 身上 缴获 毒资 人民币 300 元 从 黎XX 身上 缴获 毒品 甲基苯丙胺 0.79 克,4
traffic_in,经 审理 查明 2014年10月13日22时 许 被告人   <e1>   雷某   </e1>   受申 某某 已判 指使 与 王某某 已判 一起 到 资中县 水南镇 中央大街 地 电 酒楼 门口 将 一小包   <e2>   甲基苯丙胺   </e2>   以 200 元 的 价格 贩卖 给 吸毒 人员 饶某 交易 完成 后 公安人员 随后 将 饶某 抓获 并 在 其 身上 查获 疑似 毒品 0.23 克经 鉴定 该 疑似 毒品 中 检出 甲基苯丙胺 成分,0
sell_drugs_to,经 审理 查明 2014年10月13日22时 许 被告人   <e1>   雷某   </e1>   受申 某某 已判 指使 与 王某某 已判 一起 到 资中县 水南镇 中央大街 地 电 酒楼 门口 将 一小包 甲基苯丙胺 以 200 元 的 价格 贩卖 给 吸毒 人员   <e2>   饶某   </e2>   交易 完成 后 公安人员 随后 将 饶某 抓获 并 在 其 身上 查获 疑似 毒品 0.23 克经 鉴定 该 疑似 毒品 中 检出 甲基苯丙胺 成分,1
NA,经 审理 查明   <e1>   2014年10月13日22时   </e1>   许 被告人 雷某 受申 某某 已判 指使 与 王某某 已判 一起 到 资中县 水南镇 中央大街 地 电 酒楼 门口 将 一小包 甲基苯丙胺 以 200 元 的 价格 贩卖 给 吸毒 人员 饶某 交易 完成 后 公安 人   <e2>   饶某   </e2>   后 将 饶某 抓获 并 在 其 身上 查获 疑似 毒品 0.23 克经 鉴定 该 疑似 毒品 中 检出 甲基苯丙胺 成分,4
NA,经 审理 查明 2014年10月13日22时 许 被告人 雷某 受申 某某 已判 指使 与 王某某 已判 一起 到 资中县 水南镇 中央大街 地 电 酒楼 门口 将 一小包   <e1>   甲基苯丙胺   </e1>   以 200 元 的 价格 贩卖 给 吸毒 人员 饶某 交易 完成 后 公安 人   <e2>   饶某   </e2>   后 将 饶某 抓获 并 在 其 身上 查获 疑似 毒品 0.23 克经 鉴定 该 疑似 毒品 中 检出 甲基苯丙胺 成分,4
posess,公诉 机关 指控 2013 年 12 月 26 日 凌晨 4 时许 公安人员 在 南昌市 西湖区 桃花 镇 浙商 会 所 附近 将 被告人 喻某 抓获 并 在 其 驾驶 的 一辆 红色 桑塔纳 2000 轿车 内 查获 被告人   <e1>   喻某   </e1>   的 男式 夹 包其 包内 有 毒品   <e2>   冰毒   </e2>   一袋 重 8.8 克 毒品 麻古 一袋 重 8.35克 共计 重 17.15 克经 南昌市 公安 司法鉴定 中心 毒品 检验 鉴定 报告 认定 1 在 送检 编号 为 1 的 白色 结晶 状物 中均 检出 甲基苯丙胺 成份 2 在 送检 编号 为 2 的 圆形 片剂 状物 中均 检出 甲基苯丙胺 成份,2
posess,公诉 机关 指控 2013 年 12 月 26 日 凌晨 4 时许 公安人员 在 南昌市 西湖区 桃花 镇 浙商 会 所 附近 将 被告人 喻某 抓获 并 在 其 驾驶 的 一辆 红色 桑塔纳 2000 轿车 内 查获 被告人   <e1>   喻某   </e1>   的 男式 夹 包其 包内 有 毒品 冰毒 一袋 重 8.8 克 毒品   <e2>   麻古   </e2>   一袋 重 8.35克 共计 重 17.15 克经 南昌市 公安 司法鉴定 中心 毒品 检验 鉴定 报告 认定 1 在 送检 编号 为 1 的 白色 结晶 状物 中均 检出 甲基苯丙胺 成份 2 在 送检 编号 为 2 的 圆形 片剂 状物 中均 检出 甲基苯丙胺 成份,2
NA,公诉 机关 指控 2013 年 12 月 26 日 凌晨 4 时许 公安人员 在 南昌市 西湖区 桃花 镇 浙商 会 所 附近 将 被告人 喻某 抓获 并 在 其 驾驶 的 一辆 红色 桑塔纳 2000 轿车 内 查获 被告人 喻某 的 男式 夹 包其 包内 有 毒品 冰毒 一袋 重 8.8 克 毒品 麻古 一袋 重   <e1>   8.35克   </e1>   共计 重 17.15 克经 南昌市 公安 司法鉴定 中心 毒品 检验 鉴定 报告 认定 1 在 送检 编号 为 1 的 白色 结晶 状物 中均 检出 甲基苯丙胺 成份 2 在 送检 编号 为 2 的 圆形 片剂 状物 中均 检出   <e2>   甲基苯丙胺   </e2>   成份,4
NA,公诉 机关 指控 2013 年 12 月 26 日 凌晨 4 时许 公安人员 在 南昌市 西湖区 桃花 镇 浙商 会 所 附近 将 被告人 喻某 抓获 并 在 其 驾驶 的 一辆 红色 桑塔纳 2000 轿车 内 查获 被告人 喻某 的 男式 夹 包其 包内 有 毒品 冰毒 一袋 重 8.8 克 毒品   <e1>   麻古   </e1>   一袋 重 8.35克 共计 重 17.15 克经 南昌市 公安 司法鉴定 中心 毒品 检验 鉴定 报告 认定 1 在 送检 编号 为 1 的 白色 结晶 状物   <e2>   甲基苯丙胺   </e2>   基 苯丙胺 成份 2 在 送检 编号 为 2 的 圆形 片剂 状物 中均 检出 甲基苯丙胺 成份,4
sell_drugs_to,贺州市 八步区 人民检察院 指控 12014 年 5 月 19 日 晚上 被告人   <e1>   谢某   </e1>   在 贺州市八步区三加村十组魏某某家 向 吸毒 人员   <e2>   黄甲   </e2>   贩卖 了 价值 450 元 的 海洛因 黄甲 将 购买 的 海洛因 与 吸毒 人员 黄某乙 黄某 丙 魏某某 一起 吸食 22014 年 5 月 20 日 晚上 被告人 谢某 在 贺州市八步区三加村十组魏某某家 向 吸毒 人员 黄甲 贩卖 了 价值 300 元 的 海洛因 黄甲 将 购买 的 海洛因 与 吸毒 人员 黄某乙 黄某 丙 魏某某 一起 吸食 公安机关 当场 从 谢某 处 搜 出现 金 341 元 和 用 两个 白色 塑料瓶 装 的 三 小包 疑似 毒品 海洛因 净重 1.19 克经 鉴定 扣押 的 疑似 毒品 检出 海洛因 为 证实 指控 的 事实 公诉人 当庭 讯问 了 被告人 宣读 并 出示 了 相关 的 证据 认为 被告人 谢某 的 行为 确 已触犯 中华人民共和国 刑法 第三 百 四十七 条 之 规定 应 以 贩卖毒品 罪 追究其 刑事责任,1
traffic_in,贺州市 八步区 人民检察院 指控 12014 年 5 月 19 日 晚上 被告人   <e1>   谢某   </e1>   在 贺州市八步区三加村十组魏某某家 向 吸毒 人员 黄甲 贩卖 了 价值 450 元 的   <e2>   海洛因   </e2>   黄甲 将 购买 的 海洛因 与 吸毒 人员 黄某乙 黄某 丙 魏某某 一起 吸食 22014 年 5 月 20 日 晚上 被告人 谢某 在 贺州市八步区三加村十组魏某某家 向 吸毒 人员 黄甲 贩卖 了 价值 300 元 的 海洛因 黄甲 将 购买 的 海洛因 与 吸毒 人员 黄某乙 黄某 丙 魏某某 一起 吸食 公安机关 当场 从 谢某 处 搜 出现 金 341 元 和 用 两个 白色 塑料瓶 装 的 三 小包 疑似 毒品 海洛因 净重 1.19 克经 鉴定 扣押 的 疑似 毒品 检出 海洛因 为 证实 指控 的 事实 公诉人 当庭 讯问 了 被告人 宣读 并 出示 了 相关 的 证据 认为 被告人 谢某 的 行为 确 已触犯 中华人民共和国 刑法 第三 百 四十七 条 之 规定 应 以 贩卖毒品 罪 追究其 刑事责任,0
sell_drugs_to,贺州市 八步区 人民检察院 指控 12014 年 5 月 19 日 晚上 被告人 谢某 在 贺州市八步区三加村十组魏某某家 向 吸毒 人员 黄甲 贩卖 了 价值 450 元 的 海洛因 黄甲 将 购买 的 海洛因 与 吸毒 人员 黄某乙 黄某 丙 魏某某 一起 吸食 22014 年 5 月 20 日 晚上 被告人   <e1>   谢某   </e1>   在 贺州市八步区三加村十组魏某某家 向 吸毒 人员   <e2>   黄甲   </e2>   贩卖 了 价值 300 元 的 海洛因 黄甲 将 购买 的 海洛因 与 吸毒 人员 黄某乙 黄某 丙 魏某某 一起 吸食 公安机关 当场 从 谢某 处 搜 出现 金 341 元 和 用 两个 白色 塑料瓶 装 的 三 小包 疑似 毒品 海洛因 净重 1.19 克经 鉴定 扣押 的 疑似 毒品 检出 海洛因 为 证实 指控 的 事实 公诉人 当庭 讯问 了 被告人 宣读 并 出示 了 相关 的 证据 认为 被告人 谢某 的 行为 确 已触犯 中华人民共和国 刑法 第三 百 四十七 条 之 规定 应 以 贩卖毒品 罪 追究其 刑事责任,1
traffic_in,贺州市 八步区 人民检察院 指控 12014 年 5 月 19 日 晚上 被告人 谢某 在 贺州市八步区三加村十组魏某某家 向 吸毒 人员 黄甲 贩卖 了 价值 450 元 的 海洛因 黄甲 将 购买 的 海洛因 与 吸毒 人员 黄某乙 黄某 丙 魏某某 一起 吸食 22014 年 5 月 20 日 晚上 被告人   <e1>   谢某   </e1>   在 贺州市八步区三加村十组魏某某家 向 吸毒 人员 黄甲 贩卖 了 价值 300 元 的   <e2>   海洛因   </e2>   黄甲 将 购买 的 海洛因 与 吸毒 人员 黄某乙 黄某 丙 魏某某 一起 吸食 公安机关 当场 从 谢某 处 搜 出现 金 341 元 和 用 两个 白色 塑料瓶 装 的 三 小包 疑似 毒品 海洛因 净重 1.19 克经 鉴定 扣押 的 疑似 毒品 检出 海洛因 为 证实 指控 的 事实 公诉人 当庭 讯问 了 被告人 宣读 并 出示 了 相关 的 证据 认为 被告人 谢某 的 行为 确 已触犯 中华人民共和国 刑法 第三 百 四十七 条 之 规定 应 以 贩卖毒品 罪 追究其 刑事责任,0
NA,贺州市 八步区 人民检察院 指控 12014 年 5 月 19 日 晚上 被告人 谢某 在 贺州市八步区三加村十组魏某某家 向 吸毒 人员 黄甲 贩卖 了 价值 450 元 的 海洛因   <e1>   黄甲   </e1>   将 购买 的 海洛因 与 吸毒 人员 黄某乙 黄某 丙 魏某某 一起 吸食 22014 年 5 月 20 日 晚上 被告   <e2>   贺州市八步区三加村十组魏某某家   </e2>   魏某某 家向 吸毒 人员 黄甲 贩卖 了 价值 300 元 的 海洛因 黄甲 将 购买 的 海洛因 与 吸毒 人员 黄某乙 黄某 丙 魏某某 一起 吸食 公安机关 当场 从 谢某 处 搜 出现 金 341 元 和 用 两个 白色 塑料瓶 装 的 三 小包 疑似 毒品 海洛因 净重 1.19 克经 鉴定 扣押 的 疑似 毒品 检出 海洛因 为 证实 指控 的 事实 公诉人 当庭 讯问 了 被告人 宣读 并 出示 了 相关 的 证据 认为 被告人 谢某 的 行为 确 已触犯 中华人民共和国 刑法 第三 百 四十七 条 之 规定 应 以 贩卖毒品 罪 追究其 刑事责任,4
NA,贺州市 八步区 人民检察院 指控 12014 年 5 月 19 日 晚上 被告人 谢某 在   <e1>   贺州市八步区三加村十组魏某某家   </e1>   向 吸毒 人员 黄甲 贩卖 了 价值 450 元 的 海洛因 黄甲 将 购买 的 海洛因 与 吸毒 人员   <e2>   黄某乙   </e2>   黄某 丙 魏某某 一起 吸食 22014 年 5 月 20 日 晚上 被告人 谢某 在 贺州市八步区三加村十组魏某某家 向 吸毒 人员 黄甲 贩卖 了 价值 300 元 的 海洛因 黄甲 将 购买 的 海洛因 与 吸毒 人员 黄某乙 黄某 丙 魏某某 一起 吸食 公安机关 当场 从 谢某 处 搜 出现 金 341 元 和 用 两个 白色 塑料瓶 装 的 三 小包 疑似 毒品 海洛因 净重 1.19 克经 鉴定 扣押 的 疑似 毒品 检出 海洛因 为 证实 指控 的 事实 公诉人 当庭 讯问 了 被告人 宣读 并 出示 了 相关 的 证据 认为 被告人 谢某 的 行为 确 已触犯 中华人民共和国 刑法 第三 百 四十七 条 之 规定 应 以 贩卖毒品 罪 追究其 刑事责任,4
posess,公诉 机关 指控 被告人   <e1>   赵某   </e1>   于 2014 年 1 月 10 日 乘坐 福建 至 哈尔滨 的 长途客车 行至 烟台港环海路 客运站 时 民警 在 其 携带 的 手提袋 内 查获   <e2>   冰毒   </e2>   145.9 6克 经 检验 上述 毒品 含有 甲基苯丙胺 成分 被告人 赵某 的 尿液 检测 结果 呈 阳性,2
NA,公诉 机关 指控 被告人 赵某 于 2014 年 1 月 10 日 乘坐 福建 至 哈尔滨 的 长途客车 行至   <e1>   烟台港环海路   </e1>   客运站 时 民警 在 其 携带 的 手提袋 内 查获 冰毒 145.9 6克 经 检验 上述   <e2>   甲基苯丙胺   </e2>   基 苯丙胺 成分 被告人 赵某 的 尿液 检测 结果 呈 阳性,4
NA,公诉 机关 指控 被告人 赵某 于 2014 年 1 月 10 日 乘坐   <e1>   福建   </e1>   至 哈尔滨 的 长途客车 行至   <e2>   烟台港环海路   </e2>   客运站 时 民警 在 其 携带 的 手提袋 内 查获 冰毒 145.9 6克 经 检验 上述 毒品 含有 甲基苯丙胺 成分 被告人 赵某 的 尿液 检测 结果 呈 阳性,4
provide_shelter_for,广西壮族自治区 柳城县 人民检察院 指控 2015 年 6 月 3 日晚 被告人   <e1>   谢某   </e1>   容留   <e2>   李某乙   </e2>   李某甲 覃某甲 彭某 张某甲 等 人 在 柳城县 东泉 镇森堡 ktv 贵宾 l0 号 包厢 内 吸食毒品 氯胺酮 俗称 k粉,3
provide_shelter_for,广西壮族自治区 柳城县 人民检察院 指控 2015 年 6 月 3 日晚 被告人   <e1>   谢某   </e1>   容留 李某乙   <e2>   李某甲   </e2>   覃某甲 彭某 张某甲 等 人 在 柳城县 东泉 镇森堡 ktv 贵宾 l0 号 包厢 内 吸食毒品 氯胺酮 俗称 k粉,3
provide_shelter_for,广西壮族自治区 柳城县 人民检察院 指控 2015 年 6 月 3 日晚 被告人   <e1>   谢某   </e1>   容留 李某乙 李某甲   <e2>   覃某甲   </e2>   彭某 张某甲 等 人 在 柳城县 东泉 镇森堡 ktv 贵宾 l0 号 包厢 内 吸食毒品 氯胺酮 俗称 k粉,3
provide_shelter_for,广西壮族自治区 柳城县 人民检察院 指控 2015 年 6 月 3 日晚 被告人   <e1>   谢某   </e1>   容留 李某乙 李某甲 覃某甲   <e2>   彭某   </e2>   张某甲 等 人 在 柳城县 东泉 镇森堡 ktv 贵宾 l0 号 包厢 内 吸食毒品 氯胺酮 俗称 k粉,3
provide_shelter_for,广西壮族自治区 柳城县 人民检察院 指控 2015 年 6 月 3 日晚 被告人   <e1>   谢某   </e1>   容留 李某乙 李某甲 覃某甲 彭某   <e2>   张某甲   </e2>   等 人 在 柳城县 东泉 镇森堡 ktv 贵宾 l0 号 包厢 内 吸食毒品 氯胺酮 俗称 k粉,3
NA,广西壮族自治区 柳城县 人民检察院 指控 2015 年 6 月 3 日晚 被告人   <e1>   谢某   </e1>   容留 李某乙 李某甲 覃某甲 彭某 张某甲 等 人 在 柳城县 东泉 镇森堡 ktv 贵宾 l0 号 包厢 内 吸食毒品 氯胺酮 俗称   <e2>   k粉   </e2>  ,4
NA,广西壮族自治区 柳城县 人民检察院 指控 2015 年 6 月 3 日晚 被告人 谢某 容留 李某乙   <e1>   李某甲   </e1>   覃某甲 彭某   <e2>   张某甲   </e2>   等 人 在 柳城县 东泉 镇森堡 ktv 贵宾 l0 号 包厢 内 吸食毒品 氯胺酮 俗称 k粉,4
traffic_in,田阳县 人民检察院 指控 2016 年 11月 1 4日 13 时许 被告人   <e1>   黄某某   </e1>   在 田阳县 田州镇 三雷 林场 廉租房 小区 8 栋 1 单元 204 号房 内以 50 元 的 价格 贩卖 1 啡 净重 约 0.07克 毒品   <e2>   海洛因   </e2>   给 李某 次日 13 时许 被告人 黄某某 又 在 上述 地点 以 200 元 的 价格 贩卖 4 啡 净重 约 0.29克 毒品 海洛因 给 罗某 同日 14 时许 民警 将 黄某某 抓获 后 从 其 家中 查获 疑似 毒品 海洛因 36 粒 经过 称 净重 2.18 克经 鉴定 从 上述 缴获 疑似 毒品 海洛因 中 检出 海洛因 同日 被告人 黄某某 被 抓获 到案 后 对 其 罪行 供认不讳,0
sell_drugs_to,田阳县 人民检察院 指控 2016 年 11月 1 4日 13 时许 被告人   <e1>   黄某某   </e1>   在 田阳县 田州镇 三雷 林场 廉租房 小区 8 栋 1 单元 204 号房 内以 50 元 的 价格 贩卖 1 啡 净重 约 0.07克 毒品 海洛因 给   <e2>   李某   </e2>   次日 13 时许 被告人 黄某某 又 在 上述 地点 以 200 元 的 价格 贩卖 4 啡 净重 约 0.29克 毒品 海洛因 给 罗某 同日 14 时许 民警 将 黄某某 抓获 后 从 其 家中 查获 疑似 毒品 海洛因 36 粒 经过 称 净重 2.18 克经 鉴定 从 上述 缴获 疑似 毒品 海洛因 中 检出 海洛因 同日 被告人 黄某某 被 抓获 到案 后 对 其 罪行 供认不讳,1
traffic_in,田阳县 人民检察院 指控 2016 年 11月 1 4日 13 时许 被告人 黄某某 在 田阳县 田州镇 三雷 林场 廉租房 小区 8 栋 1 单元 204 号房 内以 50 元 的 价格 贩卖 1 啡 净重 约 0.07克 毒品 海洛因 给 李某 次日 13 时许 被告人   <e1>   黄某某   </e1>   又 在 上述 地点 以 200 元 的 价格 贩卖 4 啡 净重 约 0.29克 毒品   <e2>   海洛因   </e2>   给 罗某 同日 14 时许 民警 将 黄某某 抓获 后 从 其 家中 查获 疑似 毒品 海洛因 36 粒 经过 称 净重 2.18 克经 鉴定 从 上述 缴获 疑似 毒品 海洛因 中 检出 海洛因 同日 被告人 黄某某 被 抓获 到案 后 对 其 罪行 供认不讳,0
sell_drugs_to,田阳县 人民检察院 指控 2016 年 11月 1 4日 13 时许 被告人 黄某某 在 田阳县 田州镇 三雷 林场 廉租房 小区 8 栋 1 单元 204 号房 内以 50 元 的 价格 贩卖 1 啡 净重 约 0.07克 毒品 海洛因 给 李某 次日 13 时许 被告人   <e1>   黄某某   </e1>   又 在 上述 地点 以 200 元 的 价格 贩卖 4 啡 净重 约 0.29克 毒品 海洛因 给   <e2>   罗某   </e2>   同日 14 时许 民警 将 黄某某 抓获 后 从 其 家中 查获 疑似 毒品 海洛因 36 粒 经过 称 净重 2.18 克经 鉴定 从 上述 缴获 疑似 毒品 海洛因 中 检出 海洛因 同日 被告人 黄某某 被 抓获 到案 后 对 其 罪行 供认不讳,1
NA,田阳县 人民检察院 指控 2016 年 11月 1 4日 13 时许 被告人 黄某某 在 田阳县 田州镇 三雷 林场 廉租房 小区 8 栋 1 单元 204 号房 内以 50 元 的 价格 贩卖 1 啡 净重 约 0.07克 毒品 海洛因 给   <e1>   李某   </e1>   次日 13 时许 被告人 黄某某 又 在 上述 地点 以 200 元 的 价格 贩卖 4 啡 净重 约 0.29克 毒品   <e2>   海洛因   </e2>   给 罗某 同日 14 时许 民警 将 黄某某 抓获 后 从 其 家中 查获 疑似 毒品 海洛因 36 粒 经过 称 净重 2.18 克经 鉴定 从 上述 缴获 疑似 毒品 海洛因 中 检出 海洛因 同日 被告人 黄某某 被 抓获 到案 后 对 其 罪行 供认不讳,4
NA,田阳县 人民检察院 指控 2016 年 11月 1 4日 13 时许 被告人 黄某某 在 田阳县 田州镇 三雷 林场 廉租房 小区 8 栋 1 单元 204 号房 内以 50 元 的 价格 贩卖 1 啡 净重 约 0.07克 毒品 海洛因 给 李某 次日 13 时许 被告人   <e1>   黄某某   </e1>   又 在 上述 地点 以 200 元 的 价格 贩卖 4 啡 净重 约   <e2>   0.29克   </e2>   毒品 海洛因 给 罗某 同日 14 时许 民警 将 黄某某 抓获 后 从 其 家中 查获 疑似 毒品 海洛因 36 粒 经过 称 净重 2.18 克经 鉴定 从 上述 缴获 疑似 毒品 海洛因 中 检出 海洛因 同日 被告人 黄某某 被 抓获 到案 后 对 其 罪行 供认不讳,4
traffic_in,越西县 人民检察院 指控 2015年3月9日 被告人   <e1>   沙马某某   </e1>   为 牟取 非法 利益 在 越西县越城镇长途汽车站内 贩卖   <e2>   海洛因   </e2>   给 吸毒 人员 吉烈某某 时 被 公安民警 抓获 被 抓获 时 被告人 沙马某某 将 贩卖 的 1 个 白色 海洛因 可疑 物零包 吞食 后 在 医院 救治 下 将 吞食 的 海洛因 可疑 物零包 吐 出经 称量 净重 0.15 1克 并 经 凉山彝族自治州 公安局 物证 鉴定 所 鉴定 检出 海洛因,0
sell_drugs_to,越西县 人民检察院 指控 2015年3月9日 被告人   <e1>   沙马某某   </e1>   为 牟取 非法 利益 在 越西县越城镇长途汽车站内 贩卖 海洛因 给 吸毒 人员   <e2>   吉烈某某   </e2>   时 被 公安民警 抓获 被 抓获 时 被告人 沙马某某 将 贩卖 的 1 个 白色 海洛因 可疑 物零包 吞食 后 在 医院 救治 下 将 吞食 的 海洛因 可疑 物零包 吐 出经 称量 净重 0.15 1克 并 经 凉山彝族自治州 公安局 物证 鉴定 所 鉴定 检出 海洛因,1
NA,越西县 人民检察院 指控 2015年3月9日 被告人 沙马某某 为 牟取 非法 利益 在 越西县越城镇长途汽车站内 贩卖 海洛因 给 吸毒 人员   <e1>   吉烈某某   </e1>   时 被 公安民警 抓获 被 抓获 时 被告人 沙马某某 将 贩卖 的   <e2>   海洛因   </e2>   色 海洛因 可疑 物零包 吞食 后 在 医院 救治 下 将 吞食 的 海洛因 可疑 物零包 吐 出经 称量 净重 0.15 1克 并 经 凉山彝族自治州 公安局 物证 鉴定 所 鉴定 检出 海洛因,4
NA,越西县 人民检察院 指控 2015年3月9日 被告人 沙马某某 为 牟取 非法 利益 在   <e1>   越西县越城镇长途汽车站内   </e1>   贩卖 海洛因 给 吸毒 人员 吉烈某某 时 被 公安民警 抓获 被 抓获 时 被告人 沙马某某 将 贩卖 的 1 个 白色 海洛因 可疑 物零包 吞食 后 在 医院 救治 下 将 吞食 的 海洛因 可疑 物零包 吐 出经 称量 净重 0.15 1克 并 经 凉山彝族自治州 公安局 物证 鉴定 所 鉴定 检出   <e2>   海洛因   </e2>  ,4
traffic_in,公诉 机关 指控 2013年10月30日19时 许 被告人 朱某 为 李某 以 人民币 500 元 的 价格 向   <e1>   董某   </e1>   购买   <e2>   冰毒   </e2>   0.8克 私自 扣留 冰毒 0.19克 被告人 朱某 归案 后 协助 公安机关 抓捕 其他 犯罪 嫌疑人,0
sell_drugs_to,公诉 机关 指控 2013年10月30日19时 许 被告人   <e1>   朱某   </e1>   为 李某 以 人民币 500 元   <e2>   董某   </e2>   格向 董某 购买 冰毒 0.8克 私自 扣留 冰毒 0.19克 被告人 朱某 归案 后 协助 公安机关 抓捕 其他 犯罪 嫌疑人,1
NA,公诉 机关 指控 2013年10月30日19时 许 被告人 朱某 为 李某 以 人民币 500 元 的 价格 向 董某 购买 冰毒   <e1>   0.8克   </e1>   私自 扣留 冰毒   <e2>   0.19克   </e2>   被告人 朱某 归案 后 协助 公安机关 抓捕 其他 犯罪 嫌疑人,4
NA,公诉 机关 指控   <e1>   2013年10月30日19时   </e1>   许 被告人 朱某 为 李某 以 人民币 500 元 的 价格 向   <e2>   冰毒   </e2>   购买 冰毒 0.8克 私自 扣留 冰毒 0.19克 被告人 朱某 归案 后 协助 公安机关 抓捕 其他 犯罪 嫌疑人,4
posess,公诉 机关 指控 2013年1月18日15时 许 被告人   <e1>   廖某某   </e1>   在 杭州市 萧山区 某 街道 某 酒店 内因 吸食毒品 被 公安民警 查获 公安民警 当场 从 其 身上 及 房间内 查获   <e2>   冰毒   </e2>   6 包 麻古 13 粒 半经 鉴定 上述 毒品 净重 13.42克 均 从中 检出 甲基苯丙胺,2
posess,公诉 机关 指控 2013年1月18日15时 许 被告人   <e1>   廖某某   </e1>   在 杭州市 萧山区 某 街道 某 酒店 内因 吸食毒品 被 公安民警 查获 公安民警 当场 从 其 身上 及 房间内 查获 冰毒 6 包   <e2>   麻古   </e2>   13 粒 半经 鉴定 上述 毒品 净重 13.42克 均 从中 检出 甲基苯丙胺,2
NA,公诉 机关 指控 2013年1月18日15时 许 被告人 廖某某 在 杭州市 萧山区 某 街道 某 酒店 内因 吸食毒品 被 公安民警 查获 公安民警 当场 从 其 身上 及 房间内 查获 冰毒 6 包   <e1>   麻古   </e1>   13 粒 半经 鉴定 上述 毒品 净重   <e2>   13.42克   </e2>   均 从中 检出 甲基苯丙胺,4
NA,公诉 机关 指控   <e1>   2013年1月18日15时   </e1>   许 被告人 廖某某 在 杭州市 萧山区 某 街道 某 酒店 内因 吸食毒品 被 公安民警 查获 公安民警 当场 从 其 身上 及 房间内 查获 冰毒 6 包 麻古 13 粒 半经 鉴定 上述 毒品 净重 13.42克 均   <e2>   甲基苯丙胺   </e2>   基 苯丙胺,4
sell_drugs_to,温州市 人民检察院 指控 被告人 肖 金平 与 张波 余海涛 均 已 判刑 合谋 贩卖毒品 牟利 2008 年 2 月 29 日 下午 3 时许 肖 金平 与 毒品 上家洋 娃子 携带 毒品 到 温州市 鹿城区 飞霞 北路 军分区 招待所 将 毒品 K粉 冰毒 交与 张波 余海涛 出售 后   <e1>   张波   </e1>   余海涛 在 军分区 招待所 212 房间 以 人民币 74000 元 的 价格 向   <e2>   林某   </e2>   出售 k粉 2 包 1973 克 冰毒 7 2克 完成 交易 后 张波 余海涛 被 公安人员 当场 抓获 查获 的 毒品 经 鉴定 分别 检出 氯胺酮 成份 甲基苯丙胺 成份 案发后 肖 金平 于 2011年11月17日 向 公安机关 投案 据此 认为 被告人 肖 金平 的 行为 均 已触犯 了 中华人民共和国 刑法 第三 百 四十七 条 第二款 第一项 之 规定 应当 以 贩卖毒品 罪 追究其 刑事责任,1
sell_drugs_to,温州市 人民检察院 指控 被告人 肖 金平 与 张波 余海涛 均 已 判刑 合谋 贩卖毒品 牟利 2008 年 2 月 29 日 下午 3 时许 肖 金平 与 毒品 上家洋 娃子 携带 毒品 到 温州市 鹿城区 飞霞 北路 军分区 招待所 将 毒品 K粉 冰毒 交与 张波 余海涛 出售 后 张波   <e1>   余海涛   </e1>   在 军分区 招待所 212 房间 以 人民币 74000 元 的 价格 向   <e2>   林某   </e2>   出售 k粉 2 包 1973 克 冰毒 7 2克 完成 交易 后 张波 余海涛 被 公安人员 当场 抓获 查获 的 毒品 经 鉴定 分别 检出 氯胺酮 成份 甲基苯丙胺 成份 案发后 肖 金平 于 2011年11月17日 向 公安机关 投案 据此 认为 被告人 肖 金平 的 行为 均 已触犯 了 中华人民共和国 刑法 第三 百 四十七 条 第二款 第一项 之 规定 应当 以 贩卖毒品 罪 追究其 刑事责任,1
traffic_in,温州市 人民检察院 指控 被告人 肖 金平 与 张波 余海涛 均 已 判刑 合谋 贩卖毒品 牟利 2008 年 2 月 29 日 下午 3 时许 肖 金平 与 毒品 上家洋 娃子 携带 毒品 到 温州市 鹿城区 飞霞 北路 军分区 招待所 将 毒品 K粉 冰毒 交与 张波 余海涛 出售 后   <e1>   张波   </e1>   余海涛 在 军分区 招待所 212 房间 以 人民币 74000 元 的 价格 向 林某 出售   <e2>   k粉   </e2>   2 包 1973 克 冰毒 7 2克 完成 交易 后 张波 余海涛 被 公安人员 当场 抓获 查获 的 毒品 经 鉴定 分别 检出 氯胺酮 成份 甲基苯丙胺 成份 案发后 肖 金平 于 2011年11月17日 向 公安机关 投案 据此 认为 被告人 肖 金平 的 行为 均 已触犯 了 中华人民共和国 刑法 第三 百 四十七 条 第二款 第一项 之 规定 应当 以 贩卖毒品 罪 追究其 刑事责任,0
traffic_in,温州市 人民检察院 指控 被告人 肖 金平 与 张波 余海涛 均 已 判刑 合谋 贩卖毒品 牟利 2008 年 2 月 29 日 下午 3 时许 肖 金平 与 毒品 上家洋 娃子 携带 毒品 到 温州市 鹿城区 飞霞 北路 军分区 招待所 将 毒品 K粉 冰毒 交与 张波 余海涛 出售 后   <e1>   张波   </e1>   余海涛 在 军分区 招待所 212 房间 以 人民币 74000 元 的 价格 向 林某 出售 k粉 2 包 1973 克   <e2>   冰毒   </e2>   7 2克 完成 交易 后 张波 余海涛 被 公安人员 当场 抓获 查获 的 毒品 经 鉴定 分别 检出 氯胺酮 成份 甲基苯丙胺 成份 案发后 肖 金平 于 2011年11月17日 向 公安机关 投案 据此 认为 被告人 肖 金平 的 行为 均 已触犯 了 中华人民共和国 刑法 第三 百 四十七 条 第二款 第一项 之 规定 应当 以 贩卖毒品 罪 追究其 刑事责任,0
traffic_in,温州市 人民检察院 指控 被告人 肖 金平 与 张波 余海涛 均 已 判刑 合谋 贩卖毒品 牟利 2008 年 2 月 29 日 下午 3 时许 肖 金平 与 毒品 上家洋 娃子 携带 毒品 到 温州市 鹿城区 飞霞 北路 军分区 招待所 将 毒品 K粉 冰毒 交与 张波 余海涛 出售 后 张波   <e1>   余海涛   </e1>   在 军分区 招待所 212 房间 以 人民币 74000 元 的 价格 向 林某 出售   <e2>   k粉   </e2>   2 包 1973 克 冰毒 7 2克 完成 交易 后 张波 余海涛 被 公安人员 当场 抓获 查获 的 毒品 经 鉴定 分别 检出 氯胺酮 成份 甲基苯丙胺 成份 案发后 肖 金平 于 2011年11月17日 向 公安机关 投案 据此 认为 被告人 肖 金平 的 行为 均 已触犯 了 中华人民共和国 刑法 第三 百 四十七 条 第二款 第一项 之 规定 应当 以 贩卖毒品 罪 追究其 刑事责任,0
traffic_in,温州市 人民检察院 指控 被告人 肖 金平 与 张波 余海涛 均 已 判刑 合谋 贩卖毒品 牟利 2008 年 2 月 29 日 下午 3 时许 肖 金平 与 毒品 上家洋 娃子 携带 毒品 到 温州市 鹿城区 飞霞 北路 军分区 招待所 将 毒品 K粉 冰毒 交与 张波 余海涛 出售 后 张波   <e1>   余海涛   </e1>   在 军分区 招待所 212 房间 以 人民币 74000 元 的 价格 向 林某 出售 k粉 2 包 1973 克   <e2>   冰毒   </e2>   7 2克 完成 交易 后 张波 余海涛 被 公安人员 当场 抓获 查获 的 毒品 经 鉴定 分别 检出 氯胺酮 成份 甲基苯丙胺 成份 案发后 肖 金平 于 2011年11月17日 向 公安机关 投案 据此 认为 被告人 肖 金平 的 行为 均 已触犯 了 中华人民共和国 刑法 第三 百 四十七 条 第二款 第一项 之 规定 应当 以 贩卖毒品 罪 追究其 刑事责任,0
NA,温州市 人民检察院 指控 被告人 肖 金平 与 张波 余海涛 均 已 判刑 合谋 贩卖毒品 牟利 2008 年 2 月 29 日 下午 3 时许 肖 金平 与 毒品 上家洋 娃子 携带 毒品 到 温州市 鹿城区 飞霞 北路 军分区 招待所 将 毒品 K粉 冰毒 交与 张波   <e1>   余海涛   </e1>   出售 后 张波 余海涛 在 军分区 招待所 212 房间 以 人民币 74000 元 的 价格 向 林某 出售 k粉 2 包 1973 克 冰毒 7 2克 完成 交易 后 张波 余海涛 被 公安人员 当场 抓获 查获 的 毒品 经 鉴定 分别 检出 氯胺酮 成份   <e2>   甲基苯丙胺   </e2>   成份 案发后 肖 金平 于 2011年11月17日 向 公安机关 投案 据此 认为 被告人 肖 金平 的 行为 均 已触犯 了 中华人民共和国 刑法 第三 百 四十七 条 第二款 第一项 之 规定 应当 以 贩卖毒品 罪 追究其 刑事责任,4
NA,温州市 人民检察院 指控 被告人 肖 金平 与 张波 余海涛 均 已 判刑 合谋 贩卖毒品 牟利 2008 年 2 月 29 日 下午 3 时许 肖 金平 与 毒品 上家洋 娃子 携带 毒品 到 温州市 鹿城区 飞霞 北路 军分区 招待所 将 毒品 K粉 冰毒 交与 张波 余海涛 出售 后 张波 余海涛 在 军分区 招待所 212 房间 以 人民币 74000 元 的 价格 向 林某 出售 k粉 2 包 1973 克 冰毒 7 2克 完成 交易 后 张波 余海涛 被 公安人员 当场 抓获 查获 的 毒品 经 鉴定 分别 检出 氯胺酮 成份   <e1>   甲基苯丙胺   </e1>   成份 案发后   <e2>   2011年11月17日   </e2>   月 1 7日 向 公安机关 投案 据此 认为 被告人 肖 金平 的 行为 均 已触犯 了 中华人民共和国 刑法 第三 百 四十七 条 第二款 第一项 之 规定 应当 以 贩卖毒品 罪 追究其 刑事责任,4
sell_drugs_to,经 审理 查明 2015 年 11月 8 日 下午 桂某某 范某 欲 购买 毒品 吸食 由 桂某某 打电话 联系 朱某某 要 其 帮忙 联系 被告人 李某 购买 毒品 朱某某 联系 李某 并 约定 在 余江县 锦江镇錦峰网吧对面的院子 里 交易 毒品 之后 桂某某 朱某某 范某 三人 骑 摩托车 到 锦江镇錦峰网吧对面的院子 内 桂某某 交给 朱某某 100 元 钱   <e1>   李某   </e1>   到 院子 内卖 给   <e2>   朱某某   </e2>   两 小袋 冰毒 朱某某 支付 李某 100 元 钱 后 桂某某 朱某某 范某 锦江 镇兰桥 附近 的 一间 老 屋内 吸食毒品,1
traffic_in,经 审理 查明 2015 年 11月 8 日 下午 桂某某 范某 欲 购买 毒品 吸食 由 桂某某 打电话 联系 朱某某 要 其 帮忙 联系 被告人 李某 购买 毒品 朱某某 联系 李某 并 约定 在 余江县 锦江镇錦峰网吧对面的院子 里 交易 毒品 之后 桂某某 朱某某 范某 三人 骑 摩托车 到 锦江镇錦峰网吧对面的院子 内 桂某某 交给 朱某某 100 元 钱   <e1>   李某   </e1>   到 院子 内卖 给 朱某某 两 小袋   <e2>   冰毒   </e2>   朱某某 支付 李某 100 元 钱 后 桂某某 朱某某 范某 锦江 镇兰桥 附近 的 一间 老 屋内 吸食毒品,0
NA,经 审理 查明 2015 年 11月 8 日 下午 桂某某 范某 欲 购买 毒品 吸食 由 桂某某 打电话 联系 朱某某 要 其 帮忙 联系 被告人 李某 购买 毒品 朱某某 联系 李某 并 约定 在 余江县 锦江镇錦峰网吧对面的院子 里 交易 毒品 之后 桂某某 朱某某 范某 三人 骑 摩托车 到   <e1>   锦江镇錦峰网吧对面的院子   </e1>   内 桂某某 交给 朱某某 100 元 钱 李某 到 院子 内卖 给 朱某某 两 小袋 冰毒 朱某某 支付 李某 100 元 钱 后   <e2>   桂某某   </e2>   朱某某 范某 锦江 镇兰桥 附近 的 一间 老 屋内 吸食毒品,4
NA,经 审理 查明 2015 年 11月 8 日 下午 桂某某 范某 欲 购买 毒品 吸食 由 桂某某 打电话 联系 朱某某 要 其 帮忙 联系 被告人 李某 购买 毒品 朱某某 联系 李某 并 约定 在 余江县 锦江镇錦峰网吧对面的院子 里 交易 毒品 之后 桂某某   <e1>   朱某某   </e1>   范某 三人 骑 摩托车 到 锦江镇錦峰网吧对面的院子 内 桂某某 交给 朱某某 100 元 钱 李某 到 院子 内卖 给 朱某某 两 小袋 冰毒 朱某某 支付 李某 100 元 钱 后 桂某某 朱某某   <e2>   范某   </e2>   锦江 镇兰桥 附近 的 一间 老 屋内 吸食毒品,4
traffic_in,经 审理 查明 2014 年 5月7日 晚 21 时许 被告人   <e1>   陶秋英   </e1>   在 武汉市 新洲区 邾 城街 九豪 花园 的 家中 以 人民币 300 元 的 价格 将 6 颗   <e2>   麻果   </e2>   卖 给 胡某 后 在 现场 警戒 埋伏 的 公安民警 将 被告人 陶秋英 抓获 并 收缴 已 交易 的 麻果 6 颗及 毒资 人民币 300 元 公安机关 还 在 被告人 陶秋英 家中 搜查 出 麻果 223 颗 及 冰毒 若干 袋经 武汉市公安局 毒品 检测 中心 鉴定 被告人 陶秋英 所 贩卖 的 塑料袋 装 红色 圆形 片剂 1 包 净重 0.50 克 搜出 的 塑料袋 装 红色 圆形 片剂 2 包 麻果 223 颗 净重 20.83 克 搜出 的 塑料袋 装 白色晶体 颗粒 冰毒 20 包 净重 31.19 克 上述 物品 均 为 毒品 甲基苯丙胺 公安机关 将 被告人 陶秋英 口头 传唤 至 公安机关 接受 调查 被告人 陶秋英 如实 供述 了 自己 的 犯罪事实 次日 被 刑事拘留,0
sell_drugs_to,经 审理 查明 2014 年 5月7日 晚 21 时许 被告人   <e1>   陶秋英   </e1>   在 武汉市 新洲区 邾 城街 九豪 花园 的 家中 以 人民币 300 元 的 价格 将 6 颗 麻果 卖 给   <e2>   胡某   </e2>   后 在 现场 警戒 埋伏 的 公安民警 将 被告人 陶秋英 抓获 并 收缴 已 交易 的 麻果 6 颗及 毒资 人民币 300 元 公安机关 还 在 被告人 陶秋英 家中 搜查 出 麻果 223 颗 及 冰毒 若干 袋经 武汉市公安局 毒品 检测 中心 鉴定 被告人 陶秋英 所 贩卖 的 塑料袋 装 红色 圆形 片剂 1 包 净重 0.50 克 搜出 的 塑料袋 装 红色 圆形 片剂 2 包 麻果 223 颗 净重 20.83 克 搜出 的 塑料袋 装 白色晶体 颗粒 冰毒 20 包 净重 31.19 克 上述 物品 均 为 毒品 甲基苯丙胺 公安机关 将 被告人 陶秋英 口头 传唤 至 公安机关 接受 调查 被告人 陶秋英 如实 供述 了 自己 的 犯罪事实 次日 被 刑事拘留,1
NA,经 审理 查明 2014 年 5月7日 晚 21 时许 被告人 陶秋英 在 武汉市 新洲区 邾 城街 九豪 花园 的 家中 以 人民币 300 元 的 价格 将 6 颗 麻果 卖 给   <e1>   胡某   </e1>   后 在 现场 警戒 埋伏 的 公安民警 将 被告人 陶秋英 抓获 并 收缴 已 交易 的 麻果 6 颗及 毒资 人民币 300 元 公安机关 还 在 被告人 陶秋英 家中 搜查 出 麻果 223 颗 及 冰毒 若干 袋经 武汉市公安局 毒品 检测 中心 鉴定 被告人 陶秋英 所 贩卖 的 塑料袋 装 红色 圆形 片剂 1 包 净重 0.50 克 搜出 的 塑料袋 装 红色 圆形 片剂 2 包 麻果 223 颗 净重 20.83 克 搜出 的 塑料袋 装 白色晶体   <e2>   冰毒   </e2>   冰毒 20 包 净重 31.19 克 上述 物品 均 为 毒品 甲基苯丙胺 公安机关 将 被告人 陶秋英 口头 传唤 至 公安机关 接受 调查 被告人 陶秋英 如实 供述 了 自己 的 犯罪事实 次日 被 刑事拘留,4
NA,经 审理 查明 2014 年 5月7日 晚 21 时许 被告人 陶秋英 在 武汉市 新洲区 邾 城街 九豪 花园 的 家中 以 人民币 300 元 的 价格 将 6 颗 麻果 卖 给 胡某 后 在 现场 警戒 埋伏 的 公安民警 将 被告人 陶秋英 抓获 并 收缴 已 交易 的   <e1>   麻果   </e1>   6 颗及 毒资 人民币 300 元 公安机关 还 在 被告人 陶秋英 家中 搜查 出 麻果 223 颗 及 冰毒 若干 袋经 武汉市公安局 毒品 检测 中心 鉴定 被告人   <e2>   陶秋英   </e2>   所 贩卖 的 塑料袋 装 红色 圆形 片剂 1 包 净重 0.50 克 搜出 的 塑料袋 装 红色 圆形 片剂 2 包 麻果 223 颗 净重 20.83 克 搜出 的 塑料袋 装 白色晶体 颗粒 冰毒 20 包 净重 31.19 克 上述 物品 均 为 毒品 甲基苯丙胺 公安机关 将 被告人 陶秋英 口头 传唤 至 公安机关 接受 调查 被告人 陶秋英 如实 供述 了 自己 的 犯罪事实 次日 被 刑事拘留,4
provide_shelter_for,公诉 机关 指控 2014 年 4 月 某日 5月某日 被告人   <e1>   刘某   </e1>   先后 两次 在 其 位于 青岛市 城阳区 夏庄 街道 某 社区 6 号楼 3 单元 202 户 暂住 处 容留   <e2>   尹某   </e2>   吸食 甲基苯丙胺 俗称 冰毒 后 被 公安机关 抓获归案,3
NA,公诉 机关 指控 2014 年 4 月 某日   <e1>   5月某日   </e1>   被告人 刘某 先后 两次 在 其 位于 青岛市 城阳区 夏庄 街道 某 社区 6 号楼 3 单元 202 户 暂住   <e2>   尹某   </e2>   容留 尹某 吸食 甲基苯丙胺 俗称 冰毒 后 被 公安机关 抓获归案,4
NA,公诉 机关 指控 2014 年 4 月 某日 5月某日 被告人 刘某 先后 两次 在 其 位于 青岛市 城阳区 夏庄 街道 某 社区 6 号楼 3 单元 202 户 暂住 处 容留 尹某 吸食   <e1>   甲基苯丙胺   </e1>   俗称   <e2>   冰毒   </e2>   后 被 公安机关 抓获归案,4
provide_shelter_for,经 审理 查明 2014 年 4 月 16 日 14 时许 被告人   <e1>   俞培勇   </e1>   驾驶 牌号 为 赣 H1 XX XX 的 朗 逸 轿车 至 上海市 宝山区 大华 三路 XXX 号 恒凯   <e2>   王某某   </e2>   与 王某某 在 该 宾馆 406 房间内 一同 吸食毒品 被 上海市公安局 宝山 分局 民警 当场 抓获 并 从 其 随身携带 的 包内 缴获 甲基苯丙胺 0.72克 后 在 民警 欲 对 被告人 俞培勇 驾驶 车辆 进行 搜查 时其 又 主动 交代 了 藏匿在 该 车辆 左 前 车门 内槽 处 的 甲基苯丙胺 54.6 2克 被告人 俞培勇 到案 后 对 上述 犯罪事实 亦 供认不讳,3
posess,经 审理 查明 2014 年 4 月 16 日 14 时许 被告人 俞培勇 驾驶 牌号 为 赣 H1 XX XX 的 朗 逸 轿车 至 上海市 宝山区 大华 三路 XXX 号 恒凯 宾馆 与 王某某 在 该 宾馆 406 房间内 一同 吸食毒品 被 上海市公安局 宝山 分局 民警 当场 抓获 并 从 其 随身携带 的 包内 缴获 甲基苯丙胺 0.72克 后 在 民警 欲 对 被告人   <e1>   俞培勇   </e1>   驾驶 车辆 进行 搜查 时其 又 主动 交代 了 藏匿在 该 车辆 左 前 车门 内槽 处 的   <e2>   甲基苯丙胺   </e2>   54.6 2克 被告人 俞培勇 到案 后 对 上述 犯罪事实 亦 供认不讳,2
NA,经 审理 查明 2014 年 4 月 16 日 14 时许 被告人   <e1>   俞培勇   </e1>   驾驶 牌号 为 赣 H1 XX XX 的 朗 逸 轿车 至 上海市 宝山区 大华 三路 XXX 号 恒凯 宾馆 与 王某某 在 该 宾馆 406 房间内 一同 吸食毒品 被 上海市公安局 宝山 分局 民警 当场 抓获 并 从 其 随身携带 的 包内 缴获   <e2>   甲基苯丙胺   </e2>   0.72克 后 在 民警 欲 对 被告人 俞培勇 驾驶 车辆 进行 搜查 时其 又 主动 交代 了 藏匿在 该 车辆 左 前 车门 内槽 处 的 甲基苯丙胺 54.6 2克 被告人 俞培勇 到案 后 对 上述 犯罪事实 亦 供认不讳,4
NA,经 审理 查明 2014 年 4 月 16 日 14 时许 被告人 俞培勇 驾驶 牌号 为 赣 H1 XX XX 的 朗 逸 轿车 至 上海市 宝山区 大华 三路 XXX 号 恒凯 宾馆 与 王某某 在 该 宾馆 406 房间内 一同 吸食毒品 被 上海市公安局 宝山 分局 民警 当场 抓获 并 从 其 随身携带 的 包内 缴获   <e1>   甲基苯丙胺   </e1>     <e2>   0.72克   </e2>   后 在 民警 欲 对 被告人 俞培勇 驾驶 车辆 进行 搜查 时其 又 主动 交代 了 藏匿在 该 车辆 左 前 车门 内槽 处 的 甲基苯丙胺 54.6 2克 被告人 俞培勇 到案 后 对 上述 犯罪事实 亦 供认不讳,4
posess,湖北省 武汉市 青山区 人民检察院 指控 2016 年 1 月 20 日 下午 3 时许 公安干警 在 武汉市 青山区 武汉 科技 大学 三弓路 路口 对 被告人   <e1>   刘某某   </e1>   进行 盘查 时 查获 其 随身携带 疑似 毒品   <e2>   甲基苯丙胺   </e2>   白色晶体 颗粒 俗称 冰毒 1 包经 鉴定 上述 被 收缴 的 物品 为 毒品 甲基苯丙胺 共重 48.6 1克,2
NA,湖北省 武汉市 青山区 人民检察院 指控 2016 年 1 月 20 日 下午 3 时许 公安干警 在 武汉市 青山区 武汉 科技 大学 三弓路 路口 对 被告人 刘某某 进行 盘查 时 查获 其 随身携带 疑似 毒品   <e1>   甲基苯丙胺   </e1>   白色晶体 颗粒 俗称 冰毒 1 包经 鉴定 上述 被 收缴 的 物   <e2>   甲基苯丙胺   </e2>   基 苯丙胺 共重 48.6 1克,4
NA,湖北省 武汉市 青山区 人民检察院 指控 2016 年 1 月 20 日 下午 3 时许 公安干警 在 武汉市 青山区 武汉 科技 大学 三弓路 路口 对 被告人 刘某某 进行 盘查 时 查获 其 随身携带 疑似 毒品 甲基苯丙胺 白色晶体 颗粒 俗称   <e1>   冰毒   </e1>   1 包经 鉴定 上述 被 收缴 的 物   <e2>   甲基苯丙胺   </e2>   基 苯丙胺 共重 48.6 1克,4
sell_drugs_to,经 审理 查明 2014 年 6 月 至 8 月 期间 被告人   <e1>   喻某   </e1>   经 事先 电话 联系 后 在 无锡市 新区 南星 苑 六区 380 号 泰伯 花园 一期 南门 等 地 附近 向   <e2>   黄某   </e2>   杨某 贩卖毒品 6 次计 贩卖 甲基苯丙胺 约 1.8克 具体 事实 如下,1
sell_drugs_to,经 审理 查明 2014 年 6 月 至 8 月 期间 被告人   <e1>   喻某   </e1>   经 事先 电话 联系 后 在 无锡市 新区 南星 苑 六区 380 号 泰伯 花园 一期 南门 等 地 附近 向 黄某   <e2>   杨某   </e2>   贩卖毒品 6 次计 贩卖 甲基苯丙胺 约 1.8克 具体 事实 如下,1
traffic_in,经 审理 查明 2014 年 6 月 至 8 月 期间 被告人   <e1>   喻某   </e1>   经 事先 电话 联系 后 在 无锡市 新区 南星 苑 六区 380 号 泰伯 花园 一期 南门 等 地 附近 向 黄某 杨某 贩卖毒品 6 次计 贩卖   <e2>   甲基苯丙胺   </e2>   约 1.8克 具体 事实 如下,0
NA,经 审理 查明 2014 年 6 月 至 8 月 期间 被告人 喻某 经 事先 电话 联系 后 在   <e1>   无锡市 新区 南星 苑 六区 380 号 泰伯 花园 一期 南门 等 地   </e1>   附近 向 黄某 杨某 贩卖毒品 6 次计 贩卖   <e2>   甲基苯丙胺   </e2>   约 1.8克 具体 事实 如下,4
NA,经 审理 查明 2014 年 6 月 至 8 月 期间 被告人 喻某 经 事先 电话 联系 后 在 无锡市 新区 南星 苑 六区 380 号 泰伯 花园 一期 南门 等 地 附近 向 黄某 杨某 贩卖毒品 6 次计 贩卖   <e1>   甲基苯丙胺   </e1>   约   <e2>   1.8克   </e2>   具体 事实 如下,4
traffic_in,武汉市 江岸区 人民检察院 指控 2014 年 9 月 22 日 13 时许 被告人   <e1>   杜某   </e1>   在 本市 江岸区一元路 车站 附近 以 人民币 500 元 的 价格 已 支付 人民币 400 元 将 1 包 塑料袋 装   <e2>   甲基苯丙胺片剂   </e2>   俗称 麻果 贩卖 给 郑某 后 被 公安人员 抓获 经 鉴定 上述 物品 为 毒品 甲基苯丙胺 重0.95克,0
sell_drugs_to,武汉市 江岸区 人民检察院 指控 2014 年 9 月 22 日 13 时许 被告人   <e1>   杜某   </e1>   在 本市 江岸区一元路 车站 附近 以 人民币 500 元 的 价格 已 支付 人民币 400 元 将 1 包 塑料袋 装 甲基苯丙胺片剂 俗称 麻果 贩卖 给   <e2>   郑某   </e2>   后 被 公安人员 抓获 经 鉴定 上述 物品 为 毒品 甲基苯丙胺 重0.95克,1
NA,武汉市 江岸区 人民检察院 指控 2014 年 9 月 22 日 13 时许 被告人 杜某 在 本市 江岸区一元路 车站 附近 以 人民币 500 元 的 价格 已 支付 人民币 400 元 将 1 包 塑料袋 装 甲基苯丙胺片剂 俗称 麻果 贩卖 给   <e1>   郑某   </e1>   后 被 公安人员 抓获 经 鉴定 上述 物   <e2>   甲基苯丙胺   </e2>   基 苯丙胺 重0.95克,4
NA,武汉市 江岸区 人民检察院 指控 2014 年 9 月 22 日 13 时许 被告人 杜某 在 本市   <e1>   江岸区一元路   </e1>   车站 附近 以 人民币 500 元 的 价格 已 支付 人民币 400 元 将 1 包 塑料袋 装   <e2>   甲基苯丙胺片剂   </e2>   俗称 麻果 贩卖 给 郑某 后 被 公安人员 抓获 经 鉴定 上述 物品 为 毒品 甲基苯丙胺 重0.95克,4
sell_drugs_to,经 审理 查明 2013 年 4 月 12 日 14 时许 被告人   <e1>   方某   </e1>   在 南宁市西乡塘区华西 路以 人民币 70 元 的 价格 向   <e2>   谢某   </e2>   出售 2 小包 毒品 海洛因 净重 0.11克 交易 完毕 后 被 公安人员 抓获,1
traffic_in,经 审理 查明 2013 年 4 月 12 日 14 时许 被告人   <e1>   方某   </e1>   在 南宁市西乡塘区华西 路以 人民币 70 元 的 价格 向 谢某 出售 2 小包 毒品   <e2>   海洛因   </e2>   净重 0.11克 交易 完毕 后 被 公安人员 抓获,0
NA,经 审理 查明 2013 年 4 月 12 日 14 时许 被告人 方某 在   <e1>   南宁市西乡塘区华西   </e1>   路以 人民币 70 元 的 价格 向 谢某 出售 2 小包 毒品 海洛因 净重   <e2>   0.11克   </e2>   交易 完毕 后 被 公安人员 抓获,4
NA,经 审理 查明 2013 年 4 月 12 日 14 时许 被告人 方某 在 南宁市西乡塘区华西 路以 人民币 70 元 的 价格 向   <e1>   谢某   </e1>   出售 2   <e2>   海洛因   </e2>   品 海洛因 净重 0.11克 交易 完毕 后 被 公安人员 抓获,4
posess,经 审理 查明 2014年11月18日16时 许 阳谷县 公安局 刑警 二 中队 民警 在 侦查 工作 中 发现 在 阳谷县 寿张 镇 大堤 上 有人 持有 大量 冰毒 故 公安干警 对 该 线索 进行 侦查 当日 17 时许 在 寿 张镇 大堤 上将 被告人   <e1>   王某   </e1>   抓获归案 当场 在 其 身上 扣押   <e2>   甲基苯丙胺   </e2>   24.461克,2
NA,经 审理 查明 2014年11月18日16时 许 阳谷县 公安局 刑警 二 中队 民警 在 侦查 工作 中 发现 在 阳谷县 寿张 镇 大堤 上 有人 持有 大量 冰毒 故 公安干警 对 该 线索 进行 侦查 当日 17 时许 在 寿 张镇 大堤 上将 被告人   <e1>   王某   </e1>   抓获归案 当场 在 其 身上 扣押 甲   <e2>   24.461克   </e2>   46 1克,4
NA,经 审理 查明   <e1>   2014年11月18日16时   </e1>   许 阳谷县 公安局 刑警 二 中队 民警 在 侦查 工作 中 发现 在 阳谷县 寿张 镇 大堤 上 有人 持有 大量 冰毒 故 公安干警 对 该 线索 进行 侦查 当日 17 时许 在 寿 张镇 大堤 上将 被告人 王某 抓获归案 当场 在 其 身上 扣押 甲基苯丙胺   <e2>   24.461克   </e2>  ,4
sell_drugs_to,公诉 机关 指控 2016年1月13日19时 许 被告人   <e1>   张某某   </e1>   在 本市 城西区 秀 水路 人民 公园 门口 以 300 元 的 价格 向 吸毒 人员   <e2>   李某某   </e2>   贩卖 冰毒 交易 后 二人 驾车 至 城北区 海西 东路 时 被 民警 截获 缴获 疑似 毒品 物 1 小包 经 鉴定 毒品 净重 0.49克 从中 检出 甲基苯丙胺 成分,1
traffic_in,公诉 机关 指控 2016年1月13日19时 许 被告人   <e1>   张某某   </e1>   在 本市 城西区 秀 水路 人民 公园 门口 以 300 元 的 价格 向 吸毒 人员 李某某 贩卖   <e2>   冰毒   </e2>   交易 后 二人 驾车 至 城北区 海西 东路 时 被 民警 截获 缴获 疑似 毒品 物 1 小包 经 鉴定 毒品 净重 0.49克 从中 检出 甲基苯丙胺 成分,0
NA,公诉 机关 指控   <e1>   2016年1月13日19时   </e1>   许 被告人 张某某 在 本市 城西区 秀 水路 人民 公园 门口 以 300 元 的 价格 向 吸毒 人员 李某某 贩卖 冰毒 交易 后 二人 驾车 至 城北区 海西 东路 时 被 民警 截获 缴获 疑似 毒品 物 1 小包 经 鉴定   <e2>   0.49克   </e2>   . 49 克 从中 检出 甲基苯丙胺 成分,4
NA,公诉 机关 指控 2016年1月13日19时 许 被告人 张某某 在 本市 城西区 秀 水路 人民 公园 门口 以 300 元 的 价格 向 吸毒 人员 李某某 贩卖 冰毒 交易 后 二人 驾车 至 城北区 海西 东路 时 被 民警 截获 缴获 疑似 毒品 物 1 小包 经 鉴定 毒品 净重   <e1>   0.49克   </e1>     <e2>   甲基苯丙胺   </e2>   基 苯丙胺 成分,4
posess,湖南省 怀化市 鹤城区 人民检察院 指控 2012年7月11日23时 许 公安民警 在 怀化市 鹤城区 天逸 时尚 宾馆 8025 房间 将 被告人   <e1>   周某某   </e1>   抓获 当场 从 房间内 搜出 其所 持有 的 含   <e2>   甲基苯丙胺   </e2>   类 毒品 20.04克,2
NA,湖南省 怀化市 鹤城区 人民检察院 指控 2012年7月11日23时 许 公安民警 在 怀化市 鹤城区 天逸 时尚 宾馆 8025 房间 将 被告人 周某某 抓获 当场 从 房间内 搜出 其所 持有 的 含   <e1>   甲基苯丙胺   </e1>   类 毒品   <e2>   20.04克   </e2>  ,4
NA,湖南省 怀化市 鹤城区 人民检察院 指控   <e1>   2012年7月11日23时   </e1>   许 公安民警 在 怀化市 鹤城区 天逸 时尚 宾馆 8025 房间 将 被告人 周某某 抓获 当场 从 房间内 搜出 其所 持有 的 含 甲基苯丙胺类毒品   <e2>   20.04克   </e2>  ,4
sell_drugs_to,公诉 机关 指控 2015年9月 26 日 上午 被告人 舒某 让 莫某 为 其 购得 1 包 海洛因 后 两人 在 宁波市 鄞州区 云龙 镇 一 立交桥 下 一起 吸食 了 一部分 下午 彭某 电话 联系 莫某 欲 购买 毒品 14 时 40 分许 彭某 与 莫某 在 云龙 镇博威 麦特 莱 科技 有限公司 门口 会面 莫某 称 目前 没有 毒品 要 一起 去 邱隘 拿 被告人 舒某 见状 便 上前 与 彭某 说 自己 有 400 元 的 毒品 随后 被告人   <e1>   舒某   </e1>   将 上述 吸剩 的 半包 海洛因 以 400 元 的 价格 贩卖 给   <e2>   彭某   </e2>   后 即 被 公安民警 抓获 经 鉴定 该 毒品 含 海洛因 成份 净重 0.3854 克,1
traffic_in,公诉 机关 指控 2015年9月 26 日 上午 被告人 舒某 让 莫某 为 其 购得 1 包 海洛因 后 两人 在 宁波市 鄞州区 云龙 镇 一 立交桥 下 一起 吸食 了 一部分 下午 彭某 电话 联系 莫某 欲 购买 毒品 14 时 40 分许 彭某 与 莫某 在 云龙 镇博威 麦特 莱 科技 有限公司 门口 会面 莫某 称 目前 没有 毒品 要 一起 去 邱隘 拿 被告人 舒某 见状 便 上前 与 彭某 说 自己 有 400 元 的 毒品 随后 被告人   <e1>   舒某   </e1>   将 上述 吸剩 的 半包   <e2>   海洛因   </e2>   以 400 元 的 价格 贩卖 给 彭某 后 即 被 公安民警 抓获 经 鉴定 该 毒品 含 海洛因 成份 净重 0.3854 克,0
NA,公诉 机关 指控 2015年9月 26 日 上午 被告人 舒某 让 莫某 为 其 购得 1 包 海洛因 后 两人 在 宁波市 鄞州区 云龙 镇 一 立交桥 下 一起 吸食 了 一部分   <e1>   下午   </e1>   彭某 电话 联系 莫某 欲 购买 毒品 14 时 40 分许   <e2>   彭某   </e2>   与 莫某 在 云龙 镇博威 麦特 莱 科技 有限公司 门口 会面 莫某 称 目前 没有 毒品 要 一起 去 邱隘 拿 被告人 舒某 见状 便 上前 与 彭某 说 自己 有 400 元 的 毒品 随后 被告人 舒某 将 上述 吸剩 的 半包 海洛因 以 400 元 的 价格 贩卖 给 彭某 后 即 被 公安民警 抓获 经 鉴定 该 毒品 含 海洛因 成份 净重 0.3854 克,4
NA,公诉 机关 指控 2015年9月 26 日 上午 被告人 舒某 让   <e1>   莫某   </e1>   为 其 购得 1 包 海洛因 后 两人 在 宁波市 鄞州区 云龙 镇 一 立交桥 下 一起 吸食 了 一部分 下午 彭某 电话 联系 莫某 欲 购买 毒品 14 时 40 分许   <e2>   彭某   </e2>   与 莫某 在 云龙 镇博威 麦特 莱 科技 有限公司 门口 会面 莫某 称 目前 没有 毒品 要 一起 去 邱隘 拿 被告人 舒某 见状 便 上前 与 彭某 说 自己 有 400 元 的 毒品 随后 被告人 舒某 将 上述 吸剩 的 半包 海洛因 以 400 元 的 价格 贩卖 给 彭某 后 即 被 公安民警 抓获 经 鉴定 该 毒品 含 海洛因 成份 净重 0.3854 克,4
provide_shelter_for,常熟市 人民检察院 指控 被告人   <e1>   徐某   </e1>   于 2015 年 2 月 至 3 月间 在 常熟市 尚湖 镇 新 和 村 19 何白寺 东 16 号 住处 容留   <e2>   池某   </e2>   顾某 吸食 甲基苯丙胺 冰毒 3 次,3
provide_shelter_for,常熟市 人民检察院 指控 被告人   <e1>   徐某   </e1>   于 2015 年 2 月 至 3 月间 在 常熟市 尚湖 镇 新 和 村 19 何白寺 东 16 号 住处 容留 池某   <e2>   顾某   </e2>   吸食 甲基苯丙胺 冰毒 3 次,3
NA,常熟市 人民检察院 指控 被告人 徐某 于 2015 年 2 月 至 3 月间 在 常熟市 尚湖 镇 新 和 村 19 何白寺 东 16 号 住处 容留 池某   <e1>   顾某   </e1>   吸食 甲基苯丙胺   <e2>   冰毒   </e2>   3 次,4
NA,常熟市 人民检察院 指控 被告人   <e1>   徐某   </e1>   于 2015 年 2 月 至 3 月间 在 常熟市 尚湖 镇 新 和 村 19 何白寺 东 16 号 住处 容留 池某 顾某 吸食 甲基苯丙胺   <e2>   冰毒   </e2>   3 次,4
provide_shelter_for,山东省 烟台市 福山区 人民检察院 指控 被告人   <e1>   李某   </e1>   于 2015年1月15日13时许 容留   <e2>   卫某   </e2>   孙某 等 人 一起 在 其 租住 的 烟台市 福山区 西山 路 某 练歌房 二楼 房间内 吸食 冰毒 被告人 李某 于 2015年1月上旬 容留 王某 卫某 等 人 在 其 租住 的 某 练歌房 二楼 房间内 吸食 冰毒,3
provide_shelter_for,山东省 烟台市 福山区 人民检察院 指控 被告人   <e1>   李某   </e1>   于 2015年1月15日13时许 容留 卫某   <e2>   孙某   </e2>   等 人 一起 在 其 租住 的 烟台市 福山区 西山 路 某 练歌房 二楼 房间内 吸食 冰毒 被告人 李某 于 2015年1月上旬 容留 王某 卫某 等 人 在 其 租住 的 某 练歌房 二楼 房间内 吸食 冰毒,3
provide_shelter_for,山东省 烟台市 福山区 人民检察院 指控 被告人 李某 于 2015年1月15日13时许 容留 卫某 孙某 等 人 一起 在 其 租住 的 烟台市 福山区 西山 路 某 练歌房 二楼 房间内 吸食 冰毒 被告人   <e1>   李某   </e1>   于 2015年1月上旬 容留   <e2>   王某   </e2>   卫某 等 人 在 其 租住 的 某 练歌房 二楼 房间内 吸食 冰毒,3
provide_shelter_for,山东省 烟台市 福山区 人民检察院 指控 被告人 李某 于 2015年1月15日13时许 容留 卫某 孙某 等 人 一起 在 其 租住 的 烟台市 福山区 西山 路 某 练歌房 二楼 房间内 吸食 冰毒 被告人   <e1>   李某   </e1>   于 2015年1月上旬 容留 王某   <e2>   卫某   </e2>   等 人 在 其 租住 的 某 练歌房 二楼 房间内 吸食 冰毒,3
NA,山东省 烟台市 福山区 人民检察院 指控 被告人 李某 于   <e1>   2015年1月15日13时许   </e1>   容留 卫某 孙某 等 人 一起 在 其 租住 的 烟台市 福山区 西山 路 某 练歌房 二楼 房间内 吸食 冰毒 被告人 李某 于   <e2>   2015年1月上旬   </e2>   容留 王某 卫某 等 人 在 其 租住 的 某 练歌房 二楼 房间内 吸食 冰毒,4
NA,山东省 烟台市 福山区 人民检察院 指控 被告人 李某 于 2015年1月15日13时许 容留 卫某 孙某 等 人 一起 在 其 租住 的 烟台市 福山区 西山 路 某 练歌房 二楼 房间内 吸食   <e1>   冰毒   </e1>   被告人 李某 于 2015年1月上旬 容留 王某 卫某 等 人 在 其 租住 的 某 练歌房 二 楼房   <e2>   冰毒   </e2>   吸食 冰毒,4
provide_shelter_for,浙江省 象山县 人民检察院 指控 2015 年 11月 某日 被告人   <e1>   周某某   </e1>   在 其 租住 的 象山县石浦镇兴港苑5号楼1梯302室房间内 容留   <e2>   刘某   </e2>   在 该 房间内 吸食毒品 甲基苯丙胺 俗称 冰毒,3
NA,浙江省 象山县 人民检察院 指控 2015 年 11月 某日 被告人 周某某 在 其 租住 的   <e1>   象山县石浦镇兴港苑5号楼1梯302室房间内   </e1>   容留 刘某 在 该 房间内   <e2>   甲基苯丙胺   </e2>   基 苯丙胺 俗称 冰毒,4
NA,浙江省 象山县 人民检察院 指控 2015 年 11月 某日 被告人 周某某 在 其 租住 的 象山县石浦镇兴港苑5号楼1梯302室房间内 容留   <e1>   刘某   </e1>   在 该 房间内 吸食毒品   <e2>   甲基苯丙胺   </e2>   俗称 冰毒,4
posess,凉山彝族自治州 人民检察院 指控 2015年10月 11 日 上午 被告人   <e1>   吉某某   </e1>   某 在 西昌市西郊乡北门村 其 出租房 附近 以 5 万元 人民币 从 一个 不 知名 的 彝族 妇女 手中 购买 了 一包   <e2>   海洛因   </e2>   然后 带回 出租房 藏匿 准备 用于 自己 吸食 10月11日中午12时 许 公安民警 发现 被告人 吉某某 某 形迹可疑 便 对 吉某某 某 的 住所 进行 搜查 公安民警 在 吉某某 某 位于 西昌市西郊乡北门村 10 组 100 号 4 楼 的 租 住房 内 将 吉某某 某 藏匿 的 毒品 查获 经 称量 被查获 的 毒品 净重 231 . 1克 经 鉴定 被查获 的 毒品 可疑 物中 检出 海洛因 成分,2
NA,凉山彝族自治州 人民检察院 指控 2015年10月 11 日 上午 被告人   <e1>   吉某某   </e1>   某 在 西昌市西郊乡北门村 其 出租房 附近 以 5 万元 人民币 从 一个 不 知名 的 彝族 妇女 手中 购买 了 一包 海洛因 然后 带回 出租房 藏匿 准备 用于 自   <e2>   10月11日中午12时   </e2>   午 12 时许 公安民警 发现 被告人 吉某某 某 形迹可疑 便 对 吉某某 某 的 住所 进行 搜查 公安民警 在 吉某某 某 位于 西昌市西郊乡北门村 10 组 100 号 4 楼 的 租 住房 内 将 吉某某 某 藏匿 的 毒品 查获 经 称量 被查获 的 毒品 净重 231 . 1克 经 鉴定 被查获 的 毒品 可疑 物中 检出 海洛因 成分,4
NA,凉山彝族自治州 人民检察院 指控 2015年10月 11 日 上午 被告人 吉某某 某 在 西昌市西郊乡北门村 其 出租房 附近 以 5 万元 人民币 从 一个 不 知名 的 彝族 妇女 手中 购买 了 一包 海洛因 然后 带回 出租房 藏匿 准备 用于 自己 吸食 10月11日中午12时 许 公安民警 发现 被告人   <e1>   吉某某   </e1>   某 形迹可疑 便 对 吉某某 某 的 住所 进行 搜查 公安民警 在 吉 某   <e2>   西昌市西郊乡北门村   </e2>   乡 北门 村 10 组 100 号 4 楼 的 租 住房 内 将 吉某某 某 藏匿 的 毒品 查获 经 称量 被查获 的 毒品 净重 231 . 1克 经 鉴定 被查获 的 毒品 可疑 物中 检出 海洛因 成分,4
provide_shelter_for,公诉 机关 指控 2014 年 2 月 开始 被告人   <e1>   周某甲   </e1>   在 其 居住 的 珠海市 号房 内于 2015年9月 8 日 11 时许 9月10日12时 许 9 月 12 日 11 时许 容留 其 弟弟   <e2>   周某乙   </e2>   吸食毒品 由 被告人 周某甲 提供 毒品 及 吸毒 工具 9 月 12 日 14 时许 公安民警 在 上述 房内 将 被告人 周某甲 抓获归案 并 在 其 房内 查获 吸毒 工具 一个 已经 由 公安机关 予以 收缴,3
NA,公诉 机关 指控 2014 年 2 月 开始 被告人 周某甲 在 其 居住 的   <e1>   珠海市 号房   </e1>   内于 2015年9月 8 日 1   <e2>   9月10日12时   </e2>   日 12 时许 9 月 12 日 11 时许 容留 其 弟弟 周某乙 吸食毒品 由 被告人 周某甲 提供 毒品 及 吸毒 工具 9 月 12 日 14 时许 公安民警 在 上述 房内 将 被告人 周某甲 抓获归案 并 在 其 房内 查获 吸毒 工具 一个 已经 由 公安机关 予以 收缴,4
NA,公诉 机关 指控 2014 年 2 月 开始 被告人 周某甲 在 其 居住 的 珠海市 号房 内于 2015年9月 8 日 11 时许   <e1>   9月10日12时   </e1>   许 9 月 12 日 11 时许 容留 其 弟弟   <e2>   周某乙   </e2>   吸食毒品 由 被告人 周某甲 提供 毒品 及 吸毒 工具 9 月 12 日 14 时许 公安民警 在 上述 房内 将 被告人 周某甲 抓获归案 并 在 其 房内 查获 吸毒 工具 一个 已经 由 公安机关 予以 收缴,4
sell_drugs_to,公诉 机关 指控 2012 年 12 月 1 7日 23 时许 被告人   <e1>   耿某   </e1>   与 吸毒 人员   <e2>   孙某   </e2>   在 嘎 吉康桑 大门口 进行 毒品 交易 交易 完成 后 被告人 耿某 准备 离开 时 被 抓获 当场 从 被告人 耿某 上衣 口袋 内 搜缴 黑色 塑料袋 内 白色 塑料包装 米黄色 可疑 物二 小包 及 贩卖毒品 所得 毒资 2500 元 从 吸毒 人员 孙某 处 缴获 从 被告人 耿某 处 购买 的 装 在 蓝色 芙蓉王 烟盒 内 的 可疑 物 一包 经 鉴定 从 吸毒 人员 孙某 处 缴获 的 可疑 物 一包 净重 4.8943 克 从 被告人 上衣 口袋 内 搜缴 可疑 物二 小包 净重 0.6330 克均 含 甲基苯丙胺 成分 公诉 机关 认为 被告人 的 行为 触犯 中华人民共和国 刑法 第三 百 四十七 条 第四款 之 规定 构成 贩卖毒品 罪 并 建议 法庭 对 被告人 判处 有期徒刑 一年 至 二年 并处 相应 的 罚金,1
NA,公诉 机关 指控 2012 年 12 月 1 7日 23 时许 被告人 耿某 与 吸毒 人员 孙某 在 嘎 吉康桑 大门口 进行 毒品 交易 交易 完成 后 被告人 耿某 准备 离开 时 被 抓获 当场 从 被告人   <e1>   耿某   </e1>   上衣 口袋 内 搜缴 黑色 塑料袋 内 白色 塑料包装 米黄色 可疑 物二 小包 及 贩卖毒品 所得 毒资 2500 元 从 吸毒 人员   <e2>   孙某   </e2>   处 缴获 从 被告人 耿某 处 购买 的 装 在 蓝色 芙蓉王 烟盒 内 的 可疑 物 一包 经 鉴定 从 吸毒 人员 孙某 处 缴获 的 可疑 物 一包 净重 4.8943 克 从 被告人 上衣 口袋 内 搜缴 可疑 物二 小包 净重 0.6330 克均 含 甲基苯丙胺 成分 公诉 机关 认为 被告人 的 行为 触犯 中华人民共和国 刑法 第三 百 四十七 条 第四款 之 规定 构成 贩卖毒品 罪 并 建议 法庭 对 被告人 判处 有期徒刑 一年 至 二年 并处 相应 的 罚金,4
NA,公诉 机关 指控 2012 年 12 月 1 7日 23 时许 被告人   <e1>   耿某   </e1>   与 吸毒 人员   <e2>   孙某   </e2>   在 嘎 吉康桑 大门口 进行 毒品 交易 交易 完成 后 被告人 耿某 准备 离开 时 被 抓获 当场 从 被告人 耿某 上衣 口袋 内 搜缴 黑色 塑料袋 内 白色 塑料包装 米黄色 可疑 物二 小包 及 贩卖毒品 所得 毒资 2500 元 从 吸毒 人员 孙某 处 缴获 从 被告人 耿某 处 购买 的 装 在 蓝色 芙蓉王 烟盒 内 的 可疑 物 一包 经 鉴定 从 吸毒 人员 孙某 处 缴获 的 可疑 物 一包 净重 4.8943 克 从 被告人 上衣 口袋 内 搜缴 可疑 物二 小包 净重 0.6330 克均 含 甲基苯丙胺 成分 公诉 机关 认为 被告人 的 行为 触犯 中华人民共和国 刑法 第三 百 四十七 条 第四款 之 规定 构成 贩卖毒品 罪 并 建议 法庭 对 被告人 判处 有期徒刑 一年 至 二年 并处 相应 的 罚金,4
sell_drugs_to,广西 柳江县 人民检察院 指控 2016 年 9 月 22 日 17 时许 被告人   <e1>   韦某   </e1>   通过 电话 联系 后 在 广西柳江县成团镇里湾村 下里 屯 一 山坡 下以 3000 元 的 价格 向 一   <e2>   老六   </e2>   叫 老六 的 男子 购买 了 2 包 疑似 毒品 交易 完成 后 韦某 走到 下里 屯 与 舟村屯 交界 的 水泥 路上 被 公安人员 查获 公安人员 在 韦某 的 裤子 口袋 里 查获 该 2 包 疑似 毒品 1 部手机 及 现金 259 元经 称量 被查获 的 两包 疑似 毒品 分别 净重 10.0 1克 39.73 克经 鉴定 从 净重 10.0 1克 的 疑似 毒品 物中 检出 海洛因 成分 从 净重 39.73 克 的 疑似 毒品 物中 未 检出 常见 毒品 成分 上述事实 被告人 在 开庭审理 过程 中 无异议 并 当庭 认罪 且 有经 庭审 质证 的 物证 被告人 韦某 的 供述 扣押 决定书 扣押 笔录 及 扣押 清单 现场 勘验 笔录 及 照片 现场 方位图 现场 指认 照片 毒品 称量 取样 封存 笔录 及 照片 毒品 鉴定书 收缴 毒品 证明书 前科 材料 到案 经过 和 户籍 登记 信息 等 证据 证实 足以认定,1
posess,广西 柳江县 人民检察院 指控 2016 年 9 月 22 日 17 时许 被告人 韦某 通过 电话 联系 后 在 广西柳江县成团镇里湾村 下里 屯 一 山坡 下以 3000 元 的 价格 向 一 外号 叫 老六 的 男子 购买 了 2 包 疑似 毒品 交易 完成 后 韦某 走到 下里 屯 与 舟村屯 交界 的 水泥 路上 被 公安人员 查获 公安人员 在   <e1>   韦某   </e1>   的 裤子 口袋 里 查获 该 2 包 疑似 毒品 1 部手机 及 现金 259 元经 称量 被查获 的 两包 疑似 毒品 分别 净重 10.0 1克 39.73 克经 鉴定 从 净重 10.0 1克 的 疑似 毒品 物中 检出   <e2>   海洛因   </e2>   成分 从 净重 39.73 克 的 疑似 毒品 物中 未 检出 常见 毒品 成分 上述事实 被告人 在 开庭审理 过程 中 无异议 并 当庭 认罪 且 有经 庭审 质证 的 物证 被告人 韦某 的 供述 扣押 决定书 扣押 笔录 及 扣押 清单 现场 勘验 笔录 及 照片 现场 方位图 现场 指认 照片 毒品 称量 取样 封存 笔录 及 照片 毒品 鉴定书 收缴 毒品 证明书 前科 材料 到案 经过 和 户籍 登记 信息 等 证据 证实 足以认定,2
NA,广西 柳江县 人民检察院 指控 2016 年 9 月 22 日 17 时许 被告人 韦某 通过 电话 联系 后 在   <e1>   广西柳江县成团镇里湾村   </e1>   下里 屯 一 山坡 下以 3000 元 的 价格 向 一 外号 叫 老六 的 男子 购买 了 2 包 疑似 毒品 交易 完成 后 韦某 走到 下里 屯 与 舟村屯 交界 的 水泥 路上 被 公安人员 查获 公安人员 在 韦某 的 裤子 口袋 里 查获 该 2 包 疑似 毒品 1 部手机 及 现金 259 元经 称量 被查获 的 两包 疑似 毒品 分别 净重 10.0 1克 39.73 克经 鉴定 从 净重 10.0 1克 的 疑似 毒品 物中 检出 海洛因 成分 从 净重 39.73 克 的 疑似 毒品 物中 未 检出 常见 毒品 成分 上述事实 被告人 在 开庭审理 过程 中 无异议 并 当庭 认罪 且 有经 庭审 质证 的 物证 被告人   <e2>   韦某   </e2>   的 供述 扣押 决定书 扣押 笔录 及 扣押 清单 现场 勘验 笔录 及 照片 现场 方位图 现场 指认 照片 毒品 称量 取样 封存 笔录 及 照片 毒品 鉴定书 收缴 毒品 证明书 前科 材料 到案 经过 和 户籍 登记 信息 等 证据 证实 足以认定,4
NA,广西 柳江县 人民检察院 指控 2016 年 9 月 22 日 17 时许 被告人 韦某 通过 电话 联系 后 在 广西柳江县成团镇里湾村 下里 屯 一 山坡 下以 3000 元 的 价格 向 一 外号 叫 老六 的 男子 购买 了 2 包 疑似 毒品 交易 完成 后 韦某 走到 下里 屯 与   <e1>   舟村屯   </e1>   交界 的 水泥 路上 被 公安人员 查获 公安人员 在 韦某 的 裤子 口袋 里 查获 该 2 包 疑似 毒品 1 部手机 及 现金 259 元经 称量 被查获 的 两包 疑似 毒品 分别 净重 10.0 1克 39.73 克经 鉴定 从 净重 10.0 1克 的 疑似 毒品 物中 检出 海洛因 成分 从 净重 39.73 克 的 疑似 毒品 物中 未 检出 常见 毒品 成分 上述事实 被告人 在 开庭审理 过程 中 无异议 并 当庭 认罪 且 有经 庭审 质证 的 物证 被告人   <e2>   韦某   </e2>   的 供述 扣押 决定书 扣押 笔录 及 扣押 清单 现场 勘验 笔录 及 照片 现场 方位图 现场 指认 照片 毒品 称量 取样 封存 笔录 及 照片 毒品 鉴定书 收缴 毒品 证明书 前科 材料 到案 经过 和 户籍 登记 信息 等 证据 证实 足以认定,4
sell_drugs_to,广州市 花都区 人民检察院 指控 2014年1月17日16时 许 被告人 黄某 与 举报人 何某 通过 电话 约定 后 举报人   <e1>   何某   </e1>   去 到 花都区 狮岭 镇吉园 街 36 号 福来 出租屋 501 房以 300 元 的 价格   <e2>   黄某   </e2>   告人 黄某 购得 两小包白色晶体 经 鉴定 送检 白色晶体 2 包 净重 1.4 克 检出 甲基苯丙胺 成分 交易 后 被 民警 当场 人赃并获,1
traffic_in,广州市 花都区 人民检察院 指控 2014年1月17日16时 许 被告人 黄某 与 举报人 何某 通过 电话 约定 后 举报人 何某 去 到 花都区 狮岭 镇吉园 街 36 号 福来 出租屋 501 房以 300 元 的 价格 向 被告人   <e1>   黄某   </e1>   购得   <e2>   两小包白色晶体   </e2>   经 鉴定 送检 白色晶体 2 包 净重 1.4 克 检出 甲基苯丙胺 成分 交易 后 被 民警 当场 人赃并获,0
NA,广州市 花都区 人民检察院 指控 2014年1月17日16时 许 被告人   <e1>   黄某   </e1>   与 举报人 何某 通过 电话 约定 后 举报人 何某 去 到 花都区 狮岭 镇吉园 街 36 号 福来 出租屋 501 房以 300 元 的 价格 向 被告人   <e2>   黄某   </e2>   购得 两小包白色晶体 经 鉴定 送检 白色晶体 2 包 净重 1.4 克 检出 甲基苯丙胺 成分 交易 后 被 民警 当场 人赃并获,4
NA,广州市 花都区 人民检察院 指控 2014年1月17日16时 许 被告人   <e1>   黄某   </e1>   与 举报人 何某 通过 电话 约定 后 举报人 何某 去 到 花都区 狮岭 镇吉园 街 36 号 福来 出租屋 501 房以 300 元 的 价格 向 被告人 黄某 购得 两小包白色晶体 经 鉴定 送检 白色晶体 2 包 净重 1.4 克 检出   <e2>   甲基苯丙胺   </e2>   成分 交易 后 被 民警 当场 人赃并获,4
provide_shelter_for,晋江市 人民检察院 指控 2014 年 1 月 29 日 被告人 戴某 向 福建省 宏顺 汽车 租赁 行 租赁 一辆 闽 c 号 起亚 牌 小轿车 同年 2 月 28 日 被告人 戴某 驾驶 该辆 轿车 载 黄某 龙 另案处理 罗某 中 一同 来到 刘某文 已 被 行政处罚 事先 开好 的 晋江市 青阳 街道 皇嘉 酒店 818 房间 期间 被告人   <e1>   戴某   </e1>   及   <e2>   刘某文   </e2>   黄某 龙 在 该 房间内 吸食毒品 甲基苯丙胺 冰毒 同日19时 许 晋江市 公安局 在工作中 查获 被告人 戴某 等 人 并 在 被告人 戴某 驾驶 的 上述 起亚 牌 小轿车 驾驶座 上 扣押 到 一袋 黑色 塑料袋 内 装有 97.0 1克 甲基苯丙胺 4 个 矿泉水瓶 专用 烟具 等物 另外 还 在 车内 手刹 处 扣押 到 一 咖啡色 挎包 内 装有 一个 苏烟 铁盒 内有 3 包 甲基苯丙胺 一个 金银花 薄荷 含片 铁盒 内装 9 包 甲基苯丙胺 一个 电子称 四包 封口 塑料袋 经 称量 铁盒 内 的 冰毒 总计 14.09 克 案发后 上述 被 缴获 的 毒品 均 已 被 上缴 至 晋江市 禁毒 委员会 办公室,3
provide_shelter_for,晋江市 人民检察院 指控 2014 年 1 月 29 日 被告人 戴某 向 福建省 宏顺 汽车 租赁 行 租赁 一辆 闽 c 号 起亚 牌 小轿车 同年 2 月 28 日 被告人 戴某 驾驶 该辆 轿车 载 黄某 龙 另案处理 罗某 中 一同 来到 刘某文 已 被 行政处罚 事先 开好 的 晋江市 青阳 街道 皇嘉 酒店 818 房间 期间 被告人   <e1>   戴某   </e1>   及 刘某文   <e2>   黄某   </e2>   龙 在 该 房间内 吸食毒品 甲基苯丙胺 冰毒 同日19时 许 晋江市 公安局 在工作中 查获 被告人 戴某 等 人 并 在 被告人 戴某 驾驶 的 上述 起亚 牌 小轿车 驾驶座 上 扣押 到 一袋 黑色 塑料袋 内 装有 97.0 1克 甲基苯丙胺 4 个 矿泉水瓶 专用 烟具 等物 另外 还 在 车内 手刹 处 扣押 到 一 咖啡色 挎包 内 装有 一个 苏烟 铁盒 内有 3 包 甲基苯丙胺 一个 金银花 薄荷 含片 铁盒 内装 9 包 甲基苯丙胺 一个 电子称 四包 封口 塑料袋 经 称量 铁盒 内 的 冰毒 总计 14.09 克 案发后 上述 被 缴获 的 毒品 均 已 被 上缴 至 晋江市 禁毒 委员会 办公室,3
posess,晋江市 人民检察院 指控 2014 年 1 月 29 日 被告人 戴某 向 福建省 宏顺 汽车 租赁 行 租赁 一辆 闽 c 号 起亚 牌 小轿车 同年 2 月 28 日 被告人 戴某 驾驶 该辆 轿车 载 黄某 龙 另案处理 罗某 中 一同 来到 刘某文 已 被 行政处罚 事先 开好 的 晋江市 青阳 街道 皇嘉 酒店 818 房间 期间 被告人 戴某 及 刘某文 黄某 龙 在 该 房间内 吸食毒品 甲基苯丙胺 冰毒 同日19时 许 晋江市 公安局 在工作中 查获 被告人 戴某 等 人 并 在 被告人   <e1>   戴某   </e1>   驾驶 的 上述 起亚 牌 小轿车 驾驶座 上 扣押 到 一袋 黑色 塑料袋 内 装有 97.0 1克   <e2>   甲基苯丙胺   </e2>   4 个 矿泉水瓶 专用 烟具 等物 另外 还 在 车内 手刹 处 扣押 到 一 咖啡色 挎包 内 装有 一个 苏烟 铁盒 内有 3 包 甲基苯丙胺 一个 金银花 薄荷 含片 铁盒 内装 9 包 甲基苯丙胺 一个 电子称 四包 封口 塑料袋 经 称量 铁盒 内 的 冰毒 总计 14.09 克 案发后 上述 被 缴获 的 毒品 均 已 被 上缴 至 晋江市 禁毒 委员会 办公室,2
NA,晋江市 人民检察院 指控 2014 年 1 月 29 日 被告人 戴某 向   <e1>   福建省   </e1>   宏顺 汽车 租赁 行 租赁 一辆 闽 c 号 起亚 牌 小轿车 同年 2 月 28 日 被告人 戴某 驾驶 该辆 轿车 载 黄某 龙 另案处理 罗某 中 一同 来到 刘某文 已 被 行政处罚 事先 开好 的 晋江市 青阳 街道 皇嘉 酒店 818 房间 期间 被告人 戴某 及 刘某文 黄某 龙 在 该 房间内 吸食毒品 甲基苯丙胺 冰毒 同日19时 许 晋江市 公安局 在工作中 查获 被告人   <e2>   戴某   </e2>   等 人 并 在 被告人 戴某 驾驶 的 上述 起亚 牌 小轿车 驾驶座 上 扣押 到 一袋 黑色 塑料袋 内 装有 97.0 1克 甲基苯丙胺 4 个 矿泉水瓶 专用 烟具 等物 另外 还 在 车内 手刹 处 扣押 到 一 咖啡色 挎包 内 装有 一个 苏烟 铁盒 内有 3 包 甲基苯丙胺 一个 金银花 薄荷 含片 铁盒 内装 9 包 甲基苯丙胺 一个 电子称 四包 封口 塑料袋 经 称量 铁盒 内 的 冰毒 总计 14.09 克 案发后 上述 被 缴获 的 毒品 均 已 被 上缴 至 晋江市 禁毒 委员会 办公室,4
NA,晋江市 人民检察院 指控 2014 年 1 月 29 日 被告人 戴某 向   <e1>   福建省   </e1>   宏顺 汽车 租赁 行 租赁 一辆 闽 c 号 起亚 牌 小轿车 同年 2 月 28 日 被告人 戴某 驾驶 该辆 轿车 载 黄某 龙 另案处理 罗某 中 一同 来到 刘某文 已 被 行政处罚 事先 开好 的 晋江市 青阳 街道 皇嘉 酒店 818 房间 期间 被告人 戴某 及 刘某文   <e2>   黄某   </e2>   龙 在 该 房间内 吸食毒品 甲基苯丙胺 冰毒 同日19时 许 晋江市 公安局 在工作中 查获 被告人 戴某 等 人 并 在 被告人 戴某 驾驶 的 上述 起亚 牌 小轿车 驾驶座 上 扣押 到 一袋 黑色 塑料袋 内 装有 97.0 1克 甲基苯丙胺 4 个 矿泉水瓶 专用 烟具 等物 另外 还 在 车内 手刹 处 扣押 到 一 咖啡色 挎包 内 装有 一个 苏烟 铁盒 内有 3 包 甲基苯丙胺 一个 金银花 薄荷 含片 铁盒 内装 9 包 甲基苯丙胺 一个 电子称 四包 封口 塑料袋 经 称量 铁盒 内 的 冰毒 总计 14.09 克 案发后 上述 被 缴获 的 毒品 均 已 被 上缴 至 晋江市 禁毒 委员会 办公室,4
provide_shelter_for,公诉 机关 指控 2016 年 9 月初 的 一天 晚上   <e1>   杨某某   </e1>   在 益阳市 赫山区 体育 宾馆 后 一民 房租 住房 内容 留 吸毒 人员   <e2>   文某某   </e2>   曹某 曹某某 吸食毒品 甲基苯丙胺 冰毒 2016年9月5日晚上 被告人 杨某某 在 该 租 住房 内容 留 吸毒 人员 文某某 夏某 吸食毒品 甲基苯丙胺,3
provide_shelter_for,公诉 机关 指控 2016 年 9 月初 的 一天 晚上   <e1>   杨某某   </e1>   在 益阳市 赫山区 体育 宾馆 后 一民 房租 住房 内容 留 吸毒 人员 文某某   <e2>   曹某   </e2>   曹某某 吸食毒品 甲基苯丙胺 冰毒 2016年9月5日晚上 被告人 杨某某 在 该 租 住房 内容 留 吸毒 人员 文某某 夏某 吸食毒品 甲基苯丙胺,3
provide_shelter_for,公诉 机关 指控 2016 年 9 月初 的 一天 晚上   <e1>   杨某某   </e1>   在 益阳市 赫山区 体育 宾馆 后 一民 房租 住房 内容 留 吸毒 人员 文某某 曹某   <e2>   曹某某   </e2>   吸食毒品 甲基苯丙胺 冰毒 2016年9月5日晚上 被告人 杨某某 在 该 租 住房 内容 留 吸毒 人员 文某某 夏某 吸食毒品 甲基苯丙胺,3
provide_shelter_for,公诉 机关 指控 2016 年 9 月初 的 一天 晚上 杨某某 在 益阳市 赫山区 体育 宾馆 后 一民 房租 住房 内容 留 吸毒 人员 文某某 曹某 曹某某 吸食毒品 甲基苯丙胺 冰毒 2016年9月5日晚上 被告人   <e1>   杨某某   </e1>   在 该 租 住房 内容 留 吸毒 人员   <e2>   文某某   </e2>   夏某 吸食毒品 甲基苯丙胺,3
provide_shelter_for,公诉 机关 指控 2016 年 9 月初 的 一天 晚上 杨某某 在 益阳市 赫山区 体育 宾馆 后 一民 房租 住房 内容 留 吸毒 人员 文某某 曹某 曹某某 吸食毒品 甲基苯丙胺 冰毒 2016年9月5日晚上 被告人   <e1>   杨某某   </e1>   在 该 租 住房 内容 留 吸毒 人员 文某某   <e2>   夏某   </e2>   吸食毒品 甲基苯丙胺,3
NA,公诉 机关 指控 2016 年 9 月初 的 一天 晚上 杨某某 在 益阳市 赫山区 体育 宾馆 后 一民 房租 住房 内容 留 吸毒 人员 文某某 曹某 曹某某 吸食毒品   <e1>   甲基苯丙胺   </e1>   冰毒   <e2>   2016年9月5日晚上   </e2>   被告人 杨某某 在 该 租 住房 内容 留 吸毒 人员 文某某 夏某 吸食毒品 甲基苯丙胺,4
NA,公诉 机关 指控 2016 年 9 月初 的 一天 晚上 杨某某 在 益阳市 赫山区 体育 宾馆 后 一民 房租 住房 内容 留 吸毒 人员 文某某 曹某 曹某某 吸食毒品 甲基苯丙胺   <e1>   冰毒   </e1>   2016年9月5日晚上 被告人 杨某某 在 该 租 住房 内容 留 吸毒 人员 文某某 夏某   <e2>   甲基苯丙胺   </e2>   基 苯丙胺,4
sell_drugs_to,湖南省 临武县 人民检察院 指控 2014 年 以来   <e1>   杨才建   </e1>   另案处理 数十次 将 毒品 贩卖 给 被告人   <e2>   陈丽燕   </e2>   被告人 再 将 毒品 在 临武县 城 附近 零包 贩卖 给 吸毒 人员 侯某 等 人 公安机关 于 2014年4月17日 从 被告人 陈丽燕 处 查获 疑似 冰毒 13.9479克 疑似 麻古 22.1548 克,1
sell_drugs_to,湖南省 临武县 人民检察院 指控 2014 年 以来 杨才建 另案处理 数十次 将 毒品 贩卖 给 被告人   <e1>   陈丽燕   </e1>   被告人 再 将 毒品 在 临武县 城 附近 零包 贩卖 给 吸毒 人员   <e2>   侯某   </e2>   等 人 公安机关 于 2014年4月17日 从 被告人 陈丽燕 处 查获 疑似 冰毒 13.9479克 疑似 麻古 22.1548 克,1
traffic_in,湖南省 临武县 人民检察院 指控 2014 年 以来 杨才建 另案处理 数十次 将 毒品 贩卖 给 被告人 陈丽燕 被告人 再 将 毒品 在 临武县 城 附近 零包 贩卖 给 吸毒 人员 侯某 等 人 公安机关 于 2014年4月17日 从 被告人   <e1>   陈丽燕   </e1>   处 查获 疑似   <e2>   冰毒   </e2>   13.9479克 疑似 麻古 22.1548 克,0
NA,湖南省 临武县 人民检察院 指控 2014 年 以来 杨才建 另案处理 数十次 将 毒品 贩卖 给 被告人   <e1>   陈丽燕   </e1>   被告人 再 将 毒品 在 临武县 城 附近 零包 贩卖 给 吸毒 人员 侯某 等 人 公安机关 于 2014年4月17日 从 被告人 陈丽燕 处 查获 疑似 冰毒   <e2>   13.9479克   </e2>   疑似 麻古 22.1548 克,4
NA,湖南省 临武县 人民检察院 指控 2014 年 以来   <e1>   杨才建   </e1>   另案处理 数十次 将 毒品 贩卖 给 被告人 陈丽燕 被告人 再 将 毒品 在 临武县 城 附近 零包 贩卖 给 吸毒 人员 侯某 等 人公   <e2>   2014年4月17日   </e2>   月 1 7日 从 被告人 陈丽燕 处 查获 疑似 冰毒 13.9479克 疑似 麻古 22.1548 克,4
sell_drugs_to,经 审理 查明 2015年10月 4日 8 时许 周某 电话 联系 被告人 王某某 以 人民币 400 元 求购 2 个 毒品 11 时许   <e1>   王某某   </e1>   来到 约定 地点 宝安区 公明 街道 上村 元 山东 十六 巷 八号 楼 后面 将 毒品 交给   <e2>   周某   </e2>   后 王某某 收取 周某 400 元 现金 人民币 随后 被 民警 抓获 现场 从 周某 处 查获 毒品 一小包 从 王某某 身上 查获 毒资 400 元及 手机 一部 经 鉴定 毒品 净重 1.29克 含 甲基苯丙胺,1
traffic_in,经 审理 查明 2015年10月 4日 8 时许 周某 电话 联系 被告人 王某某 以 人民币 400 元 求购 2 个 毒品 11 时许   <e1>   王某某   </e1>   来到 约定 地点 宝安区 公明 街道 上村 元 山东 十六 巷 八号 楼 后面 将 毒品 交给 周某 后 王某某 收取 周某 400 元 现金 人民币 随后 被 民警 抓获 现场 从 周某 处 查获 毒品 一小包 从 王某某 身上 查获 毒资 400 元及 手机 一部 经 鉴定 毒品 净重 1.29克 含   <e2>   甲基苯丙胺   </e2>  ,0
NA,经 审理 查明 2015年10月 4日 8 时许 周某 电话 联系 被告人 王某某 以 人民币 400 元 求购 2 个 毒品 11 时许 王某某 来到 约定 地点 宝安区 公明 街道 上村 元 山东 十六 巷 八号 楼 后面 将 毒品 交给 周某 后   <e1>   王某某   </e1>   收取 周某 400 元 现金 人民币 随后 被 民警 抓获 现场 从 周某 处 查获 毒品 一小包 从 王某某 身上 查获 毒资 400 元及 手机 一部 经 鉴定 毒品 净重 1.2   <e2>   甲基苯丙胺   </e2>   基 苯丙胺,4
NA,经 审理 查明 2015年10月 4日 8 时许 周某 电话 联系 被告人 王某某 以 人民币 400 元 求购 2 个 毒品 11 时许   <e1>   王某某   </e1>   来到 约定 地点 宝安区 公明 街道 上村 元 山东 十六 巷 八号 楼 后面 将 毒品 交给 周某 后 王某某 收取 周某 400 元 现金 人民币 随后 被 民警 抓获 现场 从 周某 处 查获 毒品 一小包 从 王某某 身上 查获 毒资 400 元及 手机 一部 经 鉴定   <e2>   1.29克   </e2>   . 29 克含 甲基苯丙胺,4
sell_drugs_to,贵州省 兴义市 人民检察院 起诉 指控 2015年8月17日20时 许 被告人   <e1>   向成英   </e1>   在 兴义市 桔山 街道 办事处 永丰路 78 号 门口 以 200 元 的 价格 向 吸毒 人员   <e2>   马某   </e2>   贩卖 1 包 冰毒 晶体 嫌疑 物时 被 公安机关 抓获 当场 从 马某 身上 缴获 该包 嫌疑 物 净重 0.5克 随后 公安机关 又 在 兴义市桔山街道办事处永丰路78号二楼 向成英 租房 处 卧室 床头 的 镜子 后面 查获 冰毒 嫌疑 物 11 包 其中 1 包为 片剂 麻古 6 粒 净重 0.5克 其余 10 包为 晶体 净重 59 克 以上 被查获 冰毒 嫌疑 物 总计 净重 60 克经 鉴定 上述 冰毒 嫌疑 物中均 检出 甲基苯丙胺,1
traffic_in,贵州省 兴义市 人民检察院 起诉 指控 2015年8月17日20时 许 被告人   <e1>   向成英   </e1>   在 兴义市 桔山 街道 办事处 永丰路 78 号 门口 以 200 元 的 价格 向 吸毒 人员 马某 贩卖 1 包   <e2>   冰毒   </e2>   晶体 嫌疑 物时 被 公安机关 抓获 当场 从 马某 身上 缴获 该包 嫌疑 物 净重 0.5克 随后 公安机关 又 在 兴义市桔山街道办事处永丰路78号二楼 向成英 租房 处 卧室 床头 的 镜子 后面 查获 冰毒 嫌疑 物 11 包 其中 1 包为 片剂 麻古 6 粒 净重 0.5克 其余 10 包为 晶体 净重 59 克 以上 被查获 冰毒 嫌疑 物 总计 净重 60 克经 鉴定 上述 冰毒 嫌疑 物中均 检出 甲基苯丙胺,0
NA,贵州省 兴义市 人民检察院 起诉 指控   <e1>   2015年8月17日20时   </e1>   许   <e2>   向成英   </e2>   人 向成英 在 兴义市 桔山 街道 办事处 永丰路 78 号 门口 以 200 元 的 价格 向 吸毒 人员 马某 贩卖 1 包 冰毒 晶体 嫌疑 物时 被 公安机关 抓获 当场 从 马某 身上 缴获 该包 嫌疑 物 净重 0.5克 随后 公安机关 又 在 兴义市桔山街道办事处永丰路78号二楼 向成英 租房 处 卧室 床头 的 镜子 后面 查获 冰毒 嫌疑 物 11 包 其中 1 包为 片剂 麻古 6 粒 净重 0.5克 其余 10 包为 晶体 净重 59 克 以上 被查获 冰毒 嫌疑 物 总计 净重 60 克经 鉴定 上述 冰毒 嫌疑 物中均 检出 甲基苯丙胺,4
NA,贵州省 兴义市 人民检察院 起诉 指控 2015年8月17日20时 许 被告人 向成英 在 兴义市 桔山 街道 办事处 永丰路 78 号 门口 以 200 元 的 价格 向 吸毒 人员   <e1>   马某   </e1>   贩卖 1 包 冰毒 晶体 嫌疑 物时 被 公安机关 抓获 当场 从 马某 身上 缴获 该包 嫌疑 物 净重 0.5克 随后 公安   <e2>   兴义市桔山街道办事处永丰路78号二楼   </e2>   8 号 二楼 向成英 租房 处 卧室 床头 的 镜子 后面 查获 冰毒 嫌疑 物 11 包 其中 1 包为 片剂 麻古 6 粒 净重 0.5克 其余 10 包为 晶体 净重 59 克 以上 被查获 冰毒 嫌疑 物 总计 净重 60 克经 鉴定 上述 冰毒 嫌疑 物中均 检出 甲基苯丙胺,4
provide_shelter_for,经 审理 查明 2014年10月 至 11月 间 被告人   <e1>   刘某某   </e1>   在 其 租住 的 位于 舒城县 城关镇 花桥 路 与 合安路 交叉口 附近 出租房 内 提供 毒品 及 吸毒 工具 先后 两次 容留   <e2>   邓某   </e2>   宋某 吸食毒品,3
provide_shelter_for,经 审理 查明 2014年10月 至 11月 间 被告人   <e1>   刘某某   </e1>   在 其 租住 的 位于 舒城县 城关镇 花桥 路 与 合安路 交叉口 附近 出租房 内 提供 毒品 及 吸毒 工具 先后 两次 容留 邓某   <e2>   宋某   </e2>   吸食毒品,3
NA,经 审理 查明 2014年10月 至 11月 间 被告人 刘某某 在 其 租住 的 位于 舒城县 城关镇 花桥 路 与 合安路 交叉口 附近 出租房 内 提供 毒品 及 吸毒 工具 先后 两次 容留   <e1>   邓某   </e1>     <e2>   宋某   </e2>   吸食毒品,4
NA,经 审理 查明 2014年10月 至 11月 间 被告人   <e1>   刘某某   </e1>   在 其 租住 的 位于 舒城县 城关镇 花桥 路 与 合安路 交叉口 附近 出租房 内 提供 毒品 及 吸毒 工具 先后   <e2>   邓某   </e2>   容留 邓某 宋某 吸食毒品,4
traffic_in,重庆市 渝中区 人民检察院 指控 被告人   <e1>   李某   </e1>   于 2015 年 8 月 7日 12 时许 在 重庆市渝中区大坪医院门诊部一楼大厅 收取 蒋某某 给予 的 毒资 150 元后 贩卖 0.18克   <e2>   海洛因   </e2>   给 蒋某某 交易 完成 后 被 民警 当场 抓获 公诉 机关 认为 被告人 李某 的 行为 已 构成 贩卖毒品 罪系 累犯 和 毒品 再犯 到案 后 如实 供述 自己 的 罪行 提请 本院 依照 中华人民共和国 刑法 第三 百 四十七 条 第四款 第六十五条 第一款 第 三百五十六 条 第六十七条 第三款 之 规定 判处,0
sell_drugs_to,重庆市 渝中区 人民检察院 指控 被告人   <e1>   李某   </e1>   于 2015 年 8 月 7日 12 时许 在 重庆市渝中区大坪医院门诊部一楼大厅 收取 蒋某某 给予 的 毒资 150 元后 贩卖 0.18克 海洛因 给   <e2>   蒋某某   </e2>   交易 完成 后 被 民警 当场 抓获 公诉 机关 认为 被告人 李某 的 行为 已 构成 贩卖毒品 罪系 累犯 和 毒品 再犯 到案 后 如实 供述 自己 的 罪行 提请 本院 依照 中华人民共和国 刑法 第三 百 四十七 条 第四款 第六十五条 第一款 第 三百五十六 条 第六十七条 第三款 之 规定 判处,1
NA,重庆市 渝中区 人民检察院 指控 被告人 李某 于 2015 年 8 月 7日 12 时许 在 重庆市渝中区大坪医院门诊部一楼大厅 收取 蒋某某 给予 的 毒资 150 元后 贩卖 0.18克   <e1>   海洛因   < / e   <e2>   蒋某某   </e2>   给 蒋某某 交易 完成 后 被 民警 当场 抓获 公诉 机关 认为 被告人 李某 的 行为 已 构成 贩卖毒品 罪系 累犯 和 毒品 再犯 到案 后 如实 供述 自己 的 罪行 提请 本院 依照 中华人民共和国 刑法 第三 百 四十七 条 第四款 第六十五条 第一款 第 三百五十六 条 第六十七条 第三款 之 规定 判处,4
NA,重庆市 渝中区 人民检察院 指控 被告人 李某 于 2015 年 8 月 7日 12 时许 在   <e1>   重庆市渝中区大坪医院门诊部一楼大厅   </e1>   收取 蒋某某 给予 的 毒资 150 元后 贩卖 0.18克 海洛因 给   <e2>   蒋某某   </e2>   交易 完成 后 被 民警 当场 抓获 公诉 机关 认为 被告人 李某 的 行为 已 构成 贩卖毒品 罪系 累犯 和 毒品 再犯 到案 后 如实 供述 自己 的 罪行 提请 本院 依照 中华人民共和国 刑法 第三 百 四十七 条 第四款 第六十五条 第一款 第 三百五十六 条 第六十七条 第三款 之 规定 判处,4
sell_drugs_to,经 审理 查明 2016 年 12 月 11 日 20 时许 吸毒 人员   <e1>   符某辉   </e1>   使用 手机号码 184 某某某 82 某某某 拨   <e2>   邢某浩   </e2>   人 邢某浩 的 手机号码 152 某某某 75 某某某 联系 购买 350 元 的 毒品 海洛因 被告人 邢某浩 表示同意 两人 约定 在 文昌市 东路 镇约亭 圩雨坛 路口处 见面 随后 两人 依约 见面 符某辉 将 350 元 交给 被告人 邢某浩 被告人 邢某浩 拿 钱 后 自行 前往 约 亭 圩 向 一 名叫 妚 乐 的 男子 具体 身份 不详 以 320 元 的 价格 购得 1 包 毒品 海洛因 用 红色 塑料 吸管 包装 后 返回 雨坛 路口处 将 该 包 毒品 海洛因 交付给 符某辉 交易 完成 后 符某辉 从 所 购得 毒品 中 分 一部分 赠予 被告人 邢某浩 随后 两人 欲 一起 吸食毒品 时 被 文昌市 公安局 民警 当场 抓获 民警 当场 从 被告人 邢某浩 处 扣押 毒品 疑似 物 1 包用 黑色 塑料薄膜 包装 现金 50 元 4 张 10 元 面额 2 张 5 元 面额 手机 1 部 白色 号码 152 某某某 75 某某某 毒品 疑似 物 若干 颗粒 一次性 注射器 盛放 白色 颗粒状 从 吸毒 人员 符某辉 处 扣押 毒品 疑似 物 1 包 红色 塑料薄膜 包装 现金 10 元 1 张 10 元 面额,1
traffic_in,经 审理 查明 2016 年 12 月 11 日 20 时许 吸毒 人员 符某辉 使用 手机号码 184 某某某 82 某某某 拨打 被告人   <e1>   邢某浩   </e1>   的 手机号码 152 某某某 75 某某某 联系 购买 350 元 的 毒品   <e2>   海洛因   </e2>   被告人 邢某浩 表示同意 两人 约定 在 文昌市 东路 镇约亭 圩雨坛 路口处 见面 随后 两人 依约 见面 符某辉 将 350 元 交给 被告人 邢某浩 被告人 邢某浩 拿 钱 后 自行 前往 约 亭 圩 向 一 名叫 妚 乐 的 男子 具体 身份 不详 以 320 元 的 价格 购得 1 包 毒品 海洛因 用 红色 塑料 吸管 包装 后 返回 雨坛 路口处 将 该 包 毒品 海洛因 交付给 符某辉 交易 完成 后 符某辉 从 所 购得 毒品 中 分 一部分 赠予 被告人 邢某浩 随后 两人 欲 一起 吸食毒品 时 被 文昌市 公安局 民警 当场 抓获 民警 当场 从 被告人 邢某浩 处 扣押 毒品 疑似 物 1 包用 黑色 塑料薄膜 包装 现金 50 元 4 张 10 元 面额 2 张 5 元 面额 手机 1 部 白色 号码 152 某某某 75 某某某 毒品 疑似 物 若干 颗粒 一次性 注射器 盛放 白色 颗粒状 从 吸毒 人员 符某辉 处 扣押 毒品 疑似 物 1 包 红色 塑料薄膜 包装 现金 10 元 1 张 10 元 面额,0
traffic_in,经 审理 查明 2016 年 12 月 11 日 20 时许 吸毒 人员 符某辉 使用 手机号码 184 某某某 82 某某某 拨打 被告人 邢某浩 的 手机号码 152 某某某 75 某某某 联系 购买 350 元 的 毒品 海洛因 被告人 邢某浩 表示同意 两人 约定 在 文昌市 东路 镇约亭 圩雨坛 路口处 见面 随后 两人 依约 见面 符某辉 将 350 元 交给 被告人 邢某浩 被告人   <e1>   邢某浩   </e1>   拿 钱 后 自行 前往 约 亭 圩 向 一 名叫 妚 乐 的 男子 具体 身份 不详 以 320 元 的 价格 购得 1 包 毒品 海洛因 用 红色 塑料 吸管 包装 后 返回 雨坛 路口处 将 该 包 毒品   <e2>   海洛因   </e2>   交付给 符某辉 交易 完成 后 符某辉 从 所 购得 毒品 中 分 一部分 赠予 被告人 邢某浩 随后 两人 欲 一起 吸食毒品 时 被 文昌市 公安局 民警 当场 抓获 民警 当场 从 被告人 邢某浩 处 扣押 毒品 疑似 物 1 包用 黑色 塑料薄膜 包装 现金 50 元 4 张 10 元 面额 2 张 5 元 面额 手机 1 部 白色 号码 152 某某某 75 某某某 毒品 疑似 物 若干 颗粒 一次性 注射器 盛放 白色 颗粒状 从 吸毒 人员 符某辉 处 扣押 毒品 疑似 物 1 包 红色 塑料薄膜 包装 现金 10 元 1 张 10 元 面额,0
sell_drugs_to,经 审理 查明 2016 年 12 月 11 日 20 时许 吸毒 人员 符某辉 使用 手机号码 184 某某某 82 某某某 拨打 被告人 邢某浩 的 手机号码 152 某某某 75 某某某 联系 购买 350 元 的 毒品 海洛因 被告人 邢某浩 表示同意 两人 约定 在 文昌市 东路 镇约亭 圩雨坛 路口处 见面 随后 两人 依约 见面 符某辉 将 350 元 交给 被告人 邢某浩 被告人   <e1>   邢某浩   </e1>   拿 钱 后 自行 前往 约 亭 圩 向 一 名叫 妚 乐 的 男子 具体 身份 不详 以 320 元 的 价格 购得 1 包 毒品 海洛因 用 红色 塑料 吸管 包装 后 返回 雨坛 路口处 将 该 包 毒品 海洛因 交付给   <e2>   符某辉   </e2>   交易 完成 后 符某辉 从 所 购得 毒品 中 分 一部分 赠予 被告人 邢某浩 随后 两人 欲 一起 吸食毒品 时 被 文昌市 公安局 民警 当场 抓获 民警 当场 从 被告人 邢某浩 处 扣押 毒品 疑似 物 1 包用 黑色 塑料薄膜 包装 现金 50 元 4 张 10 元 面额 2 张 5 元 面额 手机 1 部 白色 号码 152 某某某 75 某某某 毒品 疑似 物 若干 颗粒 一次性 注射器 盛放 白色 颗粒状 从 吸毒 人员 符某辉 处 扣押 毒品 疑似 物 1 包 红色 塑料薄膜 包装 现金 10 元 1 张 10 元 面额,1
NA,经 审理 查明 2016 年 12 月 11 日 20 时许 吸毒 人员 符某辉 使用 手机号码 184 某某某 82 某某某 拨打 被告人 邢某浩 的 手机号码 152 某某某 75 某某某 联系 购买 350 元 的 毒品 海洛因 被告人 邢某浩 表示同意 两人 约定 在 文昌市 东路 镇约亭 圩雨坛 路口处 见面 随后 两人 依约 见面   <e1>   符某辉   </e1>   将 350 元交   <e2>   邢某浩   </e2>   人 邢某浩 被告人 邢某浩 拿 钱 后 自行 前往 约 亭 圩 向 一 名叫 妚 乐 的 男子 具体 身份 不详 以 320 元 的 价格 购得 1 包 毒品 海洛因 用 红色 塑料 吸管 包装 后 返回 雨坛 路口处 将 该 包 毒品 海洛因 交付给 符某辉 交易 完成 后 符某辉 从 所 购得 毒品 中 分 一部分 赠予 被告人 邢某浩 随后 两人 欲 一起 吸食毒品 时 被 文昌市 公安局 民警 当场 抓获 民警 当场 从 被告人 邢某浩 处 扣押 毒品 疑似 物 1 包用 黑色 塑料薄膜 包装 现金 50 元 4 张 10 元 面额 2 张 5 元 面额 手机 1 部 白色 号码 152 某某某 75 某某某 毒品 疑似 物 若干 颗粒 一次性 注射器 盛放 白色 颗粒状 从 吸毒 人员 符某辉 处 扣押 毒品 疑似 物 1 包 红色 塑料薄膜 包装 现金 10 元 1 张 10 元 面额,4
NA,经 审理 查明 2016 年 12 月 11 日 20 时许 吸毒 人员 符某辉 使用 手机号码 184 某某某 82 某某某 拨打 被告人   <e1>   邢某浩   </e1>   的 手机号码 152 某某某 75 某某某 联系 购买 350 元 的 毒品 海洛因 被告人 邢某浩 表示同意 两人 约定 在 文昌市 东路 镇约亭 圩雨坛 路口处 见面 随后 两人 依约 见面 符某辉 将 350 元 交给 被告人 邢某浩 被告人 邢某浩 拿 钱 后 自行 前往 约 亭 圩 向 一 名叫 妚 乐 的 男子 具体 身份 不详 以 320 元 的 价格 购得   <e2>   海洛因   </e2>   品 海洛因 用 红色 塑料 吸管 包装 后 返回 雨坛 路口处 将 该 包 毒品 海洛因 交付给 符某辉 交易 完成 后 符某辉 从 所 购得 毒品 中 分 一部分 赠予 被告人 邢某浩 随后 两人 欲 一起 吸食毒品 时 被 文昌市 公安局 民警 当场 抓获 民警 当场 从 被告人 邢某浩 处 扣押 毒品 疑似 物 1 包用 黑色 塑料薄膜 包装 现金 50 元 4 张 10 元 面额 2 张 5 元 面额 手机 1 部 白色 号码 152 某某某 75 某某某 毒品 疑似 物 若干 颗粒 一次性 注射器 盛放 白色 颗粒状 从 吸毒 人员 符某辉 处 扣押 毒品 疑似 物 1 包 红色 塑料薄膜 包装 现金 10 元 1 张 10 元 面额,4
sell_drugs_to,经 审理 查明 2015年7月20日19时 许 被告人   <e1>   莫某某   </e1>   接到 吸毒 人员   <e2>   蒙某   </e2>   向 其 购买 毒品 海洛因 的 电话 后 在 黔东南州 人民 医院 住院部 后门 处 贩卖 了 一个 海洛因 零包 给 蒙某 获毒资 100 元 交易 完成 后 二人 被 公安人员 当场 抓获 从 蒙某 处 缴获 海洛因 零包 一个 净重 0.1克 从 被告人 莫某某 处 缴获 现金 191 元 手机 一部 现金 191 元及 手机 一部 已 随案移送 至 本院,1
traffic_in,经 审理 查明 2015年7月20日19时 许 被告人   <e1>   莫某某   </e1>   接到 吸毒 人员 蒙某 向 其 购买 毒品   <e2>   海洛因   </e2>   的 电话 后 在 黔东南州 人民 医院 住院部 后门 处 贩卖 了 一个 海洛因 零包 给 蒙某 获毒资 100 元 交易 完成 后 二人 被 公安人员 当场 抓获 从 蒙某 处 缴获 海洛因 零包 一个 净重 0.1克 从 被告人 莫某某 处 缴获 现金 191 元 手机 一部 现金 191 元及 手机 一部 已 随案移送 至 本院,0
NA,经 审理 查明 2015年7月20日19时 许 被告人 莫某某 接到 吸毒 人员 蒙某 向 其 购买 毒品 海洛因 的 电话 后 在 黔东南州 人民 医院 住院部 后门 处 贩卖 了 一个 海洛因 零包 给   <e1>   蒙某   </e1>   获毒资 100 元 交易 完成 后 二人 被 公安人员 当场 抓获 从   <e2>   蒙某   </e2>   处 缴获 海洛因 零包 一个 净重 0.1克 从 被告人 莫某某 处 缴获 现金 191 元 手机 一部 现金 191 元及 手机 一部 已 随案移送 至 本院,4
NA,经 审理 查明   <e1>   2015年7月20日19时   </e1>   许 被告人 莫某某 接到 吸毒 人员 蒙某 向 其 购买 毒品 海洛因 的 电话 后 在 黔东南州 人民 医院 住院部 后门 处 贩卖 了 一个 海洛因 零包 给 蒙某 获毒资 100 元 交易 完成 后 二人 被 公安人员 当场 抓获 从 蒙某 处 缴获 海洛因 零包 一个 净重   <e2>   0.1克   </e2>   从 被告人 莫某某 处 缴获 现金 191 元 手机 一部 现金 191 元及 手机 一部 已 随案移送 至 本院,4
sell_drugs_to,贵州省 威宁彝族回族苗族自治县 人民检察院 指控 2015 年 4 月 25 日 被告人   <e1>   崔某某   </e1>   在 牛棚镇三河村社房组小地名瓦厂队沟边 处以 人民币 50.00 元 价格 向   <e2>   马某甲   </e2>   出售 海洛因 可疑 物零包 一个 海洛因 可疑 物已 被 马某甲 吸食 完毕,1
traffic_in,贵州省 威宁彝族回族苗族自治县 人民检察院 指控 2015 年 4 月 25 日 被告人   <e1>   崔某某   </e1>   在 牛棚镇三河村社房组小地名瓦厂队沟边 处以 人民币 50.00 元 价格 向 马某甲 出售   <e2>   海洛因   </e2>   可疑 物零包 一个 海洛因 可疑 物已 被 马某甲 吸食 完毕,0
NA,贵州省 威宁彝族回族苗族自治县 人民检察院 指控 2015 年 4 月 25 日 被告人   <e1>   崔某某   </e1>   在 牛棚镇三河村社房组小地名瓦厂队沟边 处以 人民币 50.00 元 价格 向 马   <e2>   海洛因   </e2>   售 海洛因 可疑 物零包 一个 海洛因 可疑 物已 被 马某甲 吸食 完毕,4
NA,贵州省 威宁彝族回族苗族自治县 人民检察院 指控 2015 年 4 月 25 日 被告人   <e1>   崔某某   < / e   <e2>   牛棚镇三河村社房组小地名瓦厂队沟边   </e2>   厂队 沟边 处以 人民币 50.00 元 价格 向 马某甲 出售 海洛因 可疑 物零包 一个 海洛因 可疑 物已 被 马某甲 吸食 完毕,4
sell_drugs_to,公诉 机关 指控 并 经 本院 审理 查明 2014年2月19日2时 许 群众 陈向 公安机关 举报 被告人 姚志强 贩卖毒品 的 线索 并 通过 电话 方式 向 被告人 姚志强 约购 毒品 并 由 公安机关 在 本市 海淀区 筹集 毒资 人民币 9000 元 当日 11 时许 被告人   <e1>   姚志强   </e1>   在 本市朝阳区华泰饭店 附近 以 人民币 9000 元 的 价格 向 举报人   <e2>   陈   </e2>   贩卖毒品 两包 后 被 民警 当场 抓获 经 鉴定 上述 毒品 检出 甲基苯丙胺 净重 19.5 6克 民警 另 从 被告人 姚志强 的 暂住地 起 获 毒品 四包 经 鉴定 检出 甲基苯丙胺 2.25克 被告人 姚志强 到案 后 如实 供述 了 上述事实,1
traffic_in,公诉 机关 指控 并 经 本院 审理 查明 2014年2月19日2时 许 群众 陈向 公安机关 举报 被告人 姚志强 贩卖毒品 的 线索 并 通过 电话 方式 向 被告人 姚志强 约购 毒品 并 由 公安机关 在 本市 海淀区 筹集 毒资 人民币 9000 元 当日 11 时许 被告人   <e1>   姚志强   </e1>   在 本市朝阳区华泰饭店 附近 以 人民币 9000 元 的 价格 向 举报人 陈 贩卖毒品 两包 后 被 民警 当场 抓获 经 鉴定 上述 毒品 检出   <e2>   甲基苯丙胺   </e2>   净重 19.5 6克 民警 另 从 被告人 姚志强 的 暂住地 起 获 毒品 四包 经 鉴定 检出 甲基苯丙胺 2.25克 被告人 姚志强 到案 后 如实 供述 了 上述事实,0
NA,公诉 机关 指控 并 经 本院 审理 查明 2014年2月19日2时 许 群众   <e1>   陈   </e1>   向 公安机关 举报 被告人 姚志强 贩卖毒品 的 线索 并 通过 电话 方式 向 被告人 姚志强 约购 毒品 并 由 公安机关 在 本市 海淀区 筹集 毒资 人民币 9000 元 当日 11 时许 被告人 姚志强 在   <e2>   本市朝阳区华泰饭店   </e2>   附近 以 人民币 9000 元 的 价格 向 举报人 陈 贩卖毒品 两包 后 被 民警 当场 抓获 经 鉴定 上述 毒品 检出 甲基苯丙胺 净重 19.5 6克 民警 另 从 被告人 姚志强 的 暂住地 起 获 毒品 四包 经 鉴定 检出 甲基苯丙胺 2.25克 被告人 姚志强 到案 后 如实 供述 了 上述事实,4
NA,公诉 机关 指控 并 经 本院 审理 查明   <e1>   2014年2月19日2时   </e1>   许 群众 陈向 公安机关 举报 被告人 姚志强 贩卖毒品 的 线索 并 通过 电话 方式 向 被告人 姚志强 约购 毒品 并 由 公安机关 在 本市 海淀区 筹集 毒资 人民币 9000 元 当日 11 时许 被告人 姚志强 在 本市朝阳区华泰饭店 附近 以 人民币 9000 元 的 价格 向 举报人 陈 贩卖毒品 两包 后 被 民警 当场 抓获 经 鉴定 上述 毒品 检出 甲基苯丙胺 净重 19.5 6克 民警 另 从 被告人 姚志强 的 暂住地 起 获 毒品 四包 经 鉴定 检出 甲基苯丙胺   <e2>   2.25克   </e2>   被告人 姚志强 到案 后 如实 供述 了 上述事实,4
posess,中山市 第一 市区 人民检察院 指控 2015 年 11月 5 日 上午 10 时许 被告人   <e1>   朱某   </e1>   携带 毒品 驾驶 电动车 窜 至 中山市石岐区湖滨路 1 号 门前 时 被 预伏 的 公安人员 抓获 公安人员 从 朱某 处 缴获 手机 1 部 电动车 1 台 人民币 1800 元 毒品 4 包 并 在 其 位于 中山市 石岐区 大维 街 88 号 104 房 的 住处 缴获 毒品 6 包经 检验 检出   <e2>   甲基苯丙胺   </e2>   成分 共 净重 27.7 克 归案 后 朱某 如实 供述 了 上述事实 朱某 归案 后 配合 公安人员 抓获 贩卖毒品 的 陈康厚,2
NA,中山市 第一 市区 人民检察院 指控 2015 年 11月 5 日 上午 10 时许 被告人   <e1>   朱某   </e1>   携带 毒品 驾驶 电动车 窜 至   <e2>   中山市石岐区湖滨路   </e2>   1 号 门前 时 被 预伏 的 公安人员 抓获 公安人员 从 朱某 处 缴获 手机 1 部 电动车 1 台 人民币 1800 元 毒品 4 包 并 在 其 位于 中山市 石岐区 大维 街 88 号 104 房 的 住处 缴获 毒品 6 包经 检验 检出 甲基苯丙胺 成分 共 净重 27.7 克 归案 后 朱某 如实 供述 了 上述事实 朱某 归案 后 配合 公安人员 抓获 贩卖毒品 的 陈康厚,4
NA,  <e1>   中山市   </e1>   第一 市区 人民检察院 指控 2015 年 11月 5 日 上午 10 时许 被告人 朱某 携带 毒品 驾驶 电动车 窜 至 中山市石岐区湖滨路 1 号 门前 时 被 预伏 的 公安人员 抓获 公安人员 从 朱某 处 缴获 手机 1 部 电动车 1 台 人民币 1800 元 毒品 4 包 并 在 其 位于 中山市 石岐区 大维 街 88 号 104 房 的 住处 缴获 毒品 6 包经 检验 检出 甲基苯丙胺 成分 共 净重 27.7 克 归案 后 朱某 如实 供述 了 上   <e2>   朱某   </e2>   实 朱某 归案 后 配合 公安人员 抓获 贩卖毒品 的 陈康厚,4
posess,公诉 机关 指控 2016年7月24日 被告人   <e1>   李某   </e1>   在 沈阳市 铁西区 南六 西路 XX 号 其 住处 非法 持有   <e2>   甲基苯丙胺   </e2>   冰毒 1 0.5克,2
NA,公诉 机关 指控   <e1>   2016年7月24日   </e1>   被告人 李某 在 沈阳市 铁西区 南六 西路 XX 号 其 住处 非法 持有 甲基苯丙胺   <e2>   冰毒   </e2>   1 0.5克,4
NA,公诉 机关 指控   <e1>   2016年7月24日   </e1>   被告人 李某 在 沈阳市 铁西区 南六 西路 XX 号 其 住处   <e2>   甲基苯丙胺   </e2>   基 苯丙胺 冰毒 1 0.5克,4
traffic_in,公诉 机关 指控 2013年6月20日凌晨1时 许 被告人   <e1>   谭某某   </e1>   依约 到 贵港市 港北区 中山路 聚龙 城门口 以 人民币 200 元 的 价格 将 1 小包 净重 0.2克 的 毒品   <e2>   甲基苯丙胺   </e2>   出售 给 苏某某 刚 交易 完毕 即 被 公安人员 人赃俱获,0
sell_drugs_to,公诉 机关 指控 2013年6月20日凌晨1时 许 被告人   <e1>   谭某某   </e1>   依约 到 贵港市 港北区 中山路 聚龙 城门口 以 人民币 200 元 的 价格 将 1 小包 净重 0.2克 的 毒品 甲基苯丙胺 出售 给   <e2>   苏某某   </e2>   刚 交易 完毕 即 被 公安人员 人赃俱获,1
NA,公诉 机关 指控   <e1>   2013年6月20日凌晨1时   </e1>   许 被告人 谭某某 依约 到 贵港市 港北区 中山路 聚龙 城门口 以 人民币 200 元 的 价格 将 1 小包 净重 0.2   <e2>   甲基苯丙胺   </e2>   基 苯丙胺 出售 给 苏某某 刚 交易 完毕 即 被 公安人员 人赃俱获,4
NA,公诉 机关 指控 2013年6月20日凌晨1时 许 被告人 谭某某 依约 到 贵港市 港北区 中山路 聚龙 城门口 以 人民币 200 元 的 价格 将 1 小包 净重 0.2克 的 毒品   <e1>   甲基苯丙胺   </e1>   出售 给   <e2>   苏某某   </e2>   刚 交易 完毕 即 被 公安人员 人赃俱获,4
posess,罗城仫佬族自治县 人民检察院 指控 2015 年 12 月 12 日 被告人 莫勇万莫某某 为 购买 毒品 海洛因 供其 吸食 其 便 窜 至 广东省深圳市宝安区一超市 附近 找到 其 认识 的 牌友 帮 联系 购买 毒品 海洛因 次日18时 许 被告人 莫勇万莫某某 在 牌友 的 协助 下 在 深圳市 宝安区 的 一 小河边 以 1500 元 的 价格 与 一 男青年 买 得 毒品 海洛因 同月 1 4日 22 时许 被告人   <e1>   莫勇万莫某某   </e1>   携带 购买 得 的 毒品   <e2>   海洛因   </e2>   乘车 返回 罗城仫佬族自治县 东门 镇 汽车 总站 后 驾驶 其 事先 停放在 汽车 总站 内 牌号 为桂 Ｍ 的 面包车 返回 家 同日 23 时许 被告人 莫勇万莫某某 驾车 途经 罗城仫佬族自治县 四把 镇思平村 凤凰 屯 附近 路段 时 被 罗城仫佬族自治县 公安局 民警 查获 并 在 其 面包车 上 查获 毒品 海洛因 3 包经称 净重 20.82克,2
NA,罗城仫佬族自治县 人民检察院 指控 2015 年 12 月 12 日 被告人 莫勇万莫某某 为 购买 毒品 海洛因 供其 吸食 其 便 窜 至   <e1>   广东省深圳市宝安区一超市   </e1>   附近 找到 其 认识 的 牌友 帮 联系 购买 毒品 海洛因 次日18时 许 被告人 莫勇万莫某某 在 牌友 的 协助 下 在 深圳市 宝安区 的 一 小河边 以 1500 元 的 价格 与 一 男青年 买 得 毒品 海洛因 同月 1 4日 22 时许 被告人 莫勇万莫某某 携带 购买 得 的 毒品 海洛因 乘车 返回 罗城仫佬族自治县 东门 镇 汽车 总站 后 驾驶 其 事先 停放在 汽车 总站 内 牌号 为桂 Ｍ 的 面包车 返回 家 同日 23 时许 被告人 莫勇万莫某某 驾车 途经 罗城仫佬族自治县 四把 镇思平村 凤凰 屯 附近 路段 时 被 罗城仫佬族自治县 公安局 民警 查获 并 在 其 面包车 上 查获 毒品 海洛因 3 包   <e2>   20.82克   </e2>   . 8 2克,4
NA,罗城仫佬族自治县 人民检察院 指控 2015 年 12 月 12 日 被告人 莫勇万莫某某 为 购买 毒品 海洛因 供其 吸食 其 便 窜 至   <e1>   广东省深圳市宝安区一超市   </e1>   附近 找到 其 认识 的 牌友 帮 联系 购买 毒品   <e2>   次日18时   </e2>   日 18 时许 被告人 莫勇万莫某某 在 牌友 的 协助 下 在 深圳市 宝安区 的 一 小河边 以 1500 元 的 价格 与 一 男青年 买 得 毒品 海洛因 同月 1 4日 22 时许 被告人 莫勇万莫某某 携带 购买 得 的 毒品 海洛因 乘车 返回 罗城仫佬族自治县 东门 镇 汽车 总站 后 驾驶 其 事先 停放在 汽车 总站 内 牌号 为桂 Ｍ 的 面包车 返回 家 同日 23 时许 被告人 莫勇万莫某某 驾车 途经 罗城仫佬族自治县 四把 镇思平村 凤凰 屯 附近 路段 时 被 罗城仫佬族自治县 公安局 民警 查获 并 在 其 面包车 上 查获 毒品 海洛因 3 包经称 净重 20.82克,4
sell_drugs_to,公诉 机关 指控 1 被告人   <e1>   陈卫   </e1>   于 2015 年 11月 21 日 在 本市 拱墅区 石祥路 瓜山 南苑 小区 将 20克 甲基苯丙胺 出售 给 购毒者   <e2>   陈某   </e2>   通过 支付宝 收取 毒资 人民币 2200 元 2 当月 22 日 下午 购毒者 陈某 通过 支付宝 转账 给 被告人 人民币 550 元 提出 购买 甲基苯丙胺片剂 麻古 10 颗后 被告人 将 甲基苯丙胺片剂 9 颗 交付给 陈某 指定 的 一 女子 3 同月 23 日 下午 15 时许 陈某 电话 联系 被告人 陈卫 为 自己 和 王某 要求 购买 毒品 并 通过 支付宝 先 转账 人民币 1500 元 下午16时30分 许 被告人 在 本市 上 城区 江城 路 巨化 宾馆 405 房间 分别 向 陈某 和 王某 各 交付 一包 甲基苯丙胺 经检测 净重 共计 35.5199 克 收取 王某 的 毒资 人民币 3000 元后 随即 被 公安人员 当场 抓获 公诉 机关 认为 上述事实 有 证人 证言 被 扣押 物品 照片 鉴定 意见 通知书 扣押 清单 宾馆 照片 通话 及 短信 聊天记录 照片 支付宝 转账 和 聊天记录 照片 尿检 照片 情况 说明 毒品 上交 清单 刑事 判决书 归案 经过 户籍 证明 检测 证书 毒品 检验 报告 辨认 笔录 及 照片 搜查 笔录 毒品 称重 笔录 监控 录像 光盘 搜查 录像 光盘 及 被告人 的 供述 和 辩解 等 证据 证明 对 被告人 陈卫 应 以 贩卖毒品 罪 追究 刑事责任,1
traffic_in,公诉 机关 指控 1 被告人   <e1>   陈卫   </e1>   于 2015 年 11月 21 日 在 本市 拱墅区 石祥路 瓜山 南苑 小区 将 20克   <e2>   甲基苯丙胺   </e2>   出售 给 购毒者 陈某 通过 支付宝 收取 毒资 人民币 2200 元 2 当月 22 日 下午 购毒者 陈某 通过 支付宝 转账 给 被告人 人民币 550 元 提出 购买 甲基苯丙胺片剂 麻古 10 颗后 被告人 将 甲基苯丙胺片剂 9 颗 交付给 陈某 指定 的 一 女子 3 同月 23 日 下午 15 时许 陈某 电话 联系 被告人 陈卫 为 自己 和 王某 要求 购买 毒品 并 通过 支付宝 先 转账 人民币 1500 元 下午16时30分 许 被告人 在 本市 上 城区 江城 路 巨化 宾馆 405 房间 分别 向 陈某 和 王某 各 交付 一包 甲基苯丙胺 经检测 净重 共计 35.5199 克 收取 王某 的 毒资 人民币 3000 元后 随即 被 公安人员 当场 抓获 公诉 机关 认为 上述事实 有 证人 证言 被 扣押 物品 照片 鉴定 意见 通知书 扣押 清单 宾馆 照片 通话 及 短信 聊天记录 照片 支付宝 转账 和 聊天记录 照片 尿检 照片 情况 说明 毒品 上交 清单 刑事 判决书 归案 经过 户籍 证明 检测 证书 毒品 检验 报告 辨认 笔录 及 照片 搜查 笔录 毒品 称重 笔录 监控 录像 光盘 搜查 录像 光盘 及 被告人 的 供述 和 辩解 等 证据 证明 对 被告人 陈卫 应 以 贩卖毒品 罪 追究 刑事责任,0
sell_drugs_to,公诉 机关 指控 1 被告人   <e1>   陈卫   </e1>   于 2015 年 11月 21 日 在 本市 拱墅区 石祥路 瓜山 南苑 小区 将 20克 甲基苯丙胺 出售 给 购毒者 陈某 通过 支付宝 收取 毒资 人民币 2200 元 2 当月 22 日 下午 购毒者   <e2>   陈某   </e2>   通过 支付宝 转账 给 被告人 人民币 550 元 提出 购买 甲基苯丙胺片剂 麻古 10 颗后 被告人 将 甲基苯丙胺片剂 9 颗 交付给 陈某 指定 的 一 女子 3 同月 23 日 下午 15 时许 陈某 电话 联系 被告人 陈卫 为 自己 和 王某 要求 购买 毒品 并 通过 支付宝 先 转账 人民币 1500 元 下午16时30分 许 被告人 在 本市 上 城区 江城 路 巨化 宾馆 405 房间 分别 向 陈某 和 王某 各 交付 一包 甲基苯丙胺 经检测 净重 共计 35.5199 克 收取 王某 的 毒资 人民币 3000 元后 随即 被 公安人员 当场 抓获 公诉 机关 认为 上述事实 有 证人 证言 被 扣押 物品 照片 鉴定 意见 通知书 扣押 清单 宾馆 照片 通话 及 短信 聊天记录 照片 支付宝 转账 和 聊天记录 照片 尿检 照片 情况 说明 毒品 上交 清单 刑事 判决书 归案 经过 户籍 证明 检测 证书 毒品 检验 报告 辨认 笔录 及 照片 搜查 笔录 毒品 称重 笔录 监控 录像 光盘 搜查 录像 光盘 及 被告人 的 供述 和 辩解 等 证据 证明 对 被告人 陈卫 应 以 贩卖毒品 罪 追究 刑事责任,1
sell_drugs_to,公诉 机关 指控 1 被告人 陈卫 于 2015 年 11月 21 日 在 本市 拱墅区 石祥路 瓜山 南苑 小区 将 20克 甲基苯丙胺 出售 给 购毒者 陈某 通过 支付宝 收取 毒资 人民币 2200 元 2 当月 22 日 下午 购毒者 陈某 通过 支付宝 转账 给 被告人 人民币 550 元 提出 购买 甲基苯丙胺片剂 麻古 10 颗后 被告人 将 甲基苯丙胺片剂 9 颗 交付给 陈某 指定 的 一 女子 3 同月 23 日 下午 15 时许 陈某 电话 联系 被告人   <e1>   陈卫   </e1>   为 自己 和 王某 要求 购买 毒品 并 通过 支付宝 先 转账 人民币 1500 元 下午16时30分 许 被告人 在 本市 上 城区 江城 路 巨化 宾馆 405 房间 分别 向   <e2>   陈某   </e2>   和 王某 各 交付 一包 甲基苯丙胺 经检测 净重 共计 35.5199 克 收取 王某 的 毒资 人民币 3000 元后 随即 被 公安人员 当场 抓获 公诉 机关 认为 上述事实 有 证人 证言 被 扣押 物品 照片 鉴定 意见 通知书 扣押 清单 宾馆 照片 通话 及 短信 聊天记录 照片 支付宝 转账 和 聊天记录 照片 尿检 照片 情况 说明 毒品 上交 清单 刑事 判决书 归案 经过 户籍 证明 检测 证书 毒品 检验 报告 辨认 笔录 及 照片 搜查 笔录 毒品 称重 笔录 监控 录像 光盘 搜查 录像 光盘 及 被告人 的 供述 和 辩解 等 证据 证明 对 被告人 陈卫 应 以 贩卖毒品 罪 追究 刑事责任,1
sell_drugs_to,公诉 机关 指控 1 被告人 陈卫 于 2015 年 11月 21 日 在 本市 拱墅区 石祥路 瓜山 南苑 小区 将 20克 甲基苯丙胺 出售 给 购毒者 陈某 通过 支付宝 收取 毒资 人民币 2200 元 2 当月 22 日 下午 购毒者 陈某 通过 支付宝 转账 给 被告人 人民币 550 元 提出 购买 甲基苯丙胺片剂 麻古 10 颗后 被告人 将 甲基苯丙胺片剂 9 颗 交付给 陈某 指定 的 一 女子 3 同月 23 日 下午 15 时许 陈某 电话 联系 被告人   <e1>   陈卫   </e1>   为 自己 和 王某 要求 购买 毒品 并 通过 支付宝 先 转账 人民币 1500 元 下午16时30分 许 被告人 在 本市 上 城区 江城 路 巨化 宾馆 405 房间 分别 向 陈某 和   <e2>   王某   </e2>   各 交付 一包 甲基苯丙胺 经检测 净重 共计 35.5199 克 收取 王某 的 毒资 人民币 3000 元后 随即 被 公安人员 当场 抓获 公诉 机关 认为 上述事实 有 证人 证言 被 扣押 物品 照片 鉴定 意见 通知书 扣押 清单 宾馆 照片 通话 及 短信 聊天记录 照片 支付宝 转账 和 聊天记录 照片 尿检 照片 情况 说明 毒品 上交 清单 刑事 判决书 归案 经过 户籍 证明 检测 证书 毒品 检验 报告 辨认 笔录 及 照片 搜查 笔录 毒品 称重 笔录 监控 录像 光盘 搜查 录像 光盘 及 被告人 的 供述 和 辩解 等 证据 证明 对 被告人 陈卫 应 以 贩卖毒品 罪 追究 刑事责任,1
NA,公诉 机关 指控 1 被告人 陈卫 于 2015 年 11月 21 日 在 本市 拱墅区 石祥路 瓜山 南苑 小区 将 20克 甲基苯丙胺 出售 给 购毒者 陈某 通过 支付宝 收取 毒资 人民币 2200 元 2 当月 22 日 下午 购毒者 陈某 通过 支付宝 转账 给 被告人 人民币 550 元 提出 购买 甲基苯丙胺片剂 麻古 10 颗后 被告人 将 甲基苯丙胺片剂 9 颗 交付给 陈某 指定 的 一 女子 3 同月 23 日 下午 15 时许 陈某 电话 联系 被告人 陈卫 为 自己 和 王某 要求 购买 毒品 并 通过 支付宝 先 转账 人民币 1500 元   <e1>   下午16时30分   </e1>   许 被告人 在 本市 上 城区 江城 路 巨化 宾馆 405 房间 分别 向 陈某 和 王某 各 交付 一包 甲基苯丙胺 经检测 净重 共计 35.5199 克   <e2>   王某   </e2>   收取 王某 的 毒资 人民币 3000 元后 随即 被 公安人员 当场 抓获 公诉 机关 认为 上述事实 有 证人 证言 被 扣押 物品 照片 鉴定 意见 通知书 扣押 清单 宾馆 照片 通话 及 短信 聊天记录 照片 支付宝 转账 和 聊天记录 照片 尿检 照片 情况 说明 毒品 上交 清单 刑事 判决书 归案 经过 户籍 证明 检测 证书 毒品 检验 报告 辨认 笔录 及 照片 搜查 笔录 毒品 称重 笔录 监控 录像 光盘 搜查 录像 光盘 及 被告人 的 供述 和 辩解 等 证据 证明 对 被告人 陈卫 应 以 贩卖毒品 罪 追究 刑事责任,4
NA,公诉 机关 指控 1 被告人   <e1>   陈卫   </e1>   于 2015 年 11月 21 日 在 本市 拱墅区 石祥路 瓜山 南苑 小区   <e2>   甲基苯丙胺   </e2>   基 苯丙胺 出售 给 购毒者 陈某 通过 支付宝 收取 毒资 人民币 2200 元 2 当月 22 日 下午 购毒者 陈某 通过 支付宝 转账 给 被告人 人民币 550 元 提出 购买 甲基苯丙胺片剂 麻古 10 颗后 被告人 将 甲基苯丙胺片剂 9 颗 交付给 陈某 指定 的 一 女子 3 同月 23 日 下午 15 时许 陈某 电话 联系 被告人 陈卫 为 自己 和 王某 要求 购买 毒品 并 通过 支付宝 先 转账 人民币 1500 元 下午16时30分 许 被告人 在 本市 上 城区 江城 路 巨化 宾馆 405 房间 分别 向 陈某 和 王某 各 交付 一包 甲基苯丙胺 经检测 净重 共计 35.5199 克 收取 王某 的 毒资 人民币 3000 元后 随即 被 公安人员 当场 抓获 公诉 机关 认为 上述事实 有 证人 证言 被 扣押 物品 照片 鉴定 意见 通知书 扣押 清单 宾馆 照片 通话 及 短信 聊天记录 照片 支付宝 转账 和 聊天记录 照片 尿检 照片 情况 说明 毒品 上交 清单 刑事 判决书 归案 经过 户籍 证明 检测 证书 毒品 检验 报告 辨认 笔录 及 照片 搜查 笔录 毒品 称重 笔录 监控 录像 光盘 搜查 录像 光盘 及 被告人 的 供述 和 辩解 等 证据 证明 对 被告人 陈卫 应 以 贩卖毒品 罪 追究 刑事责任,4
sell_drugs_to,公诉 机关 指控 2014 年 9 月 26 日 13 时许 次日 8 时许 16 时许 被告人   <e1>   卢某某   </e1>   在 阳西县 沙扒镇 卫生院 附近 分别 帮助 陈某某 购买 价值 60 元 30 元 120 元 的 毒品 海洛因 并 在 阳西县 儒洞 镇寿场 将 所 购买 的 毒品 交给   <e2>   陈某某   </e2>   每次 陈某某 支付 25 元 的 报酬 给 卢某某 对 上述 指控 事实 公诉 机关 向 法庭 提供 了 相应 的 证据 予以 证实 认为 被告人 卢某某 的 行为 已 构成 贩卖毒品 罪 提请 依照 中华人民共和国 刑法 第三 百 四十七 条 第四款 之 规定 处罚,1
traffic_in,公诉 机关 指控 2014 年 9 月 26 日 13 时许 次日 8 时许 16 时许 被告人   <e1>   卢某某   </e1>   在 阳西县 沙扒镇 卫生院 附近 分别 帮助 陈某某 购买 价值 60 元 30 元 120 元 的 毒品   <e2>   海洛因   </e2>   并 在 阳西县 儒洞 镇寿场 将 所 购买 的 毒品 交给 陈某某 每次 陈某某 支付 25 元 的 报酬 给 卢某某 对 上述 指控 事实 公诉 机关 向 法庭 提供 了 相应 的 证据 予以 证实 认为 被告人 卢某某 的 行为 已 构成 贩卖毒品 罪 提请 依照 中华人民共和国 刑法 第三 百 四十七 条 第四款 之 规定 处罚,0
NA,公诉 机关 指控 2014 年 9 月 26 日 13 时许 次日 8 时许 16 时许 被告人   <e1>   卢某某   </e1>   在 阳西县 沙扒镇 卫生院 附近 分别 帮助 陈某某 购买 价值 60 元 30 元 120 元 的 毒品 海洛因 并 在 阳西县 儒洞 镇寿场 将 所 购买 的 毒品 交给 陈某   <e2>   陈某某   </e2>   次 陈某某 支付 25 元 的 报酬 给 卢某某 对 上述 指控 事实 公诉 机关 向 法庭 提供 了 相应 的 证据 予以 证实 认为 被告人 卢某某 的 行为 已 构成 贩卖毒品 罪 提请 依照 中华人民共和国 刑法 第三 百 四十七 条 第四款 之 规定 处罚,4
NA,公诉 机关 指控 2014 年 9 月 26 日 13 时许 次日 8 时许 16 时许 被告人   <e1>   卢某某   </e1>   在 阳西县 沙扒镇 卫生院 附近 分别 帮助   <e2>   陈某某   </e2>   购买 价值 60 元 30 元 120 元 的 毒品 海洛因 并 在 阳西县 儒洞 镇寿场 将 所 购买 的 毒品 交给 陈某某 每次 陈某某 支付 25 元 的 报酬 给 卢某某 对 上述 指控 事实 公诉 机关 向 法庭 提供 了 相应 的 证据 予以 证实 认为 被告人 卢某某 的 行为 已 构成 贩卖毒品 罪 提请 依照 中华人民共和国 刑法 第三 百 四十七 条 第四款 之 规定 处罚,4
sell_drugs_to,经 审理 查明 2011 年 5 月 1 7日 14 时许 被告人   <e1>   高某某   </e1>   与   <e2>   孙XX   </e2>   协商 以 3000 元 的 价格 卖 给 孙XX 冰毒 5 克后 高某某 安排 被告人 郭某某 将 一包 冰毒 经 鉴定 含有 甲基苯丙胺 成分 重 4.64 克送 至 郑州市 金水区 未来 路 汇金 商务酒店 XX 房间 正在 交易 时 被 公安人员 抓获 在 郭某某 的 配合 下 当日下午17时 35 分 左右 公安人员 在 郑州市 金水区 马 李庄 都市 家园 宾馆 601 房间内 将 被告人 高某某 抓获,1
traffic_in,经 审理 查明 2011 年 5 月 1 7日 14 时许 被告人   <e1>   高某某   </e1>   与 孙XX 协商 以 3000 元 的 价格 卖 给 孙XX   <e2>   冰毒   </e2>   5 克后 高某某 安排 被告人 郭某某 将 一包 冰毒 经 鉴定 含有 甲基苯丙胺 成分 重 4.64 克送 至 郑州市 金水区 未来 路 汇金 商务酒店 XX 房间 正在 交易 时 被 公安人员 抓获 在 郭某某 的 配合 下 当日下午17时 35 分 左右 公安人员 在 郑州市 金水区 马 李庄 都市 家园 宾馆 601 房间内 将 被告人 高某某 抓获,0
NA,经 审理 查明 2011 年 5 月 1 7日 14 时许 被告人 高某某 与 孙XX 协商 以 3000 元 的 价格 卖 给   <e1>   孙XX   </e1>   冰毒 5 克后 高某某 安排 被告人 郭某   <e2>   冰毒   </e2>   一包 冰毒 经 鉴定 含有 甲基苯丙胺 成分 重 4.64 克送 至 郑州市 金水区 未来 路 汇金 商务酒店 XX 房间 正在 交易 时 被 公安人员 抓获 在 郭某某 的 配合 下 当日下午17时 35 分 左右 公安人员 在 郑州市 金水区 马 李庄 都市 家园 宾馆 601 房间内 将 被告人 高某某 抓获,4
NA,经 审理 查明 2011 年 5 月 1 7日 14 时许 被告人 高某某 与 孙XX 协商 以 3000 元 的 价格 卖 给 孙XX 冰毒 5 克后 高某某 安排 被告人   <e1>   郭某某   </e1>   将 一包 冰毒 经 鉴定 含有 甲基苯丙胺 成分 重 4.64 克送 至 郑州市 金水区 未来 路 汇金 商务酒店 XX 房间 正在 交易 时 被 公安人员   <e2>   郭某某   </e2>   在 郭某某 的 配合 下 当日下午17时 35 分 左右 公安人员 在 郑州市 金水区 马 李庄 都市 家园 宾馆 601 房间内 将 被告人 高某某 抓获,4
posess,经 审理 查明 2014年4月28日23时 许 公安机关 接 群众 举报 在 本市 江汉区江汉区 永前 三巷 26 号 三楼 将 被告人 平某 抓获 从 被告人   <e1>   平某   </e1>   的 手提包 内 查获 毒品   <e2>   甲基苯丙胺   </e2>   俗称 麻果 冰毒 17.85 克 毒品 已 收缴,2
NA,经 审理 查明 2014年4月28日23时 许 公安机关 接 群众 举报 在 本市 江汉区江汉区 永前 三巷 26 号 三楼 将 被告人   <e1>   平某   </e1>   抓获 从 被告人 平某 的 手提包 内 查获 毒品 甲基 苯丙   <e2>   麻果   </e2>   俗称 麻果 冰毒 17.85 克 毒品 已 收缴,4
NA,经 审理 查明   <e1>   2014年4月28日23时   </e1>   许 公安机关 接 群众 举报 在 本市   <e2>   江汉区江汉区   </e2>   永前 三巷 26 号 三楼 将 被告人 平某 抓获 从 被告人 平某 的 手提包 内 查获 毒品 甲基苯丙胺 俗称 麻果 冰毒 17.85 克 毒品 已 收缴,4
traffic_in,公诉 机关 指控 2014 年 6 月 7日 17 时许 被告人   <e1>   甘某某   </e1>   在 贵港市港北区广西二七三地质队北门门口 外以 人民币 100 元 的 价格 将 1 小包 毒品   <e2>   海洛因   </e2>   净重 0.1 2克 贩卖 给 王XX 两人刚 交易 完毕 即 被 公安民警 人赃俱获,0
sell_drugs_to,公诉 机关 指控 2014 年 6 月 7日 17 时许 被告人   <e1>   甘某某   </e1>   在 贵港市港北区广西二七三地质队北门门口 外以 人民币 100 元 的 价格 将 1 小包 毒品 海洛因 净重 0.1 2克 贩卖 给   <e2>   王XX   </e2>   两人刚 交易 完毕 即 被 公安民警 人赃俱获,1
NA,公诉 机关 指控 2014 年 6 月 7日 17 时许 被告人 甘某某 在   <e1>   贵港市港北区广西二七三地质队北门门口   </e1>   外以 人民币 100 元 的 价格 将 1   <e2>   海洛因   </e2>   品 海洛因 净重 0.1 2克 贩卖 给 王XX 两人刚 交易 完毕 即 被 公安民警 人赃俱获,4
NA,公诉 机关 指控 2014 年 6 月 7日 17 时许 被告人   <e1>   甘某某   </e1>   在 贵港市港北区广西二七三地质队北门门口 外以 人民币 100 元 的 价格 将 1 小包 毒品   <e2>   海洛因   </e2>   净重 0.1 2克 贩卖 给 王XX 两人刚 交易 完毕 即 被 公安民警 人赃俱获,4
provide_shelter_for,大厂回族自治县 人民检察院 指控 2013年11月 5 日 23 时至 次日 6 时 被告人   <e1>   王某1   </e1>   在 大厂回族自治县 大厂 三村 自己 租住 的 房屋 内容 留   <e2>   王某   </e2>   穆某某 于洋 三人 吸食 冰毒 甲基苯丙胺,3
provide_shelter_for,大厂回族自治县 人民检察院 指控 2013年11月 5 日 23 时至 次日 6 时 被告人   <e1>   王某1   </e1>   在 大厂回族自治县 大厂 三村 自己 租住 的 房屋 内容 留 王某   <e2>   穆某某   </e2>   于洋 三人 吸食 冰毒 甲基苯丙胺,3
provide_shelter_for,大厂回族自治县 人民检察院 指控 2013年11月 5 日 23 时至 次日 6 时 被告人   <e1>   王某1   </e1>   在 大厂回族自治县 大厂 三村 自己 租住 的 房屋 内容 留 王某 穆某某   <e2>   于洋   </e2>   三人 吸食 冰毒 甲基苯丙胺,3
NA,大厂回族自治县 人民检察院 指控 2013年11月 5 日 23 时至 次日 6 时 被告人 王某1 在 大厂回族自治县 大厂 三村 自己 租住 的 房屋 内容 留   <e1>   王某   </e1>   穆某某   <e2>   于洋   </e2>   三人 吸食 冰毒 甲基苯丙胺,4
NA,大厂回族自治县 人民检察院 指控 2013年11月 5 日 23 时至 次日 6 时 被告人 王某1 在 大厂回族自治县 大厂 三村 自己 租住 的 房屋 内容 留 王某 穆某某   <e1>   于洋   </e1>   三人吸   <e2>   甲基苯丙胺   </e2>   基 苯丙胺,4
posess,浙江省 象山县 人民检察院 指控 2014年11月1日4时 许 象山县 公安局 因 接到 举报 而 至 象山县 丹西 街道 紫竹 路 64 号 404 室 的 被告人 黄某 租住 房间 进行 检查 公安民警 当场 从 象山县 丹西 街道 紫竹 路 64 号 404 室 的 被告人 黄某 租 住房 内 查获 可疑 晶体 10 包经 鉴定 从 被告人   <e1>   黄某   </e1>   处 查获 的 10 包 可疑 晶体 共 净重 为 11.7628 克均 检出   <e2>   甲基苯丙胺   </e2>   俗称 冰毒 成份,2
NA,浙江省 象山县 人民检察院 指控 2014年11月1日4时 许 象山县 公安局 因 接到 举报 而 至 象山县 丹西 街道 紫竹 路 64 号 404 室 的 被告人 黄某 租住 房间 进行 检查 公安民警 当场 从 象山县 丹西 街道 紫竹 路 64 号 404 室 的 被告人   <e1>   黄某   </e1>   租 住房 内 查获 可疑 晶体 10 包经 鉴定 从 被告人 黄某 处 查获 的 10 包 可疑 晶体 共 净重 为 11.7628 克均 检出 甲基苯丙胺 俗称   <e2>   冰毒   </e2>   成份,4
NA,浙江省 象山县 人民检察院 指控   <e1>   2014年11月1日4时   </e1>   许 象山县 公安局 因 接到 举报 而 至 象山县 丹西 街道 紫竹 路 64 号 404 室 的 被告人 黄某 租住 房间 进行 检查 公安民警 当场 从 象山县 丹西 街道 紫竹 路 64 号 404 室 的 被告人 黄某 租 住房 内 查获 可疑 晶体 10 包经 鉴定 从 被告人 黄某 处 查获 的 10 包 可疑 晶体 共 净重 为 11.7628 克均 检出 甲基 苯丙   <e2>   冰毒   </e2>   俗称 冰毒 成份,4
posess,北京市 通州区 人民检察院 指控 2014 年 4 月 3 日 下午 被告人 邵到 王 贾均 另行 处理 位于 通州区 的 暂住地 一起 吸食 冰毒 后 又 由 被告人 邵 出资 人民币 4000 元王 联系 卖家 购买 毒品 并 返回 到 王贾 暂住地 欲 继续 吸食 北京市公安局 东城 分局 民警 接 群众 举报 检查 时 当场 从   <e1>   邵   </e1>   挎包 里 的 蓝色 烟盒 内 查获   <e2>   甲基苯丙胺   </e2>   1 0.11克 被告人 邵被 当场 抓获 涉案 毒品 已 被 收缴,2
NA,北京市 通州区 人民检察院 指控 2014 年 4 月 3 日 下午 被告人 邵到   <e1>   王   < / e   <e2>   贾   </e2>     贾均 另行 处理 位于 通州区 的 暂住地 一起 吸食 冰毒 后 又 由 被告人 邵 出资 人民币 4000 元王 联系 卖家 购买 毒品 并 返回 到 王贾 暂住地 欲 继续 吸食 北京市公安局 东城 分局 民警 接 群众 举报 检查 时 当场 从 邵 挎包 里 的 蓝色 烟盒 内 查获 甲基苯丙胺 1 0.11克 被告人 邵被 当场 抓获 涉案 毒品 已 被 收缴,4
NA,北京市 通州区 人民检察院 指控 2014 年 4 月 3 日 下午 被告人 邵到 王   <e1>   贾   </e1>   均 另行 处理 位于 通州区 的 暂住地 一起 吸食 冰毒 后 又 由 被告人 邵 出资 人民币 4000 元王 联系 卖家 购买 毒品 并 返回 到 王贾 暂住地 欲 继续 吸食 北京市公安局 东城 分局 民警 接 群众 举报 检查 时   <e2>   邵   </e2>   场 从 邵 挎包 里 的 蓝色 烟盒 内 查获 甲基苯丙胺 1 0.11克 被告人 邵被 当场 抓获 涉案 毒品 已 被 收缴,4
provide_shelter_for,公诉 机关 指控 2014 年 5 月 被告人   <e1>   钟某某   </e1>   在 其 租住 的 乐昌市 公主 下路 屋内 多次 容留   <e2>   汪某   </e2>   余某某 戴某某 用 自制 吸毒 工具 吸食毒品 2014年9月12日 被告人 钟某某 被 抓获归案,3
provide_shelter_for,公诉 机关 指控 2014 年 5 月 被告人   <e1>   钟某某   </e1>   在 其 租住 的 乐昌市 公主 下路 屋内 多次 容留 汪某   <e2>   余某某   </e2>   戴某某 用 自制 吸毒 工具 吸食毒品 2014年9月12日 被告人 钟某某 被 抓获归案,3
provide_shelter_for,公诉 机关 指控 2014 年 5 月 被告人   <e1>   钟某某   </e1>   在 其 租住 的 乐昌市 公主 下路 屋内 多次 容留 汪某 余某某   <e2>   戴某某   </e2>   用 自制 吸毒 工具 吸食毒品 2014年9月12日 被告人 钟某某 被 抓获归案,3
NA,公诉 机关 指控 2014 年 5 月 被告人 钟某某 在 其 租住 的 乐昌市 公主 下路 屋内 多次 容留   <e1>   汪某   </e1>   余某某 戴某某 用 自制 吸毒 工具 吸食毒品 2014年9月12日 被告人   <e2>   钟某某   </e2>   被 抓获归案,4
NA,公诉 机关 指控 2014 年 5 月 被告人 钟某某 在 其 租住 的 乐昌市 公主 下路 屋内 多次 容留 汪某   <e1>   余某某   </e1>   戴某某 用 自制 吸毒 工具 吸食毒品   <e2>   2014年9月12日   </e2>   被告人 钟某某 被 抓获归案,4
posess,公诉 机关 指控 2014 年 9 月 26 日 16 时许 民警 在 重庆市沙坪坝区 某 路口 将 被告人   <e1>   朱某   </e1>   抓获 当场 从 其 身上 检查 出   <e2>   甲基苯丙胺   </e2>   冰毒 9.85 克 和 甲基苯丙胺片剂 俗称 麻古 3.89 克,2
NA,公诉 机关 指控 2014 年 9 月 26 日 16 时许 民警 在   <e1>   重庆市沙坪坝区   </e1>   某 路口 将 被告人   <e2>   朱某   </e2>   抓获 当场 从 其 身上 检查 出 甲基苯丙胺 冰毒 9.85 克 和 甲基苯丙胺片剂 俗称 麻古 3.89 克,4
NA,公诉 机关 指控 2014 年 9 月 26 日 16 时许 民警 在 重庆市沙坪坝区 某 路口 将 被告人 朱某 抓获 当场 从 其 身上 检查 出   <e1>   甲基苯丙胺   </e1>   冰毒 9.85 克 和 甲基苯丙胺片剂   <e2>   麻古   </e2>   称 麻古 3.89 克,4
traffic_in,湖南省 涟源市 人民检察院 指控 2013年10月1日 被告人   <e1>   柳某甲   </e1>   在 涟源市 第四 水泥厂 附近 帮 吸毒 人员 易某某 另案处理 张某 等 在 冷满样 处 购买   <e2>   冰毒   </e2>   麻古 0 . 6克 后 在 易某某 居所 与 易某某 张某 谭泽群 共同 吸食,0
traffic_in,湖南省 涟源市 人民检察院 指控 2013年10月1日 被告人   <e1>   柳某甲   </e1>   在 涟源市 第四 水泥厂 附近 帮 吸毒 人员 易某某 另案处理 张某 等 在 冷满样 处 购买 冰毒   <e2>   麻古   </e2>   0 . 6克 后 在 易某某 居所 与 易某某 张某 谭泽群 共同 吸食,0
NA,湖南省 涟源市 人民检察院 指控   <e1>   2013年10月1日   </e1>   被告人 柳某甲 在 涟源市 第四 水泥厂 附近 帮 吸毒 人员 易某某 另案处理 张某 等 在 冷满样 处 购买 冰毒 麻古 0 . 6克 后 在 易 某   <e2>   易某某   </e2>   与 易某某 张某 谭泽群 共同 吸食,4
NA,湖南省 涟源市 人民检察院 指控 2013年10月1日 被告人 柳某甲 在 涟源市 第四 水泥厂 附近 帮 吸毒 人员 易某某 另案处理 张某 等 在 冷满样 处 购买 冰毒   <e1>   麻古   </e1>   0 . 6克 后 在 易某某 居所 与 易某某 张某   <e2>   谭泽群   </e2>   共同 吸食,4
posess,西安市 临潼区 人民检察院 指控 2016年2月23日10时 许 公安机关 依据 特情 提供线索 在 西安市 临潼区 榴花 小 区内 将 涉嫌 持毒 的 被告人   <e1>   唐某某   </e1>   抓获 当场 查获 唐某某 随身携带 的 疑似 毒品 3 小包 现场 称量 封存 扣押 经 渭南市 公安 司法鉴定 中心 毒品 检验 鉴定 所 送检 材均 检出   <e2>   甲基苯丙胺   </e2>   冰毒 成分 三 小包 检材 净重 分别 为 3.9 6克 0.43克 和 9.90 克,2
NA,西安市 临潼区 人民检察院 指控   <e1>   2016年2月23日10时   </e1>   许 公安机关 依据 特情 提供线索 在 西安市 临潼区 榴花 小 区内 将 涉嫌 持毒 的 被告人 唐某某 抓获   <e2>   唐某某   </e2>   获 唐某某 随身携带 的 疑似 毒品 3 小包 现场 称量 封存 扣押 经 渭南市 公安 司法鉴定 中心 毒品 检验 鉴定 所 送检 材均 检出 甲基苯丙胺 冰毒 成分 三 小包 检材 净重 分别 为 3.9 6克 0.43克 和 9.90 克,4
NA,西安市 临潼区 人民检察院 指控 2016年2月23日10时 许 公安机关 依据 特情 提供线索 在 西安市 临潼区 榴花 小 区内 将 涉嫌 持毒 的 被告人 唐某某 抓获 当场 查获 唐某某 随身携带 的 疑似 毒品 3 小包 现场 称量 封存 扣押 经 渭南市 公安 司法鉴定 中心 毒品 检验 鉴定 所 送检 材均 检出 甲基苯丙胺   <e1>   冰毒   </e1>   成分 三 小包 检材 净重 分别 为 3 .   <e2>   0.43克   </e2>   . 43 克 和 9.90 克,4
sell_drugs_to,公诉 机关 指控 被告人 苏某某 为 筹集 毒资自 2015年10月 向 一名 为 弟叔 情况不明 在 逃 的 男子 购买 毒品 冰毒 后 转手 贩卖 以 非法 牟利 2015 年 12 月 10 日 14 时许 在 赤坎区 寸金 路 某 酒店 805 房内   <e1>   苏某某   </e1>   向 吸毒 人员   <e2>   陈某   </e2>   贩卖毒品 冰毒 1 小包 获得 毒资 100 元 12月10日15时 许 苏某某 在 某酒店的805房 被 民警 当场 抓获 并 缴获 疑似 毒品 冰毒 的 白色 冰晶 状 固体 物品 共 11 小包 人民币 250 元 吸毒 工具 电子秤 等 涉案 物品 一批 上述 毒品 经 鉴定 净重 12.83 克检见 甲基苯丙胺 成分,1
traffic_in,公诉 机关 指控 被告人 苏某某 为 筹集 毒资自 2015年10月 向 一名 为 弟叔 情况不明 在 逃 的 男子 购买 毒品 冰毒 后 转手 贩卖 以 非法 牟利 2015 年 12 月 10 日 14 时许 在 赤坎区 寸金 路 某 酒店 805 房内   <e1>   苏某某   </e1>   向 吸毒 人员 陈某 贩卖毒品   <e2>   冰毒   </e2>   1 小包 获得 毒资 100 元 12月10日15时 许 苏某某 在 某酒店的805房 被 民警 当场 抓获 并 缴获 疑似 毒品 冰毒 的 白色 冰晶 状 固体 物品 共 11 小包 人民币 250 元 吸毒 工具 电子秤 等 涉案 物品 一批 上述 毒品 经 鉴定 净重 12.83 克检见 甲基苯丙胺 成分,0
NA,公诉 机关 指控 被告人 苏某某 为 筹集 毒资自   <e1>   2015年10月   </e1>   向 一名 为 弟叔 情况不明 在 逃 的 男子 购买 毒品 冰毒 后 转手 贩卖 以 非法 牟利 2015 年 12 月 10 日 14 时许 在 赤坎区 寸金 路 某 酒店 805 房内 苏某某 向 吸毒 人员 陈某 贩卖毒品 冰毒 1 小包 获得 毒资 100 元 12月10日15时 许 苏某某 在 某酒店的805房 被 民警 当场 抓获 并 缴获 疑似 毒品 冰毒 的 白色 冰晶 状 固体 物品 共 11 小包 人民币 250 元 吸毒 工具 电子秤 等 涉案 物品 一批 上述 毒品 经 鉴定 净重 12.83   <e2>   甲基苯丙胺   </e2>   基 苯丙胺 成分,4
NA,公诉 机关 指控 被告人 苏某某 为 筹集 毒资自 2015年10月 向 一名 为 弟叔 情况不明 在 逃 的 男子 购买 毒品 冰毒 后 转手 贩卖 以 非法 牟利 2015 年 12 月 10 日 14 时许 在 赤坎区 寸金 路 某 酒店 805 房内 苏某某 向 吸毒 人员 陈某 贩卖毒品 冰毒 1 小包 获得 毒资 100 元   <e1>   12月10日15时   </e1>   许   <e2>   某酒店的805房   </e2>   805 房 被 民警 当场 抓获 并 缴获 疑似 毒品 冰毒 的 白色 冰晶 状 固体 物品 共 11 小包 人民币 250 元 吸毒 工具 电子秤 等 涉案 物品 一批 上述 毒品 经 鉴定 净重 12.83 克检见 甲基苯丙胺 成分,4
posess,杭州市 下 城区 人民检察院 指控 被告人   <e1>   盛某   </e1>   明知 是 毒品 将 4 包   <e2>   冰毒   </e2>   净重 38.3 克 检出 甲基苯丙胺 和 4 颗 半 麻果 净重 0.43克 检出 甲基苯丙胺 放在 其 投宿 的 本市 下 城区 东新 街道 九龙 宾馆 8506 号 房间 床头柜 抽屉 内 2010 年 10 月 1 4日 11 时许 公安机关 对 该 房间 检查 时 当场 查获 上述 毒品,2
posess,杭州市 下 城区 人民检察院 指控 被告人   <e1>   盛某   </e1>   明知 是 毒品 将 4 包 冰毒 净重 38.3 克 检出 甲基苯丙胺 和 4 颗 半   <e2>   麻果   </e2>   净重 0.43克 检出 甲基苯丙胺 放在 其 投宿 的 本市 下 城区 东新 街道 九龙 宾馆 8506 号 房间 床头柜 抽屉 内 2010 年 10 月 1 4日 11 时许 公安机关 对 该 房间 检查 时 当场 查获 上述 毒品,2
NA,杭州市 下 城区 人民检察院 指控 被告人 盛某 明知 是 毒品 将 4 包 冰毒 净重 38.3 克 检出   <e1>   甲基苯丙胺   </e1>   和 4 颗 半 麻果 净重 0.43克 检出   <e2>   甲基苯丙胺   </e2>   放在 其 投宿 的 本市 下 城区 东新 街道 九龙 宾馆 8506 号 房间 床头柜 抽屉 内 2010 年 10 月 1 4日 11 时许 公安机关 对 该 房间 检查 时 当场 查获 上述 毒品,4
NA,杭州市 下 城区 人民检察院 指控 被告人   <e1>   盛某   </e1>   明知 是 毒品 将 4 包 冰毒 净重 38.3 克 检出 甲基苯丙胺 和 4 颗 半 麻果 净重 0.43克 检出   <e2>   甲基苯丙胺   </e2>   放在 其 投宿 的 本市 下 城区 东新 街道 九龙 宾馆 8506 号 房间 床头柜 抽屉 内 2010 年 10 月 1 4日 11 时许 公安机关 对 该 房间 检查 时 当场 查获 上述 毒品,4
sell_drugs_to,经 审理 查明 2016 年 3 月 31 日 16 时许 被告人   <e1>   海某   </e1>   经 电话 联系 在 兰州市 七里河区 柏树 巷 134 号 巷道 内向   <e2>   张某   </e2>   贩卖毒品 后 被 公安人员 抓获 当场 中 从 被告人 海某 裤子 左 口袋 内 查获 毒资 人民币 100 元 从 张利明 手中 查获 毒品 海洛因 0.11克,1
traffic_in,经 审理 查明 2016 年 3 月 31 日 16 时许 被告人   <e1>   海某   </e1>   经 电话 联系 在 兰州市 七里河区 柏树 巷 134 号 巷道 内向 张某 贩卖毒品 后 被 公安人员 抓获 当场 中 从 被告人 海某 裤子 左 口袋 内 查获 毒资 人民币 100 元 从 张利明 手中 查获 毒品   <e2>   海洛因   </e2>   0.11克,0
NA,经 审理 查明 2016 年 3 月 31 日 16 时许 被告人   <e1>   海某   </e1>   经 电话 联系 在 兰州市 七里河区 柏树 巷 134 号 巷道 内向 张某 贩卖毒品 后 被 公安人员 抓获 当场 中 从 被告人 海某 裤子 左 口袋 内 查获 毒资 人民币 100 元 从 张利明 手中 查获 毒品 海洛因   <e2>   0.11克   </e2>  ,4
NA,经 审理 查明 2016 年 3 月 31 日 16 时许 被告人 海某 经 电话 联系 在 兰州市 七里河区 柏树 巷 134 号 巷道 内向 张某 贩卖毒品 后 被 公安人员 抓获 当场 中 从 被告人   <e1>   海某   </e1>   裤子 左 口袋 内 查获 毒资 人民币 100 元 从   <e2>   张利明   </e2>   手中 查获 毒品 海洛因 0.11克,4
posess,重庆市 云阳县 人民检察院 指控 2015年5月份 被告人   <e1>   彭某某   </e1>   从 他人 处 获得   <e2>   甲基苯丙胺   </e2>   冰毒 和 甲基苯丙胺片剂 俗称 麻古 后 将 毒品 藏于 家中 同年 5 月 28 日 0 时许 云阳县 公安局 民警 在 彭某某 住处 查获 甲基苯丙胺 12.73 克 甲基苯丙胺片剂 1.28 克,2
posess,重庆市 云阳县 人民检察院 指控 2015年5月份 被告人   <e1>   彭某某   </e1>   从 他人 处 获得 甲基苯丙胺 冰毒 和   <e2>   甲基苯丙胺片剂   </e2>   俗称 麻古 后 将 毒品 藏于 家中 同年 5 月 28 日 0 时许 云阳县 公安局 民警 在 彭某某 住处 查获 甲基苯丙胺 12.73 克 甲基苯丙胺片剂 1.28 克,2
NA,重庆市 云阳县 人民检察院 指控 2015年5月份 被告人 彭某某 从 他人 处 获得 甲基苯丙胺 冰毒 和   <e1>   甲基苯丙胺片剂   </e1>   俗称   <e2>   麻古   </e2>   后 将 毒品 藏于 家中 同年 5 月 28 日 0 时许 云阳县 公安局 民警 在 彭某某 住处 查获 甲基苯丙胺 12.73 克 甲基苯丙胺片剂 1.28 克,4
NA,重庆市 云阳县 人民检察院 指控 2015年5月份 被告人 彭某某 从 他人 处 获得 甲基苯丙胺 冰毒 和 甲基苯丙胺片剂 俗称   <e1>   麻古   </e1>   后 将 毒品 藏于 家中 同年 5 月 28 日 0 时许 云阳县 公安局 民警 在 彭某某   <e2>   甲基苯丙胺   </e2>   基 苯丙胺 12.73 克 甲基苯丙胺片剂 1.28 克,4
sell_drugs_to,上海市 虹口区 人民检察院 指控 被告人   <e1>   黎某某   </e1>   于 2016 年 11月 10 日 23 时 许经 事先 电话 联系 至 本市 普陀区XXX路XXXX弄XXXXX四期小区西门 处以 人民币 200 元 的 价格 将 1 包 净重 0.81克 白色晶体 贩卖 给   <e2>   孔某   </e2>   成交 后 被 公安人员 当场 抓获 案发后 经 上海市 毒品 检验 中心 鉴定 送检 孔某 的 白色晶体 中 检出 甲基苯丙胺 成分,1
traffic_in,上海市 虹口区 人民检察院 指控 被告人   <e1>   黎某某   </e1>   于 2016 年 11月 10 日 23 时 许经 事先 电话 联系 至 本市 普陀区XXX路XXXX弄XXXXX四期小区西门 处以 人民币 200 元 的 价格 将 1 包 净重 0.81克 白色晶体 贩卖 给 孔某 成交 后 被 公安人员 当场 抓获 案发后 经 上海市 毒品 检验 中心 鉴定 送检 孔某 的 白色晶体 中 检出   <e2>   甲基苯丙胺   </e2>   成分,0
NA,上海市 虹口区 人民检察院 指控 被告人 黎某某 于 2016 年 11月 10 日 23 时 许经 事先 电话 联系 至 本市   <e1>   普陀区XXX路XXXX弄XXXXX四期小区西门   </e1>   处以 人民币 200 元 的 价格 将   <e2>   0.81克   </e2>   . 8 1克 白色晶体 贩卖 给 孔某 成交 后 被 公安人员 当场 抓获 案发后 经 上海市 毒品 检验 中心 鉴定 送检 孔某 的 白色晶体 中 检出 甲基苯丙胺 成分,4
NA,上海市 虹口区 人民检察院 指控 被告人 黎某某 于 2016 年 11月 10 日 23 时 许经 事先 电话 联系 至 本市   <e1>   普陀区XXX路XXXX弄XXXXX四期小区西门   </e1>   处以 人民币 200 元 的 价格 将 1 包 净重 0.81克 白色 晶   <e2>   孔某   </e2>   卖 给 孔某 成交 后 被 公安人员 当场 抓获 案发后 经 上海市 毒品 检验 中心 鉴定 送检 孔某 的 白色晶体 中 检出 甲基苯丙胺 成分,4
sell_drugs_to,延川县 人民检察院 指控 2015 年 正月 的 一天 被告人 干某山 从 西安 一 不 认识 的 人处 购回 2500 元 的 毒品 后 在 毒品 中 掺入 脑复康 药片 分成 若干 小包 2015 年 4 月 9 日   <e1>   干某山   </e1>   在 延川县 延川 镇 高家湾 加油站 向 吸毒 人员   <e2>   贺某刚   </e2>   出售 毒品 后 被 公安机关 抓获 在 干某山 处 缴获 疑似 毒品 5 小包 在 贺某刚 处 缴获 疑似 毒品 3 小包 经 鉴定 均 检出 海洛因 共计 1.42克,1
traffic_in,延川县 人民检察院 指控 2015 年 正月 的 一天 被告人 干某山 从 西安 一 不 认识 的 人处 购回 2500 元 的 毒品 后 在 毒品 中 掺入 脑复康 药片 分成 若干 小包 2015 年 4 月 9 日   <e1>   干某山   </e1>   在 延川县 延川 镇 高家湾 加油站 向 吸毒 人员 贺某刚 出售 毒品 后 被 公安机关 抓获 在 干某山 处 缴获 疑似 毒品 5 小包 在 贺某刚 处 缴获 疑似 毒品 3 小包 经 鉴定 均 检出   <e2>   海洛因   </e2>   共计 1.42克,0
NA,延川县 人民检察院 指控 2015 年 正月 的 一天 被告人   <e1>   干某山   </e1>   从 西安 一 不 认识 的 人处 购回 2500 元 的 毒品 后 在 毒品 中 掺入 脑复康 药片 分成 若干 小包 2015 年 4 月 9 日 干某山 在 延川县 延川 镇 高家湾 加油站 向 吸毒 人员 贺某刚 出售 毒品 后 被 公安机关 抓获 在 干某山 处 缴获 疑似 毒品 5 小包 在 贺某刚 处 缴获 疑似 毒品 3 小包 经 鉴定 均 检出 海洛   <e2>   1.42克   </e2>   . 4 2克,4
NA,延川县 人民检察院 指控 2015 年 正月 的 一天 被告人 干某山 从   <e1>   西安   </e1>   一 不 认识 的 人处 购回 2500 元 的 毒品 后 在 毒品 中 掺入 脑复康 药片 分成 若干 小包 2015 年 4 月 9 日 干某山 在 延川县 延川 镇 高家湾 加油站 向   <e2>   贺某刚   </e2>   员 贺某刚 出售 毒品 后 被 公安机关 抓获 在 干某山 处 缴获 疑似 毒品 5 小包 在 贺某刚 处 缴获 疑似 毒品 3 小包 经 鉴定 均 检出 海洛因 共计 1.42克,4
sell_drugs_to,公诉 机关 指控 2012年12月15日15时 许 被告人   <e1>   龚某某   </e1>   经 事前 约定 在 重庆市 江北区 郭家 沱 817 公交车站 一 巷子 里 以 50 元 的 价格 向   <e2>   李某某   </e2>   贩卖 净重 0.05 克 的 毒品 海洛因 交易 后 被告人 龚某某 及 李某某 被 捉 获 缴获 交易 的 毒品 经 鉴定 从 查获 的 毒品 中 检出 海洛因,1
traffic_in,公诉 机关 指控 2012年12月15日15时 许 被告人   <e1>   龚某某   </e1>   经 事前 约定 在 重庆市 江北区 郭家 沱 817 公交车站 一 巷子 里 以 50 元 的 价格 向 李某某 贩卖 净重 0.05 克 的 毒品   <e2>   海洛因   </e2>   交易 后 被告人 龚某某 及 李某某 被 捉 获 缴获 交易 的 毒品 经 鉴定 从 查获 的 毒品 中 检出 海洛因,0
NA,公诉 机关 指控 2012年12月15日15时 许 被告人 龚某某 经 事前 约定 在 重庆市 江北区 郭家 沱 817 公交车站 一 巷子 里 以 50 元 的 价格 向 李某某 贩卖 净重 0.05 克 的 毒品 海洛因 交易 后 被告人   <e1>   龚某某   < / e   <e2>   李某某   </e2>   及 李某某 被 捉 获 缴获 交易 的 毒品 经 鉴定 从 查获 的 毒品 中 检出 海洛因,4
NA,公诉 机关 指控   <e1>   2012年12月15日15时   </e1>   许 被告人 龚某某 经 事前 约定 在 重庆市 江北区 郭家 沱 817 公交车站 一 巷子 里 以 50 元 的 价格 向 李某某 贩卖 净重 0.05   <e2>   海洛因   </e2>   品 海洛因 交易 后 被告人 龚某某 及 李某某 被 捉 获 缴获 交易 的 毒品 经 鉴定 从 查获 的 毒品 中 检出 海洛因,4
posess,公诉 机关 指控 2015年5月19日3时 许 公安民警 在 本市 闵行区 莲花路 755 弄 l8 号 302 室 抓获 被告人   <e1>   吴某某   </e1>   并 从 其 外衣 口袋 内 查获 白色晶体 七 包经 鉴定 上述 七包 白色晶体 共计 净重 23.79克 从中 均 检出   <e2>   甲基苯丙胺   </e2>   成分,2
NA,公诉 机关 指控   <e1>   2015年5月19日3时   </e1>   许 公安民警 在 本市 闵行区 莲花路 755 弄 l8 号 302 室 抓获 被告人   <e2>   吴某某   </e2>   并 从 其 外衣 口袋 内 查获 白色晶体 七 包经 鉴定 上述 七包 白色晶体 共计 净重 23.79克 从中 均 检出 甲基苯丙胺 成分,4
NA,公诉 机关 指控 2015年5月19日3时 许 公安民警 在 本市 闵行区 莲花路 755 弄 l8 号 302 室 抓获 被告人 吴某某 并 从 其 外衣 口袋 内 查获 白色晶体 七 包经 鉴定 上述 七包 白色晶体 共计 净重   <e1>   23.79克   </e1>   从中 均 检出   <e2>   甲基苯丙胺   </e2>   成分,4
sell_drugs_to,中山市 第一 市区 人民检察院 指控 2014年10月 2 7日 晚上 被告人 宋某某 为 感谢 吸毒 人员 庞某 的 朋友 帮忙 将 毒品 1 包送 至 中山市西区沙朗穗兴市场对面的穗兴楼302房 供 庞某 等 人 吸食 同年 11月 4日 下午 1 时许   <e1>   宋某某   </e1>   以 号码 为 1343576 的 手机 为 联系 工具 携带 毒品 2 包经 检验 检出 甲基苯丙胺 成分 净重 1.87 克窜 至 上述 穗兴楼 301 房欲以 人民币 150 元 的 价格 贩卖 给 吸毒 人员   <e2>   庞某   </e2>   时 被 预伏 的 公安人员 抓获 公安人员 当场 缴获 上述 毒品 及 手机 归案 后 宋某某 如实 供述 了 自己 的 罪行,1
traffic_in,中山市 第一 市区 人民检察院 指控 2014年10月 2 7日 晚上 被告人 宋某某 为 感谢 吸毒 人员 庞某 的 朋友 帮忙 将 毒品 1 包送 至 中山市西区沙朗穗兴市场对面的穗兴楼302房 供 庞某 等 人 吸食 同年 11月 4日 下午 1 时许   <e1>   宋某某   </e1>   以 号码 为 1343576 的 手机 为 联系 工具 携带 毒品 2 包经 检验 检出   <e2>   甲基苯丙胺   </e2>   成分 净重 1.87 克窜 至 上述 穗兴楼 301 房欲以 人民币 150 元 的 价格 贩卖 给 吸毒 人员 庞某 时 被 预伏 的 公安人员 抓获 公安人员 当场 缴获 上述 毒品 及 手机 归案 后 宋某某 如实 供述 了 自己 的 罪行,0
NA,中山市 第一 市区 人民检察院 指控 2014年10月 2 7日 晚上 被告人 宋某某 为 感谢 吸毒 人员 庞某 的 朋友 帮忙 将 毒品 1 包送 至   <e1>   中山市西区沙朗穗兴市场对面的穗兴楼302房   </e1>   供 庞某 等 人 吸食 同年 11月 4日 下午 1 时许 宋某某 以 号码 为 1343576 的 手机 为 联系 工具 携带 毒品 2 包经 检验 检出 甲基苯丙胺 成分 净重 1.87 克窜 至 上述 穗兴楼 301 房欲以 人民币 150 元 的 价格 贩卖 给   <e2>   庞某   </e2>   人员 庞某 时 被 预伏 的 公安人员 抓获 公安人员 当场 缴获 上述 毒品 及 手机 归案 后 宋某某 如实 供述 了 自己 的 罪行,4
NA,中山市 第一 市区 人民检察院 指控 2014年10月 2 7日 晚上 被告人 宋某某 为 感谢 吸毒 人员 庞某 的 朋友 帮忙 将 毒品 1 包送 至   <e1>   中山市西区沙朗穗兴市场对面的穗兴楼302房   </e1>   供 庞某 等 人 吸食 同年 11月 4日 下午 1 时许 宋某某 以 号码 为 1343576 的 手机 为 联系 工具 携带 毒品 2 包经 检验 检出   <e2>   甲基苯丙胺   </e2>   成分 净重 1.87 克窜 至 上述 穗兴楼 301 房欲以 人民币 150 元 的 价格 贩卖 给 吸毒 人员 庞某 时 被 预伏 的 公安人员 抓获 公安人员 当场 缴获 上述 毒品 及 手机 归案 后 宋某某 如实 供述 了 自己 的 罪行,4
provide_shelter_for,桑植县 人民检察院 指控 2014 年 11月 30 日 被告人   <e1>   李某甲   </e1>   在 桑植县澧源镇晶鑫大酒店 登记 入住 8509 房间 后 通过 电话 陆续 叫 来   <e2>   郑某甲   </e2>   凯凯 田某甲 站长 王某丙 二哥 等 人 并 于 当日13时 许 21 时许 在 房间内 先后 采用 烫 吸 的 方式 吸食 冰毒 2014年12月 5 日 被告人 李某甲 到 当地 公安机关 投案自首,3
provide_shelter_for,桑植县 人民检察院 指控 2014 年 11月 30 日 被告人   <e1>   李某甲   </e1>   在 桑植县澧源镇晶鑫大酒店 登记 入住 8509 房间 后 通过 电话 陆续 叫 来 郑某甲 凯凯   <e2>   田某甲   </e2>   站长 王某丙 二哥 等 人 并 于 当日13时 许 21 时许 在 房间内 先后 采用 烫 吸 的 方式 吸食 冰毒 2014年12月 5 日 被告人 李某甲 到 当地 公安机关 投案自首,3
provide_shelter_for,桑植县 人民检察院 指控 2014 年 11月 30 日 被告人   <e1>   李某甲   </e1>   在 桑植县澧源镇晶鑫大酒店 登记 入住 8509 房间 后 通过 电话 陆续 叫 来 郑某甲 凯凯 田某甲 站长   <e2>   王某丙   </e2>   二哥 等 人 并 于 当日13时 许 21 时许 在 房间内 先后 采用 烫 吸 的 方式 吸食 冰毒 2014年12月 5 日 被告人 李某甲 到 当地 公安机关 投案自首,3
NA,桑植县 人民检察院 指控 2014 年 11月 30 日 被告人   <e1>   李某甲   < / e   <e2>   桑植县澧源镇晶鑫大酒店   </e2>   鑫 大酒店 登记 入住 8509 房间 后 通过 电话 陆续 叫 来 郑某甲 凯凯 田某甲 站长 王某丙 二哥 等 人 并 于 当日13时 许 21 时许 在 房间内 先后 采用 烫 吸 的 方式 吸食 冰毒 2014年12月 5 日 被告人 李某甲 到 当地 公安机关 投案自首,4
NA,桑植县 人民检察院 指控 2014 年 11月 30 日 被告人 李某甲 在 桑植县澧源镇晶鑫大酒店 登记 入住 8509 房间 后 通过 电话 陆续 叫 来 郑某甲   <e1>   凯凯   </e1>   田某甲 站长 王某丙 二哥 等 人 并 于 当日13时 许 21 时许 在 房间内 先后 采用 烫 吸 的   <e2>   冰毒   </e2>   吸食 冰毒 2014年12月 5 日 被告人 李某甲 到 当地 公安机关 投案自首,4
posess,南京市 玄武区 人民检察院 指控 2015 年 1 月 9 日 1 时许 公安民警 在 本市 秦淮区 xx 街 113 号 xx 布料城 的 韩国 布衣 店门口 将 被告人   <e1>   杨某   </e1>   抓获 并 当场 从 杨某 衣服 口袋 内 查获 毒品   <e2>   甲基苯丙胺   </e2>   23.943 克 针对 上述 指控 公诉人 当庭 宣读 出示 了 被告人 供述 相关 书证 监控 光盘 录像 等 证据 予以 证实 公诉 机关 认为 被告人 杨某 的 行为 已 构成 非法 持有 毒品 罪系 累犯 应当 从重 处罚 其 具有 坦白 情节 可以 从轻 处罚 提请 本院 依法 惩处,2
NA,南京市 玄武区 人民检察院 指控 2015 年 1 月 9 日 1 时许 公安民警 在 本市 秦淮区 xx 街 113 号 xx   <e1>   布料城   </e1>   的 韩国 布衣 店门口 将 被告人 杨某 抓获 并 当场 从 杨某 衣服 口袋 内 查获 毒品 甲基苯丙胺 23.943 克 针对 上述 指控 公诉人 当庭 宣读 出示 了 被告人 供述 相关 书证 监控 光盘 录像 等 证据 予以 证实 公诉 机关 认为   <e2>   杨某   </e2>   告人 杨某 的 行为 已 构成 非法 持有 毒品 罪系 累犯 应当 从重 处罚 其 具有 坦白 情节 可以 从轻 处罚 提请 本院 依法 惩处,4
NA,南京市 玄武区 人民检察院 指控 2015 年 1 月 9 日 1 时许 公安民警 在 本市   <e1>   秦淮区   </e1>   xx 街 113 号 xx 布料城 的 韩国 布衣 店门口 将 被告人 杨某 抓获 并 当场 从 杨某 衣服 口袋 内   <e2>   甲基苯丙胺   </e2>   基 苯丙胺 23.943 克 针对 上述 指控 公诉人 当庭 宣读 出示 了 被告人 供述 相关 书证 监控 光盘 录像 等 证据 予以 证实 公诉 机关 认为 被告人 杨某 的 行为 已 构成 非法 持有 毒品 罪系 累犯 应当 从重 处罚 其 具有 坦白 情节 可以 从轻 处罚 提请 本院 依法 惩处,4
sell_drugs_to,公诉 机关 指控 2014年7月7日14时 许 被告人   <e1>   温某某   </e1>   在 成都市 金牛区 蜀汉 路 号 附号 以 人民币 700 元 的 价格 贩卖 给   <e2>   滕某   </e2>   一袋 用 透明 塑料袋 包装 净重 1.58 克 的 白色晶体 经 鉴定 从中 检出 甲基苯丙胺 成分 被 民警 当场 挡 获后 如实 供述 了 上述 犯罪事实 涉案 毒品 已 被 收缴 公诉 机关 认为 被告人 温某某 的 行为 已 构成 贩卖毒品 罪 提请 法院 依照 中华人民共和国 刑法 第三 百 四十七 条 第一款 第四款 第六十七条 第三款 规定 判处 并 建议 对 被告人 温某某 在 有期徒刑 七个 月 至 九个 月 之间 量刑 并 处罚金,1
traffic_in,公诉 机关 指控 2014年7月7日14时 许 被告人   <e1>   温某某   </e1>   在 成都市 金牛区 蜀汉 路 号 附号 以 人民币 700 元 的 价格 贩卖 给 滕某 一袋 用 透明 塑料袋 包装 净重 1.58 克 的 白色晶体 经 鉴定 从中 检出   <e2>   甲基苯丙胺   </e2>   成分 被 民警 当场 挡 获后 如实 供述 了 上述 犯罪事实 涉案 毒品 已 被 收缴 公诉 机关 认为 被告人 温某某 的 行为 已 构成 贩卖毒品 罪 提请 法院 依照 中华人民共和国 刑法 第三 百 四十七 条 第一款 第四款 第六十七条 第三款 规定 判处 并 建议 对 被告人 温某某 在 有期徒刑 七个 月 至 九个 月 之间 量刑 并 处罚金,0
NA,公诉 机关 指控   <e1>   2014年7月7日14时   </e1>   许 被告人 温某某 在 成都市 金牛区 蜀汉 路 号 附号 以 人民币 700 元 的 价格 贩卖 给 滕某 一袋 用 透明 塑料袋 包装 净重 1.58 克 的 白色晶体 经 鉴定   <e2>   甲基苯丙胺   </e2>   基 苯丙胺 成分 被 民警 当场 挡 获后 如实 供述 了 上述 犯罪事实 涉案 毒品 已 被 收缴 公诉 机关 认为 被告人 温某某 的 行为 已 构成 贩卖毒品 罪 提请 法院 依照 中华人民共和国 刑法 第三 百 四十七 条 第一款 第四款 第六十七条 第三款 规定 判处 并 建议 对 被告人 温某某 在 有期徒刑 七个 月 至 九个 月 之间 量刑 并 处罚金,4
NA,公诉 机关 指控 2014年7月7日14时 许 被告人 温某某 在   <e1>   成都市 金牛区 蜀汉 路 号 附号   </e1>   以 人民币 700 元 的 价   <e2>   滕某   </e2>   卖 给 滕某 一袋 用 透明 塑料袋 包装 净重 1.58 克 的 白色晶体 经 鉴定 从中 检出 甲基苯丙胺 成分 被 民警 当场 挡 获后 如实 供述 了 上述 犯罪事实 涉案 毒品 已 被 收缴 公诉 机关 认为 被告人 温某某 的 行为 已 构成 贩卖毒品 罪 提请 法院 依照 中华人民共和国 刑法 第三 百 四十七 条 第一款 第四款 第六十七条 第三款 规定 判处 并 建议 对 被告人 温某某 在 有期徒刑 七个 月 至 九个 月 之间 量刑 并 处罚金,4
sell_drugs_to,公诉 机关 指控 2015年5月 21 日 21 时 30 分许 被告人   <e1>   xx   </e1>   在 本市 闸北区 柳营路 xx x 弄 xx x 号 附近 以 人民币 300 元 的 价格 将 0.90 克 毒品 甲基苯丙胺 冰毒 贩卖 给   <e2>   马世骏   </e2>   被 民警 人赃俱获 该院 认为 被告人 xx 具有 坦白 的 从轻 处罚 情节 建议 判处 被告人 xx 拘役 五个 月 至 六个月 并 处罚金,1
traffic_in,公诉 机关 指控 2015年5月 21 日 21 时 30 分许 被告人   <e1>   xx   </e1>   在 本市 闸北区 柳营路 xx x 弄 xx x 号 附近 以 人民币 300 元 的 价格 将 0.90 克 毒品   <e2>   甲基苯丙胺   </e2>   冰毒 贩卖 给 马世骏 被 民警 人赃俱获 该院 认为 被告人 xx 具有 坦白 的 从轻 处罚 情节 建议 判处 被告人 xx 拘役 五个 月 至 六个月 并 处罚金,0
traffic_in,公诉 机关 指控 2015年5月 21 日 21 时 30 分许 被告人   <e1>   xx   </e1>   在 本市 闸北区 柳营路 xx x 弄 xx x 号 附近 以 人民币 300 元 的 价格 将 0.90 克 毒品 甲基苯丙胺   <e2>   冰毒   </e2>   贩卖 给 马世骏 被 民警 人赃俱获 该院 认为 被告人 xx 具有 坦白 的 从轻 处罚 情节 建议 判处 被告人 xx 拘役 五个 月 至 六个月 并 处罚金,0
NA,公诉 机关 指控 2015年5月 21 日 21 时 30 分许 被告人 xx 在 本市 闸北区 柳营路 xx x 弄 xx x 号 附近 以 人民币 300 元 的 价格 将 0.90 克 毒品 甲基苯丙胺   <e1>   冰毒   </e1>   贩卖 给 马世骏 被 民警 人赃俱获 该院 认为 被告人   <e2>   xx   </e2>   具有 坦白 的 从轻 处罚 情节 建议 判处 被告人 xx 拘役 五个 月 至 六个月 并 处罚金,4
NA,公诉 机关 指控 2015年5月 21 日 21 时 30 分许 被告人 xx 在 本市 闸北区 柳营路 xx x 弄 xx x 号 附近 以 人民币 300 元 的 价格 将 0.90 克 毒品   <e1>   甲基苯丙胺   </e1>   冰毒 贩卖 给   <e2>   马世骏   </e2>   被 民警 人赃俱获 该院 认为 被告人 xx 具有 坦白 的 从轻 处罚 情节 建议 判处 被告人 xx 拘役 五个 月 至 六个月 并 处罚金,4
traffic_in,柳州市 柳南区 人民检察院 指控 2012 年 2 月 13 日 17 时许 被告人   <e1>   陈某   </e1>   在 柳州市柳南区鹅山路五区21栋旁路口 处 将 一小包 重 0.15 克 毒品   <e2>   海洛因   </e2>   以 人民币 100 元 的 价格 贩卖 给 吸毒 人员 杨 交易 后 两人 被 当场 抓获,0
sell_drugs_to,柳州市 柳南区 人民检察院 指控 2012 年 2 月 13 日 17 时许 被告人   <e1>   陈某   </e1>   在 柳州市柳南区鹅山路五区21栋旁路口 处 将 一小包 重 0.15 克 毒品 海洛因 以 人民币 100 元 的 价格 贩卖 给 吸毒 人员   <e2>   杨   </e2>   交易 后 两人 被 当场 抓获,1
NA,柳州市 柳南区 人民检察院 指控 2012 年 2 月 13 日 17 时许 被告人 陈某 在 柳州市柳南区鹅山路五区21栋旁路口 处 将 一小包 重 0.15 克 毒品   <e1>   海洛因   </e1>   以 人民币 100 元 的 价格 贩卖 给 吸毒 人员   <e2>   杨   </e2>   交易 后 两人 被 当场 抓获,4
NA,柳州市 柳南区 人民检察院 指控 2012 年 2 月 13 日 17 时许 被告人 陈某 在   <e1>   柳州市柳南区鹅山路五区21栋旁路口   </e1>   处 将 一小包 重 0.1   <e2>   海洛因   </e2>   品 海洛因 以 人民币 100 元 的 价格 贩卖 给 吸毒 人员 杨 交易 后 两人 被 当场 抓获,4
posess,武汉市 蔡甸区 人民检察院 指控 2016 年 1 月 13 日 17 时许 公安机关 办案 人员 在 武汉市蔡甸区蔡甸街 七天 连锁 酒店 二楼 将 被告人   <e1>   李家楠   </e1>   抓获 当场 从 其 身上 搜出 蓝色 塑料袋 装   <e2>   甲基苯丙胺   </e2>   片剂 俗称 麻古 5 包 蓝色 塑料袋 装 甲基苯丙胺 俗称 冰毒 3 包及 1 个 装有 若干 甲基苯丙胺片剂 甲基苯丙胺 的 玻璃瓶 经 鉴定 从 被告人 李家楠 身上 搜出 的 上述 毒品 疑似 物 净重 73 . 20克 均 为 毒品 甲基苯丙胺 经 现场 检测 被告人 李家楠 尿液 检测 样本 甲基苯丙胺 呈 阳性,2
NA,武汉市 蔡甸区 人民检察院 指控 2016 年 1 月 13 日 17 时许 公安机关 办案 人员 在   <e1>   武汉市蔡甸区蔡甸街   </e1>   七天 连锁 酒店 二楼 将 被告人 李家楠 抓获 当场 从 其 身上 搜出 蓝色 塑料袋 装 甲基苯丙胺片剂 俗称 麻古 5 包 蓝色 塑料袋 装 甲基苯丙胺 俗称 冰毒 3 包及 1 个 装有 若干 甲基苯丙胺片剂 甲基苯丙胺 的 玻璃瓶 经 鉴定 从 被告人 李家楠 身上 搜出 的 上述 毒品 疑似 物 净重 73 . 20克 均 为 毒品 甲基苯丙胺 经 现场 检测 被告人   <e2>   李家楠   </e2>   尿液 检测 样本 甲基苯丙胺 呈 阳性,4
NA,武汉市 蔡甸区 人民检察院 指控 2016 年 1 月 13 日 17 时许 公安机关 办案 人员 在 武汉市蔡甸区蔡甸街 七天 连锁 酒店 二楼 将 被告人 李家楠 抓获 当场 从 其 身上 搜出 蓝色 塑料袋 装 甲基苯丙胺片剂 俗称 麻古 5 包 蓝色 塑料袋 装   <e1>   甲基苯丙胺   </e1>   俗称 冰毒 3 包及 1 个 装有 若干 甲基苯丙胺片剂 甲基苯丙胺 的 玻璃瓶 经 鉴定 从 被告人   <e2>   李家楠   </e2>   身上 搜出 的 上述 毒品 疑似 物 净重 73 . 20克 均 为 毒品 甲基苯丙胺 经 现场 检测 被告人 李家楠 尿液 检测 样本 甲基苯丙胺 呈 阳性,4
posess,经 审理 查明 2015年1月20日凌晨4时 许 公安干警 在 公安县斗湖堤镇环城路贵睐宾馆 被告人   <e1>   程亚军   </e1>   租住 的 106 房间内 查获   <e2>   甲基苯丙胺   </e2>   冰毒 10 袋 净重 54.5 克 查获 甲基苯丙胺片剂 俗称 麻果 2 袋 共 404 颗 净重 36.55 克 查获 的 甲基苯丙胺类毒品 净重 共计 91.05 克,2
NA,经 审理 查明   <e1>   2015年1月20日凌晨4时   </e1>   许公   <e2>   公安县斗湖堤镇环城路贵睐宾馆   </e2>   贵睐 宾馆 被告人 程亚军 租住 的 106 房间内 查获 甲基苯丙胺 冰毒 10 袋 净重 54.5 克 查获 甲基苯丙胺片剂 俗称 麻果 2 袋 共 404 颗 净重 36.55 克 查获 的 甲基苯丙胺类毒品 净重 共计 91.05 克,4
NA,经 审理 查明 2015年1月20日凌晨4时 许 公安干警 在 公安县斗湖堤镇环城路贵睐宾馆 被告人   <e1>   程亚军   </e1>   租住 的 106 房间内 查获 甲基苯丙胺   <e2>   冰毒   </e2>   10 袋 净重 54.5 克 查获 甲基苯丙胺片剂 俗称 麻果 2 袋 共 404 颗 净重 36.55 克 查获 的 甲基苯丙胺类毒品 净重 共计 91.05 克,4
provide_shelter_for,古交市 人民检察院 指控 2014年12月3日晚 被告人   <e1>   阎某   </e1>   在 河口 南园 小区 其 住处 容留 吸毒 人员   <e2>   靳志蓉   </e2>   折俊龙 吸食毒品 其中 靳志蓉 于 1997年6月10 出生 系 未成年人,3
provide_shelter_for,古交市 人民检察院 指控 2014年12月3日晚 被告人   <e1>   阎某   </e1>   在 河口 南园 小区 其 住处 容留 吸毒 人员 靳志蓉   <e2>   折俊龙   </e2>   吸食毒品 其中 靳志蓉 于 1997年6月10 出生 系 未成年人,3
NA,古交市 人民检察院 指控   <e1>   2014年12月3日晚   </e1>   被告人 阎某 在 河口 南园 小区 其 住处 容留 吸毒 人员 靳志蓉 折俊龙 吸食毒品 其中   <e2>   靳志蓉   </e2>   于 1997年6月10 出生 系 未成年人,4
NA,古交市 人民检察院 指控 2014年12月3日晚 被告人   <e1>   阎某   </e1>   在 河口 南园 小区 其 住处 容留 吸毒 人员 靳志蓉 折俊龙 吸食毒品 其中   <e2>   1997年6月10   </e2>   6 月 10 出生 系 未成年人,4
sell_drugs_to,公诉 机关 指控 2012 年 8 月 20 日 下午 被告人   <e1>   黄某1   </e1>   在 鹤山市 某某 村 某某 号 的 出租屋 内 通过 朋友 介绍 认识 了 吸毒 人员   <e2>   麦某某   </e2>   并 当场 向麦 贩卖毒品 麻古 10 粒 得款 人民币 300 元 同月22日晚 被告人 黄某1 与 麦某某 商定 以 每粒 人民币 30 元 的 价格 向麦 贩卖毒品 麻古 1000 粒 并 于 次日上午 交易 次日 10 时许 被告人 黄某1 在 鹤山市 某某 路 路口 的 农业银行 某某 支行 停车场 向 麦某某 贩卖毒品 时 被 公安人员 抓获 公安人员 当场 在 黄某1 身上 缴获 含有 甲基苯丙胺 成分 的 毒品 84.5 克,1
traffic_in,公诉 机关 指控 2012 年 8 月 20 日 下午 被告人   <e1>   黄某1   </e1>   在 鹤山市 某某 村 某某 号 的 出租屋 内 通过 朋友 介绍 认识 了 吸毒 人员 麦某某 并 当场 向麦 贩卖毒品   <e2>   麻古   </e2>   10 粒 得款 人民币 300 元 同月22日晚 被告人 黄某1 与 麦某某 商定 以 每粒 人民币 30 元 的 价格 向麦 贩卖毒品 麻古 1000 粒 并 于 次日上午 交易 次日 10 时许 被告人 黄某1 在 鹤山市 某某 路 路口 的 农业银行 某某 支行 停车场 向 麦某某 贩卖毒品 时 被 公安人员 抓获 公安人员 当场 在 黄某1 身上 缴获 含有 甲基苯丙胺 成分 的 毒品 84.5 克,0
sell_drugs_to,公诉 机关 指控 2012 年 8 月 20 日 下午 被告人 黄某1 在 鹤山市 某某 村 某某 号 的 出租屋 内 通过 朋友 介绍 认识 了 吸毒 人员 麦某某 并 当场 向麦 贩卖毒品 麻古 10 粒 得款 人民币 300 元 同月22日晚 被告人   <e1>   黄某1   </e1>   与   <e2>   麦某某   </e2>   商定 以 每粒 人民币 30 元 的 价格 向麦 贩卖毒品 麻古 1000 粒 并 于 次日上午 交易 次日 10 时许 被告人 黄某1 在 鹤山市 某某 路 路口 的 农业银行 某某 支行 停车场 向 麦某某 贩卖毒品 时 被 公安人员 抓获 公安人员 当场 在 黄某1 身上 缴获 含有 甲基苯丙胺 成分 的 毒品 84.5 克,1
traffic_in,公诉 机关 指控 2012 年 8 月 20 日 下午 被告人 黄某1 在 鹤山市 某某 村 某某 号 的 出租屋 内 通过 朋友 介绍 认识 了 吸毒 人员 麦某某 并 当场 向麦 贩卖毒品 麻古 10 粒 得款 人民币 300 元 同月22日晚 被告人   <e1>   黄某1   </e1>   与 麦某某 商定 以 每粒 人民币 30 元 的 价格 向麦 贩卖毒品   <e2>   麻古   </e2>   1000 粒 并 于 次日上午 交易 次日 10 时许 被告人 黄某1 在 鹤山市 某某 路 路口 的 农业银行 某某 支行 停车场 向 麦某某 贩卖毒品 时 被 公安人员 抓获 公安人员 当场 在 黄某1 身上 缴获 含有 甲基苯丙胺 成分 的 毒品 84.5 克,0
sell_drugs_to,公诉 机关 指控 2012 年 8 月 20 日 下午 被告人 黄某1 在 鹤山市 某某 村 某某 号 的 出租屋 内 通过 朋友 介绍 认识 了 吸毒 人员 麦某某 并 当场 向麦 贩卖毒品 麻古 10 粒 得款 人民币 300 元 同月22日晚 被告人 黄某1 与 麦某某 商定 以 每粒 人民币 30 元 的 价格 向麦 贩卖毒品 麻古 1000 粒 并 于 次日上午 交易 次日 10 时许 被告人   <e1>   黄某1   </e1>   在 鹤山市 某某 路 路口 的 农业银行 某某 支行 停车场 向   <e2>   麦某某   </e2>   贩卖毒品 时 被 公安人员 抓获 公安人员 当场 在 黄某1 身上 缴获 含有 甲基苯丙胺 成分 的 毒品 84.5 克,1
NA,公诉 机关 指控 2012 年 8 月 20 日 下午 被告人 黄某1 在 鹤山市 某某 村 某某 号 的 出租屋 内 通过 朋友 介绍 认识 了 吸毒 人员 麦某某 并 当场 向麦 贩卖毒品   <e1>   麻古   </e1>   10 粒 得款 人民币 300 元 同月22日晚 被告人 黄某1 与 麦某某 商定 以 每粒 人民币 30 元 的 价格 向麦 贩卖毒品 麻古 1000 粒 并 于 次日上午 交易 次日 10 时许 被告人 黄某1 在 鹤山市 某某 路 路口 的 农业银行 某某 支行 停车场 向 麦某某 贩卖毒品 时 被 公安人员 抓获 公安人员 当场 在 黄某1 身上 缴获 含有   <e2>   甲基苯丙胺   </e2>   成分 的 毒品 84.5 克,4
NA,公诉 机关 指控 2012 年 8 月 20 日 下午 被告人 黄某1 在 鹤山市 某某 村 某某 号 的 出租屋 内 通过 朋友 介绍 认识 了 吸毒 人员 麦某某 并 当场 向麦 贩卖毒品 麻古 10 粒 得款 人民币 300 元   <e1>   同月22日晚   </e1>   被告人 黄某1 与 麦某某 商定 以 每粒 人民币 30 元 的 价格 向麦 贩卖毒品 麻古 1000 粒 并 于 次日上午 交易 次日 10 时许 被告人 黄某1 在 鹤山市 某某 路 路口 的 农业银行 某某 支行 停车场 向 麦某某 贩卖毒品 时 被 公安人员 抓获 公安 人   <e2>   黄某1   </e2>   在 黄某1 身上 缴获 含有 甲基苯丙胺 成分 的 毒品 84.5 克,4
posess,公诉 机关 指控 2013年12月31日凌晨4时 许 公安人员 在 本市 嘉盛园小区 附近 将 被告人   <e1>   董某   </e1>   抓获 并 当场 从 其 身上 搜出 白色晶体 1 包经 鉴定 从 涉案 的 白色晶体 中 检出   <e2>   甲基苯丙胺   </e2>   成分 净重 15 克 公诉 机关 认为 被告人 的 行为 触犯 了 我国 刑法 第三 百 四十八条 之 规定 构成 非法 持有 毒品 罪 提请 法院 依法 予以 罚处,2
NA,公诉 机关 指控 2013年12月31日凌晨4时 许 公安人员 在 本市 嘉盛园小区 附近 将 被告人   <e1>   董某   </e1>   抓获 并 当场 从 其 身上 搜出 白色晶体 1 包经 鉴定 从 涉案 的 白色 晶   <e2>   甲基苯丙胺   </e2>   基 苯丙胺 成分 净重 15 克 公诉 机关 认为 被告人 的 行为 触犯 了 我国 刑法 第三 百 四十八条 之 规定 构成 非法 持有 毒品 罪 提请 法院 依法 予以 罚处,4
NA,公诉 机关 指控   <e1>   2013年12月31日凌晨4时   </e1>   许 公安人员 在 本市   <e2>   嘉盛园小区   </e2>   附近 将 被告人 董某 抓获 并 当场 从 其 身上 搜出 白色晶体 1 包经 鉴定 从 涉案 的 白色晶体 中 检出 甲基苯丙胺 成分 净重 15 克 公诉 机关 认为 被告人 的 行为 触犯 了 我国 刑法 第三 百 四十八条 之 规定 构成 非法 持有 毒品 罪 提请 法院 依法 予以 罚处,4
sell_drugs_to,湖南省 郴州市 苏仙区 人民检察院 指控 2015年2月14日21时 许 被告人   <e1>   李某某   </e1>   在 郴州市 苏仙区 南岭 山庄 一 游戏 室 玩游   <e2>   超超   </e2>   向 超超 购买 了 9 余克 甲基苯丙胺 冰毒 及 21 粒 甲基苯丙胺片剂 俗称 麻古 供 自己 吸食 随后 被告人 李某某 继续 在 该游戏 室 玩游戏 当晚 22 时许 郴州市 公安局 苏仙 分局 民警 接 群众 举报 查获 该游戏 室 被告人 李某某 为 避免 身上 的 毒品 被 发现 便 将 装有 毒品 的 黄色 芙蓉王 烟盒 丢 在 地上 被 公安民警 当场 查获 经 郴州市 公安局 物证 鉴定 所 鉴定 被查获 的 甲基苯丙胺 净重 9.899 2克 21 粒 甲基苯丙胺片剂 净重 1.975 1克,1
traffic_in,湖南省 郴州市 苏仙区 人民检察院 指控 2015年2月14日21时 许 被告人 李某某 在 郴州市 苏仙区 南岭 山庄 一 游戏 室 玩游戏 时向   <e1>   超超   </e1>   购买 了 9 余克   <e2>   甲基苯丙胺   </e2>   冰毒 及 21 粒 甲基苯丙胺片剂 俗称 麻古 供 自己 吸食 随后 被告人 李某某 继续 在 该游戏 室 玩游戏 当晚 22 时许 郴州市 公安局 苏仙 分局 民警 接 群众 举报 查获 该游戏 室 被告人 李某某 为 避免 身上 的 毒品 被 发现 便 将 装有 毒品 的 黄色 芙蓉王 烟盒 丢 在 地上 被 公安民警 当场 查获 经 郴州市 公安局 物证 鉴定 所 鉴定 被查获 的 甲基苯丙胺 净重 9.899 2克 21 粒 甲基苯丙胺片剂 净重 1.975 1克,0
traffic_in,湖南省 郴州市 苏仙区 人民检察院 指控 2015年2月14日21时 许 被告人 李某某 在 郴州市 苏仙区 南岭 山庄 一 游戏 室 玩游戏 时向   <e1>   超超   </e1>   购买 了 9 余克 甲基苯丙胺 冰毒 及 21 粒   <e2>   甲基苯丙胺片剂   </e2>   俗称 麻古 供 自己 吸食 随后 被告人 李某某 继续 在 该游戏 室 玩游戏 当晚 22 时许 郴州市 公安局 苏仙 分局 民警 接 群众 举报 查获 该游戏 室 被告人 李某某 为 避免 身上 的 毒品 被 发现 便 将 装有 毒品 的 黄色 芙蓉王 烟盒 丢 在 地上 被 公安民警 当场 查获 经 郴州市 公安局 物证 鉴定 所 鉴定 被查获 的 甲基苯丙胺 净重 9.899 2克 21 粒 甲基苯丙胺片剂 净重 1.975 1克,0
posess,湖南省 郴州市 苏仙区 人民检察院 指控 2015年2月14日21时 许 被告人 李某某 在 郴州市 苏仙区 南岭 山庄 一 游戏 室 玩游戏 时向 超超 购买 了 9 余克 甲基苯丙胺 冰毒 及 21 粒 甲基苯丙胺片剂 俗称 麻古 供 自己 吸食 随后 被告人 李某某 继续 在 该游戏 室 玩游戏 当晚 22 时许 郴州市 公安局 苏仙 分局 民警 接 群众 举报 查获 该游戏 室 被告人   <e1>   李某某   </e1>   为 避免 身上 的 毒品 被 发现 便 将 装有 毒品 的 黄色 芙蓉王 烟盒 丢 在 地上 被 公安民警 当场 查获 经 郴州市 公安局 物证 鉴定 所 鉴定 被查获 的   <e2>   甲基苯丙胺   </e2>   净重 9.899 2克 21 粒 甲基苯丙胺片剂 净重 1.975 1克,2
NA,湖南省 郴州市 苏仙区 人民检察院 指控 2015年2月14日21时 许 被告人 李某某 在 郴州市 苏仙区 南岭 山庄 一 游戏 室 玩游戏 时向 超超 购买 了 9 余克 甲基苯丙胺   <e1>   冰毒   </e1>   及 21 粒 甲基苯丙胺片剂 俗称 麻古 供 自己 吸食 随后   <e2>   李某某   </e2>   人 李某某 继续 在 该游戏 室 玩游戏 当晚 22 时许 郴州市 公安局 苏仙 分局 民警 接 群众 举报 查获 该游戏 室 被告人 李某某 为 避免 身上 的 毒品 被 发现 便 将 装有 毒品 的 黄色 芙蓉王 烟盒 丢 在 地上 被 公安民警 当场 查获 经 郴州市 公安局 物证 鉴定 所 鉴定 被查获 的 甲基苯丙胺 净重 9.899 2克 21 粒 甲基苯丙胺片剂 净重 1.975 1克,4
NA,湖南省 郴州市 苏仙区 人民检察院 指控   <e1>   2015年2月14日21时   </e1>   许 被告人 李某某 在 郴州市 苏仙区 南岭 山庄 一 游戏 室 玩游   <e2>   超超   </e2>   向 超超 购买 了 9 余克 甲基苯丙胺 冰毒 及 21 粒 甲基苯丙胺片剂 俗称 麻古 供 自己 吸食 随后 被告人 李某某 继续 在 该游戏 室 玩游戏 当晚 22 时许 郴州市 公安局 苏仙 分局 民警 接 群众 举报 查获 该游戏 室 被告人 李某某 为 避免 身上 的 毒品 被 发现 便 将 装有 毒品 的 黄色 芙蓉王 烟盒 丢 在 地上 被 公安民警 当场 查获 经 郴州市 公安局 物证 鉴定 所 鉴定 被查获 的 甲基苯丙胺 净重 9.899 2克 21 粒 甲基苯丙胺片剂 净重 1.975 1克,4
sell_drugs_to,公诉 机关 指控 2011 年 9 月 7日 晚 被告人   <e1>   邹某某   </e1>   系 吸毒 人员 向 其   <e2>   陈某某   </e2>   友 陈某某 赊购 毒品 海洛因 陈某某 将 三包 毒品 海洛因 交给 邹某某 邹某某 将 其中 一包 毒品 放在 客厅 茶几 上 另外 两包 放在 自己 的 手提包 中 次日12时 许 邹某某 在 其租 住房 内 被 公安人员 抓获 在 其 手提包 中 查获 毒品 海洛因 两包 重 35.5 克 在 客厅 茶几 上 查获 毒品 海洛因 一包 重 6.4 克,1
traffic_in,公诉 机关 指控 2011 年 9 月 7日 晚 被告人 邹某某 系 吸毒 人员 向 其 同居 男友   <e1>   陈某某   </e1>   赊购 毒品   <e2>   海洛因   </e2>   陈某某 将 三包 毒品 海洛因 交给 邹某某 邹某某 将 其中 一包 毒品 放在 客厅 茶几 上 另外 两包 放在 自己 的 手提包 中 次日12时 许 邹某某 在 其租 住房 内 被 公安人员 抓获 在 其 手提包 中 查获 毒品 海洛因 两包 重 35.5 克 在 客厅 茶几 上 查获 毒品 海洛因 一包 重 6.4 克,0
NA,公诉 机关 指控 2011 年 9 月 7日 晚 被告人   <e1>   邹某某   </e1>   系 吸毒 人员 向 其 同居 男友 陈某某 赊购 毒品 海洛因 陈某某 将 三包 毒品 海洛因 交给 邹某某 邹某某 将 其中 一包 毒品 放在 客厅 茶几 上 另外 两包 放在 自己 的 手   <e2>   次日12时   </e2>   日 12 时许 邹某某 在 其租 住房 内 被 公安人员 抓获 在 其 手提包 中 查获 毒品 海洛因 两包 重 35.5 克 在 客厅 茶几 上 查获 毒品 海洛因 一包 重 6.4 克,4
NA,公诉 机关 指控 2011 年 9 月 7日 晚 被告人 邹某某 系 吸毒 人员 向 其 同居 男友 陈某某 赊购 毒品 海洛因 陈某某 将 三包 毒品 海洛因 交给 邹某某 邹某某 将 其中 一包 毒品 放在 客厅 茶几 上 另外 两包 放在 自己 的 手提包 中   <e1>   次日12时   </e1>   许   <e2>   邹某某   </e2>   在 其租 住房 内 被 公安人员 抓获 在 其 手提包 中 查获 毒品 海洛因 两包 重 35.5 克 在 客厅 茶几 上 查获 毒品 海洛因 一包 重 6.4 克,4
sell_drugs_to,公诉 机关 指控 2013年5月27日21时 许 被告人   <e1>   匡某   </e1>   在 本市 江汉区 佳丽 广场 地下 停车场 的 岗亭 附近 以 人民币 100 元 的 价格 将 毒品 氯胺酮 1.07克 贩卖 给   <e2>   曹某甲   </e2>   后 被 公安人员 当场 抓获 并 当场 还 从 被告人 匡某 身上 收缴 毒品 氯胺酮 38.80 克及 毒品 甲基苯丙胺 1.6 1克 上述 毒品 均 已 收缴,1
traffic_in,公诉 机关 指控 2013年5月27日21时 许 被告人   <e1>   匡某   </e1>   在 本市 江汉区 佳丽 广场 地下 停车场 的 岗亭 附近 以 人民币 100 元 的 价格 将 毒品   <e2>   氯胺酮   </e2>   1.07克 贩卖 给 曹某甲 后 被 公安人员 当场 抓获 并 当场 还 从 被告人 匡某 身上 收缴 毒品 氯胺酮 38.80 克及 毒品 甲基苯丙胺 1.6 1克 上述 毒品 均 已 收缴,0
NA,公诉 机关 指控   <e1>   2013年5月27日21时   </e1>   许 被告人 匡某 在 本市 江汉区 佳丽 广场 地下 停车场 的 岗亭 附近 以 人民币 100 元 的 价格 将 毒品   <e2>   氯胺酮   </e2>   1.07克 贩卖 给 曹某甲 后 被 公安人员 当场 抓获 并 当场 还 从 被告人 匡某 身上 收缴 毒品 氯胺酮 38.80 克及 毒品 甲基苯丙胺 1.6 1克 上述 毒品 均 已 收缴,4
NA,公诉 机关 指控 2013年5月27日21时 许 被告人 匡某 在 本市 江汉区 佳丽 广场 地下 停车场 的 岗亭 附近 以 人民币 100 元 的 价格 将 毒品 氯胺酮   <e1>   1.07克   </e1>   贩卖 给 曹某甲 后 被 公安人员 当场 抓获 并 当场 还 从 被告人   <e2>   匡某   </e2>   身上 收缴 毒品 氯胺酮 38.80 克及 毒品 甲基苯丙胺 1.6 1克 上述 毒品 均 已 收缴,4
posess,上海市 长宁区 人民检察院 指控 2015 年 12 月 15 日 下午 被告人   <e1>   XXX   </e1>   驾驶 牌号 为 沪 HZ XX XX 的 轿车 行驶 至 本市 七莘路 近 沪 青平 公路 处 被 民警 查获 民警 从 该 车辆驾驶 座下 查获 1 包 白色晶体 和 1 包 红色 圆形 药片 共计 净重 19.93克 均 检出   <e2>   甲基苯丙胺   </e2>   成分,2
NA,上海市 长宁区 人民检察院 指控 2015 年 12 月 15 日 下午 被告人   <e1>   XXX   </e1>   驾驶 牌号 为 沪 HZ XX XX 的 轿车 行驶 至 本市   <e2>   七莘路   </e2>   近 沪 青平 公路 处 被 民警 查获 民警 从 该 车辆驾驶 座下 查获 1 包 白色晶体 和 1 包 红色 圆形 药片 共计 净重 19.93克 均 检出 甲基苯丙胺 成分,4
NA,上海市 长宁区 人民检察院 指控 2015 年 12 月 15 日 下午 被告人   <e1>   XXX   </e1>   驾驶 牌号 为 沪 HZ XX XX 的 轿车 行驶 至 本市 七莘路 近 沪 青平 公路 处 被 民警 查获 民警 从 该 车辆驾驶 座下 查获 1 包 白色晶体 和 1 包 红色 圆形 药片 共计 净重   <e2>   19.93克   </e2>   均 检出 甲基苯丙胺 成分,4
provide_shelter_for,黑龙江省 建三江 农垦区 人民检察院 指控 被告人   <e1>   包某   </e1>   于 2016 年 8 月 9 月 两次 在 自己 家中 容留   <e2>   刁某   </e2>   共同 吸食 甲基苯丙胺 其 行为 触犯 了 中华人民共和国 刑法 第 三百五十 四条 之 规定 应 以 容留 他人 吸毒 罪 追究其 刑事责任 案发后 被告人 包某 如实 供述 自己 犯罪事实 系 坦白 同时 适用 中华人民共和国 刑法 第六十七条 第三款 公诉 机关 对 上述 指控 提供 了 相关 证据 被告人 对 上述 指控 不 持异议 无 辩解,3
NA,黑龙江省 建三江 农垦区 人民检察院 指控 被告人   <e1>   包某   </e1>   于 2016 年 8 月 9 月 两次 在 自己 家中 容留 刁某 共同 吸食   <e2>   甲基苯丙胺   </e2>   其 行为 触犯 了 中华人民共和国 刑法 第 三百五十 四条 之 规定 应 以 容留 他人 吸毒 罪 追究其 刑事责任 案发后 被告人 包某 如实 供述 自己 犯罪事实 系 坦白 同时 适用 中华人民共和国 刑法 第六十七条 第三款 公诉 机关 对 上述 指控 提供 了 相关 证据 被告人 对 上述 指控 不 持异议 无 辩解,4
NA,黑龙江省 建三江 农垦区 人民检察院 指控 被告人   <e1>   包某   </e1>   于 2016 年 8 月 9 月 两次 在 自己 家中 容留   <e2>   刁某   </e2>   共同 吸食 甲基苯丙胺 其 行为 触犯 了 中华人民共和国 刑法 第 三百五十 四条 之 规定 应 以 容留 他人 吸毒 罪 追究其 刑事责任 案发后 被告人 包某 如实 供述 自己 犯罪事实 系 坦白 同时 适用 中华人民共和国 刑法 第六十七条 第三款 公诉 机关 对 上述 指控 提供 了 相关 证据 被告人 对 上述 指控 不 持异议 无 辩解,4
provide_shelter_for,广西壮族自治区 藤县 人民检察院 指控 2015 年 3 月 3 日 21 时许 被告人 周某甲 在 藤县藤州镇四季春天假日宾馆 登记 入住 804 房 次日 凌晨 0 时许 被告人   <e1>   周某甲   </e1>   伙同 吸毒 人员   <e2>   周某丙   </e2>   周某乙 梁某 在 该 房间内 吸食毒品 甲基苯丙胺 俗称 冰毒 同日 7 时许 公安民警 到 该 房间 进行 检查 时 当场 抓获 被告人 周某甲 和 吸毒 人员 周某丙 周某乙 梁某 并 在 现场 缴获 白色晶体 1 小包 净重 0.7 克 装有 液体 的 矿泉水瓶 1 个经 梧州市 公安局 物证 鉴定 所 作出 检验 鉴定 被 缴获 的 1 小包 白色晶体 和 矿泉水瓶 内 的 液体 均 检出 甲基苯丙胺 成分,3
provide_shelter_for,广西壮族自治区 藤县 人民检察院 指控 2015 年 3 月 3 日 21 时许 被告人 周某甲 在 藤县藤州镇四季春天假日宾馆 登记 入住 804 房 次日 凌晨 0 时许 被告人   <e1>   周某甲   </e1>   伙同 吸毒 人员 周某丙   <e2>   周某乙   </e2>   梁某 在 该 房间内 吸食毒品 甲基苯丙胺 俗称 冰毒 同日 7 时许 公安民警 到 该 房间 进行 检查 时 当场 抓获 被告人 周某甲 和 吸毒 人员 周某丙 周某乙 梁某 并 在 现场 缴获 白色晶体 1 小包 净重 0.7 克 装有 液体 的 矿泉水瓶 1 个经 梧州市 公安局 物证 鉴定 所 作出 检验 鉴定 被 缴获 的 1 小包 白色晶体 和 矿泉水瓶 内 的 液体 均 检出 甲基苯丙胺 成分,3
provide_shelter_for,广西壮族自治区 藤县 人民检察院 指控 2015 年 3 月 3 日 21 时许 被告人 周某甲 在 藤县藤州镇四季春天假日宾馆 登记 入住 804 房 次日 凌晨 0 时许 被告人   <e1>   周某甲   </e1>   伙同 吸毒 人员 周某丙 周某乙   <e2>   梁某   </e2>   在 该 房间内 吸食毒品 甲基苯丙胺 俗称 冰毒 同日 7 时许 公安民警 到 该 房间 进行 检查 时 当场 抓获 被告人 周某甲 和 吸毒 人员 周某丙 周某乙 梁某 并 在 现场 缴获 白色晶体 1 小包 净重 0.7 克 装有 液体 的 矿泉水瓶 1 个经 梧州市 公安局 物证 鉴定 所 作出 检验 鉴定 被 缴获 的 1 小包 白色晶体 和 矿泉水瓶 内 的 液体 均 检出 甲基苯丙胺 成分,3
NA,广西壮族自治区 藤县 人民检察院 指控 2015 年 3 月 3 日 21 时许 被告人 周某甲 在   <e1>   藤县藤州镇四季春天假日宾馆   </e1>   登记 入住 804 房 次日 凌晨 0 时许 被告人 周某甲 伙同 吸毒 人员 周某丙 周某乙 梁某 在 该 房间内 吸食毒品 甲基苯丙胺 俗称 冰毒 同日 7 时许 公安民警 到 该 房间 进行 检查 时 当场 抓获 被告人 周某甲 和   <e2>   周某丙   </e2>   员 周某丙 周某乙 梁某 并 在 现场 缴获 白色晶体 1 小包 净重 0.7 克 装有 液体 的 矿泉水瓶 1 个经 梧州市 公安局 物证 鉴定 所 作出 检验 鉴定 被 缴获 的 1 小包 白色晶体 和 矿泉水瓶 内 的 液体 均 检出 甲基苯丙胺 成分,4
NA,广西壮族自治区 藤县 人民检察院 指控 2015 年 3 月 3 日 21 时许 被告人   <e1>   周某甲   </e1>   在 藤县藤州镇四季春天假日宾馆 登记 入住 804 房 次日 凌晨 0 时许 被告人 周某甲 伙同 吸毒 人员 周某丙 周某乙 梁某 在 该 房间内 吸食毒品 甲基苯丙胺 俗称 冰毒 同日 7 时许 公安民警 到 该 房间 进行 检查 时 当场 抓获 被告人 周某甲 和 吸毒 人员 周某丙   <e2>   周某乙   </e2>   梁某 并 在 现场 缴获 白色晶体 1 小包 净重 0.7 克 装有 液体 的 矿泉水瓶 1 个经 梧州市 公安局 物证 鉴定 所 作出 检验 鉴定 被 缴获 的 1 小包 白色晶体 和 矿泉水瓶 内 的 液体 均 检出 甲基苯丙胺 成分,4
sell_drugs_to,广西壮族自治区 防城港市 防城区 人民检察院 指控 2014年10月 31 日 20 时许 被告人   <e1>   黄某   </e1>   携带 2 小包 毒品 到 防城港市 防城区 防 城镇 东门 街 天天 网吧 二楼 以 100 元 的 价格 贩卖 给   <e2>   邓某   </e2>   二人 交易 完成 后 被 公安民警 当场 抓获 公安民警 从 邓某 身上 搜获 净重 1.2克 的 可疑 毒品 2 小包 从 黄某 身上 搜获 毒资 100 元经 检验 以上 搜获 的 可疑 毒品 检出 氯胺酮 成分,1
traffic_in,广西壮族自治区 防城港市 防城区 人民检察院 指控 2014年10月 31 日 20 时许 被告人   <e1>   黄某   </e1>   携带 2 小包 毒品 到 防城港市 防城区 防 城镇 东门 街 天天 网吧 二楼 以 100 元 的 价格 贩卖 给 邓某 二人 交易 完成 后 被 公安民警 当场 抓获 公安民警 从 邓某 身上 搜获 净重 1.2克 的 可疑 毒品 2 小包 从 黄某 身上 搜获 毒资 100 元经 检验 以上 搜获 的 可疑 毒品 检出   <e2>   氯胺酮   </e2>   成分,0
NA,广西壮族自治区 防城港市 防城区 人民检察院 指控 2014年10月 31 日 20 时许 被告人   <e1>   黄某   </e1>   携带 2 小包 毒品 到   <e2>   防城港市 防城区 防 城镇 东门 街 天天 网吧 二楼   </e2>   以 100 元 的 价格 贩卖 给 邓某 二人 交易 完成 后 被 公安民警 当场 抓获 公安民警 从 邓某 身上 搜获 净重 1.2克 的 可疑 毒品 2 小包 从 黄某 身上 搜获 毒资 100 元经 检验 以上 搜获 的 可疑 毒品 检出 氯胺酮 成分,4
NA,广西壮族自治区 防城港市 防城区 人民检察院 指控 2014年10月 31 日 20 时许 被告人 黄某 携带 2 小包 毒品 到 防城港市 防城区 防 城镇 东门 街 天天 网吧 二楼 以 100 元 的 价格 贩卖 给 邓某 二人 交易 完成 后 被 公安民警 当场 抓获 公安民警 从 邓某 身上 搜获 净重   <e1>   1.2克   </e1>   的 可疑 毒品 2   <e2>   黄某   </e2>   从 黄某 身上 搜获 毒资 100 元经 检验 以上 搜获 的 可疑 毒品 检出 氯胺酮 成分,4
traffic_in,公诉 机关 指控 2014年12月 23 日 凌晨 1 时许 被告人   <e1>   江某   </e1>   在 福州市六一路和群众路交叉路口 处 将 3.45 克 的   <e2>   甲基苯丙胺   </e2>   冰毒 以 800 元 人民币 价格 卖 给 张某 交易 完成 后 被 民警 当场 抓获 上述 毒品 毒资 被 缴获,0
traffic_in,公诉 机关 指控 2014年12月 23 日 凌晨 1 时许 被告人   <e1>   江某   </e1>   在 福州市六一路和群众路交叉路口 处 将 3.45 克 的 甲基苯丙胺   <e2>   冰毒   </e2>   以 800 元 人民币 价格 卖 给 张某 交易 完成 后 被 民警 当场 抓获 上述 毒品 毒资 被 缴获,0
sell_drugs_to,公诉 机关 指控 2014年12月 23 日 凌晨 1 时许 被告人   <e1>   江某   </e1>   在 福州市六一路和群众路交叉路口 处 将 3.45 克 的 甲基苯丙胺 冰毒 以 800 元 人民币 价格 卖 给   <e2>   张某   </e2>   交易 完成 后 被 民警 当场 抓获 上述 毒品 毒资 被 缴获,1
NA,公诉 机关 指控 2014年12月 23 日 凌晨 1 时许 被告人 江某 在   <e1>   福州市六一路和群众路交叉路口   </e1>   处 将 3.45 克 的   <e2>   甲基苯丙胺   </e2>   冰毒 以 800 元 人民币 价格 卖 给 张某 交易 完成 后 被 民警 当场 抓获 上述 毒品 毒资 被 缴获,4
NA,公诉 机关 指控 2014年12月 23 日 凌晨 1 时许 被告人   <e1>   江某   </e1>   在 福州市六一路和群众路交叉路口 处 将 3.45 克 的 甲基苯丙胺   <e2>   冰毒   </e2>   以 800 元 人民币 价格 卖 给 张某 交易 完成 后 被 民警 当场 抓获 上述 毒品 毒资 被 缴获,4
posess,东莞市 第三 市区 人民检察院 指控 称 2016 年 9 月 2 4日 21 时 30 分许 被告人   <e1>   毛某某   </e1>   携带   <e2>   冰毒   </e2>   来到 东莞市 东坑镇 华仁 步行街 鸿运 公寓 附近 一 小巷子 时 被 公安人员 抓获 公安人员 当场 从 其 身上 缴获 一包 冰毒 净重 14.37克 检验 出 甲基苯丙胺 成分,2
NA,  <e1>   东莞市   </e1>   第三 市区 人民检察院 指控 称 2016 年 9 月 2 4日 21 时 30 分许 被告人 毛某某 携带 冰毒 来到 东莞市 东坑镇 华仁 步行街 鸿运 公寓 附近 一 小巷子 时 被 公安人员 抓获 公安人员 当场 从 其 身上 缴获 一包 冰   <e2>   14.37克   </e2>   . 37 克 检验 出 甲基苯丙胺 成分,4
NA,东莞市 第三 市区 人民检察院 指控 称 2016 年 9 月 2 4日 21 时 30 分许 被告人 毛某某 携带 冰毒 来到 东莞市 东坑镇 华仁 步行街 鸿运 公寓 附近 一 小巷子 时 被 公安人员 抓获 公安人员 当场 从 其 身上 缴获 一包   <e1>   冰毒   </e1>   <e2>   14.37克   </e2>   . 37 克 检验 出 甲基苯丙胺 成分,4
traffic_in,涟源市 人民检察院 指控 2011 年 6 月 1 日 被告人   <e1>   刘某   </e1>   在 涟源市火车站附近一宾馆 里 从 李红平处 拿 了 0.3克   <e2>   海洛因   </e2>   分 3 次 贩卖 给 吸毒 人员 刘某某 谭某某 2011 年 6 月 3 日晚 9 时许 被告人 刘某 被 涟源市 公安局 抓获 后 如实 供述 了 自己 的 罪行,0
sell_drugs_to,涟源市 人民检察院 指控 2011 年 6 月 1 日 被告人   <e1>   刘某   </e1>   在 涟源市火车站附近一宾馆 里 从 李红平处 拿 了 0.3克 海洛因 分 3 次 贩卖 给 吸毒 人员   <e2>   刘某某   </e2>   谭某某 2011 年 6 月 3 日晚 9 时许 被告人 刘某 被 涟源市 公安局 抓获 后 如实 供述 了 自己 的 罪行,1
sell_drugs_to,涟源市 人民检察院 指控 2011 年 6 月 1 日 被告人   <e1>   刘某   </e1>   在 涟源市火车站附近一宾馆 里 从 李红平处 拿 了 0.3克 海洛因 分 3 次 贩卖 给 吸毒 人员 刘某某   <e2>   谭某某   </e2>   2011 年 6 月 3 日晚 9 时许 被告人 刘某 被 涟源市 公安局 抓获 后 如实 供述 了 自己 的 罪行,1
NA,涟源市 人民检察院 指控 2011 年 6 月 1 日 被告人 刘某 在   <e1>   涟源市火车站附近一宾馆   </e1>   里 从 李红平处 拿 了 0.3克 海洛因 分 3 次 贩卖 给 吸毒 人员 刘某某 谭某某 2011 年 6 月 3 日晚 9 时许   <e2>   刘某   </e2>   告人 刘某 被 涟源市 公安局 抓获 后 如实 供述 了 自己 的 罪行,4
NA,涟源市 人民检察院 指控 2011 年 6 月 1 日 被告人 刘某 在   <e1>   涟源市火车站附近一宾馆   </e1>   里 从 李红平处 拿 了 0.3克 海洛因 分 3 次 贩卖 给 吸毒 人员   <e2>   谭某某   </e2>   谭某某 2011 年 6 月 3 日晚 9 时许 被告人 刘某 被 涟源市 公安局 抓获 后 如实 供述 了 自己 的 罪行,4
provide_shelter_for,公诉 机关 指控 2012 年 2 月 的 一天 被告人   <e1>   钟某   </e1>   在 位于 本市 秦淮区 瞻园 路 号 的 住处 容留   <e2>   陈某   </e2>   王某甲 王某乙 吸食毒品 K粉,3
provide_shelter_for,公诉 机关 指控 2012 年 2 月 的 一天 被告人   <e1>   钟某   </e1>   在 位于 本市 秦淮区 瞻园 路 号 的 住处 容留 陈某   <e2>   王某甲   </e2>   王某乙 吸食毒品 K粉,3
provide_shelter_for,公诉 机关 指控 2012 年 2 月 的 一天 被告人   <e1>   钟某   </e1>   在 位于 本市 秦淮区 瞻园 路 号 的 住处 容留 陈某 王某甲   <e2>   王某乙   </e2>   吸食毒品 K粉,3
NA,公诉 机关 指控 2012 年 2 月 的 一天 被告人   <e1>   钟某   </e1>   在 位于 本市 秦淮区 瞻园 路 号 的 住处 容留 陈某 王某甲 王某乙   <e2>   K粉   </e2>   毒品 K粉,4
NA,公诉 机关 指控 2012 年 2 月 的 一天 被告人 钟某 在 位于   <e1>   本市 秦淮区 瞻园 路 号 的 住处   </e1>   容留 陈某 王某甲 王某乙 吸食毒品   <e2>   K粉   </e2>  ,4
traffic_in,柳州市 柳南区 人民检察院 指控 2014 年 9 月 23 日 0 时许 被告人   <e1>   吴XX   </e1>   在 柳州市柳南区西环路1号中国移动通信营业厅门口 以 人民币 600 元 的 价格 将 净重 10.9克 的 毒品   <e2>   氯胺酮   </e2>   俗称 K粉 贩卖 给 李某某 交易 后 被 公安人员 当场 抓获,0
sell_drugs_to,柳州市 柳南区 人民检察院 指控 2014 年 9 月 23 日 0 时许 被告人   <e1>   吴XX   </e1>   在 柳州市柳南区西环路1号中国移动通信营业厅门口 以 人民币 600 元 的 价格 将 净重 10.9克 的 毒品 氯胺酮 俗称 K粉 贩卖 给   <e2>   李某某   </e2>   交易 后 被 公安人员 当场 抓获,1
NA,柳州市 柳南区 人民检察院 指控 2014 年 9 月 23 日 0 时许 被告人 吴XX 在 柳州市柳南区西环路1号中国移动通信营业厅门口 以 人民币 600 元 的 价格 将 净重   <e1>   10.9克   </e1>   的 毒品   <e2>   氯胺酮   </e2>   俗称 K粉 贩卖 给 李某某 交易 后 被 公安人员 当场 抓获,4
NA,柳州市 柳南区 人民检察院 指控 2014 年 9 月 23 日 0 时许 被告人 吴XX 在   <e1>   柳州市柳南区西环路1号中国移动通信营业厅门口   </e1>   以 人民币 600 元 的 价格 将 净重 10.9克 的 毒品   <e2>   氯胺酮   </e2>   俗称 K粉 贩卖 给 李某某 交易 后 被 公安人员 当场 抓获,4
provide_shelter_for,安徽省 芜湖市 三 山区 人民检察院 指控 2016 年 3 月 至 7 月 被告人   <e1>   查某某1   </e1>   在 芜湖市 三 山区 自己 家中 多次 容留   <e2>   张某   </e2>   王某 全某 胡某 檀某 等 人 以 烫 吸 的 方式 吸食 甲基苯丙胺 冰毒,3
provide_shelter_for,安徽省 芜湖市 三 山区 人民检察院 指控 2016 年 3 月 至 7 月 被告人   <e1>   查某某1   </e1>   在 芜湖市 三 山区 自己 家中 多次 容留 张某   <e2>   王某   </e2>   全某 胡某 檀某 等 人 以 烫 吸 的 方式 吸食 甲基苯丙胺 冰毒,3
provide_shelter_for,安徽省 芜湖市 三 山区 人民检察院 指控 2016 年 3 月 至 7 月 被告人   <e1>   查某某1   </e1>   在 芜湖市 三 山区 自己 家中 多次 容留 张某 王某   <e2>   全某   </e2>   胡某 檀某 等 人 以 烫 吸 的 方式 吸食 甲基苯丙胺 冰毒,3
provide_shelter_for,安徽省 芜湖市 三 山区 人民检察院 指控 2016 年 3 月 至 7 月 被告人   <e1>   查某某1   </e1>   在 芜湖市 三 山区 自己 家中 多次 容留 张某 王某 全某   <e2>   胡某   </e2>   檀某 等 人 以 烫 吸 的 方式 吸食 甲基苯丙胺 冰毒,3
provide_shelter_for,安徽省 芜湖市 三 山区 人民检察院 指控 2016 年 3 月 至 7 月 被告人   <e1>   查某某1   </e1>   在 芜湖市 三 山区 自己 家中 多次 容留 张某 王某 全某 胡某   <e2>   檀某   </e2>   等 人 以 烫 吸 的 方式 吸食 甲基苯丙胺 冰毒,3
NA,安徽省 芜湖市 三 山区 人民检察院 指控 2016 年 3 月 至 7 月 被告人 查某某1 在 芜湖市 三 山区 自己 家中 多次 容留 张某   <e1>   王某   </e1>   全某   <e2>   檀某   </e2>   某 檀某 等 人 以 烫 吸 的 方式 吸食 甲基苯丙胺 冰毒,4
NA,安徽省 芜湖市 三 山区 人民检察院 指控 2016 年 3 月 至 7 月 被告人 查某某1 在 芜湖市 三 山区 自己 家中 多次 容留 张某 王某 全某   <e1>   胡某   </e1>   檀某 等 人 以 烫 吸 的   <e2>   甲基苯丙胺   </e2>   基 苯丙胺 冰毒,4
sell_drugs_to,公诉 机关 指控 被告人   <e1>   赵某某   </e1>   于 2012年6月的一天晚上 在 本市 天宁区 丽华 一村 9 幢 乙 单元 楼下 以 人民币 300 元 的 价格 向   <e2>   张X   </e2>   贩卖 含 甲基苯丙胺 成份 的 冰毒 0.3克 并 从中 牟利 0.1克 冰毒,1
traffic_in,公诉 机关 指控 被告人   <e1>   赵某某   </e1>   于 2012年6月的一天晚上 在 本市 天宁区 丽华 一村 9 幢 乙 单元 楼下 以 人民币 300 元 的 价格 向 张X 贩卖 含   <e2>   甲基苯丙胺   </e2>   成份 的 冰毒 0.3克 并 从中 牟利 0.1克 冰毒,0
traffic_in,公诉 机关 指控 被告人   <e1>   赵某某   </e1>   于 2012年6月的一天晚上 在 本市 天宁区 丽华 一村 9 幢 乙 单元 楼下 以 人民币 300 元 的 价格 向 张X 贩卖 含 甲基苯丙胺 成份 的   <e2>   冰毒   </e2>   0.3克 并 从中 牟利 0.1克 冰毒,0
NA,公诉 机关 指控 被告人 赵某某 于   <e1>   2012年6月的一天晚上   </e1>   在 本市 天宁区 丽华 一村 9 幢 乙 单元 楼下 以 人民币 300 元 的 价格 向 张X 贩卖 含 甲基苯丙胺 成份 的 冰毒 0.3克 并 从中 牟利 0.1克   <e2>   冰毒   </e2>  ,4
NA,公诉 机关 指控 被告人 赵某某 于 2012年6月的一天晚上 在 本市 天宁区 丽华 一村 9 幢 乙 单元 楼下 以 人民币 300 元 的 价格 向 张X 贩卖 含   <e1>   甲基苯丙胺   </e1>   成份 的 冰毒 0.3克 并 从中 牟利 0.1克   <e2>   冰毒   </e2>  ,4
sell_drugs_to,公诉 机关 指控 2016 年 10 月 21 日 21 时许 被告人   <e1>   朱某   </e1>   按照 事先 约定 在 本市 栖霞区 某某 城 某某 苑 小区 大门口 以 人民币 1000 元 的 价格 向   <e2>   赵某   </e2>   贩卖 甲基苯丙胺 后 被 民警 抓获 并 另 在 被告人 朱某 驾驶 的 苏 Ａ 车内 黑色 夹 包中 查获 3 小包 毒品 疑似 物 上述 4 小包 毒品 净重 合计 6克 均 检出 甲基苯丙胺 成分,1
traffic_in,公诉 机关 指控 2016 年 10 月 21 日 21 时许 被告人   <e1>   朱某   </e1>   按照 事先 约定 在 本市 栖霞区 某某 城 某某 苑 小区 大门口 以 人民币 1000 元 的 价格 向 赵某 贩卖   <e2>   甲基苯丙胺   </e2>   后 被 民警 抓获 并 另 在 被告人 朱某 驾驶 的 苏 Ａ 车内 黑色 夹 包中 查获 3 小包 毒品 疑似 物 上述 4 小包 毒品 净重 合计 6克 均 检出 甲基苯丙胺 成分,0
NA,公诉 机关 指控 2016 年 10 月 21 日 21 时许 被告人   <e1>   朱某   </e1>   按照 事先 约定 在 本市 栖霞区 某某 城 某某 苑 小区 大门口 以 人民币 1000 元 的 价格 向   <e2>   甲基苯丙胺   </e2>   基 苯丙胺 后 被 民警 抓获 并 另 在 被告人 朱某 驾驶 的 苏 Ａ 车内 黑色 夹 包中 查获 3 小包 毒品 疑似 物 上述 4 小包 毒品 净重 合计 6克 均 检出 甲基苯丙胺 成分,4
NA,公诉 机关 指控 2016 年 10 月 21 日 21 时许 被告人   <e1>   朱某   </e1>   按照 事先 约定 在 本市 栖霞区 某某 城 某某 苑 小区 大门口 以 人民币 1000 元 的 价格 向 赵某 贩卖 甲基苯丙胺 后 被 民警 抓获 并 另 在 被告人 朱某 驾驶 的 苏 Ａ 车内 黑色 夹 包中 查获 3 小包 毒品 疑似 物 上述 4 小包 毒品   <e2>   6克   </e2>   合计 6克 均 检出 甲基苯丙胺 成分,4
posess,河南省 新郑市 人民检察院 指控 2015年3月14日凌晨 许 被告人 张某 在 新郑市 新建 办 文化路 金峥苑 时尚 宾馆 二楼 205 房间 伙同他人 吸食 冰毒 被 公安机关 查获 后 从 张某 身上 搜出 一袋 疑似 冰毒 两瓶 疑似 毒品 2015年3月23日 经 郑州市 公安局 物证 鉴定 所 鉴定   <e1>   张某   </e1>   携带 的 毒品 均 含   <e2>   甲基苯丙胺   </e2>   成分 总重 17.96克,2
NA,河南省 新郑市 人民检察院 指控 2015年3月14日凌晨 许 被告人 张某 在 新郑市 新建 办 文化路 金峥苑 时尚 宾馆 二楼 205 房间 伙同他人 吸食 冰毒 被 公安机关 查获 后 从 张某 身上 搜出 一袋 疑似 冰毒 两瓶 疑似 毒品 2015年3月23日 经 郑州市 公安局 物证 鉴定 所 鉴定 张某 携带 的 毒品 均 含   <e1>   甲基苯丙胺   </e1>   成   <e2>   17.96克   </e2>   . 9 6克,4
NA,河南省 新郑市 人民检察院 指控   <e1>   2015年3月14日凌晨   </e1>   许 被告人 张某 在 新郑市 新建 办 文化路 金峥苑 时尚 宾馆 二楼 205 房间 伙同他人 吸食 冰毒 被 公安机关 查获 后 从 张某 身上 搜出 一袋 疑似 冰毒 两瓶 疑似 毒品   <e2>   2015年3月23日   </e2>   经 郑州市 公安局 物证 鉴定 所 鉴定 张某 携带 的 毒品 均 含 甲基苯丙胺 成分 总重 17.96克,4
provide_shelter_for,普宁市 人民检察院 指控 2016年7月2日 4日 7日 被告人   <e1>   杨某   </e1>   先后 3 次 在 普宁市 军其 租住 的 出租房 中 容留 吸毒 人员   <e2>   瞿某   </e2>   吸食 海洛因,3
NA,普宁市 人民检察院 指控 2016年7月2日   <e1>   4日   </e1>     <e2>   7日   </e2>   被告人 杨某 先后 3 次 在 普宁市 军其 租住 的 出租房 中 容留 吸毒 人员 瞿某 吸食 海洛因,4
NA,普宁市 人民检察院 指控   <e1>   2016年7月2日   </e1>   4日 7日 被告人 杨某 先后 3 次 在 普宁市 军其 租住 的 出租房 中 容留 吸毒 人员 瞿某 吸食   <e2>   海洛因   </e2>  ,4
sell_drugs_to,景德镇市 珠山区 人民检察院 指控 2015 年 12 月 3 日 20 时许 吸毒 人员 刘某满 在 景德镇市沿河某某宾馆8056房间 给 被告人 熊某某 打电话 让 其 拿 1 个货 毒品 到 宾馆 熊某某 来后 拿出 毒品 称 身上 就是 这么 多要 人民币 600 元   <e1>   刘某满   </e1>   认为 便宜 便 答应 全部 购买 并用 微信 转账 6   <e2>   熊某某   </e2>   给 熊某某 之后 刘某满 拿出 买来 的 一点 毒品 吸食 剩余 毒品 放在 床单 下 二人 随后 被 公安人员 抓获 从 床单 下面 所 缴获 的 毒品 经 鉴定 一小包 疑似 毒品 冰毒 中 检出 甲基苯丙胺 成分 净重 为 4.8909 克 1 粒及 2 个 碎粒 疑似 毒品 麻古 中 检出 甲基苯丙胺 成分 净重 为 0.1799 克,1
NA,景德镇市 珠山区 人民检察院 指控 2015 年 12 月 3 日 20 时许 吸毒 人员   <e1>   刘某满   </e1>   在 景德镇市沿河某某宾馆8056房间 给 被告人 熊某某 打电话 让 其 拿 1 个货 毒品 到 宾馆 熊某某 来后 拿出 毒品 称 身上 就是 这么 多要 人民币 6   <e2>   刘某满   </e2>   刘某满 认为 便宜 便 答应 全部 购买 并用 微信 转账 600 元 给 熊某某 之后 刘某满 拿出 买来 的 一点 毒品 吸食 剩余 毒品 放在 床单 下 二人 随后 被 公安人员 抓获 从 床单 下面 所 缴获 的 毒品 经 鉴定 一小包 疑似 毒品 冰毒 中 检出 甲基苯丙胺 成分 净重 为 4.8909 克 1 粒及 2 个 碎粒 疑似 毒品 麻古 中 检出 甲基苯丙胺 成分 净重 为 0.1799 克,4
NA,景德镇市 珠山区 人民检察院 指控 2015 年 12 月 3 日 20 时许 吸毒 人员 刘某满 在   <e1>   景德镇市沿河某某宾馆8056房间   </e1>   给 被告人 熊某某 打电话 让 其 拿 1 个货 毒品 到 宾馆 熊某某 来后 拿出 毒品 称 身上 就是 这么 多要 人民币 600 元 刘某满 认为 便宜 便 答应 全部 购买 并用 微信 转账 600 元 给   <e2>   熊某某   </e2>   之后 刘某满 拿出 买来 的 一点 毒品 吸食 剩余 毒品 放在 床单 下 二人 随后 被 公安人员 抓获 从 床单 下面 所 缴获 的 毒品 经 鉴定 一小包 疑似 毒品 冰毒 中 检出 甲基苯丙胺 成分 净重 为 4.8909 克 1 粒及 2 个 碎粒 疑似 毒品 麻古 中 检出 甲基苯丙胺 成分 净重 为 0.1799 克,4
provide_shelter_for,重庆市 渝北区 人民检察院 指控 2015年4月12日5时 许 被告人   <e1>   胡某   </e1>   在 位于 重庆市 渝北区 XX 磅 XX 世纪 X 单元 XX 的 家中 容留   <e2>   王某   </e2>   刘某甲 以 烤 吸 的 方式 吸食 甲基苯丙胺片剂 俗称 麻古,3
provide_shelter_for,重庆市 渝北区 人民检察院 指控 2015年4月12日5时 许 被告人   <e1>   胡某   </e1>   在 位于 重庆市 渝北区 XX 磅 XX 世纪 X 单元 XX 的 家中 容留 王某   <e2>   刘某甲   </e2>   以 烤 吸 的 方式 吸食 甲基苯丙胺片剂 俗称 麻古,3
NA,重庆市 渝北区 人民检察院 指控   <e1>   2015年4月12日5时   </e1>   许   <e2>   胡某   </e2>   告人 胡某 在 位于 重庆市 渝北区 XX 磅 XX 世纪 X 单元 XX 的 家中 容留 王某 刘某甲 以 烤 吸 的 方式 吸食 甲基苯丙胺片剂 俗称 麻古,4
NA,重庆市 渝北区 人民检察院 指控 2015年4月12日5时 许 被告人   <e1>   胡某   </e1>   在 位于 重庆市 渝北区 XX 磅 XX 世纪 X 单元 XX 的 家中 容留 王某 刘某甲 以 烤 吸 的 方式 吸食 甲基苯丙胺片剂 俗称   <e2>   麻古   </e2>  ,4
posess,铜陵市 铜官山区 人民检察院 指控 被告人 吴某某 于 2015年10月9日 通过 邮购 方式 购买 21.4 克 毒品 甲基苯丙胺 于 当日 在 其 住所 楼下 签收 毒品 包裹 时 被 公安人员 当场 抓获 随后 公安人员 在   <e1>   吴某某   </e1>   住所 又 查获   <e2>   甲基苯丙胺   </e2>   3.7 1克 被告人 吴某某 的 行为 触犯 中华人民共和国 刑法 第三 百 四十八条 构成 非法 持有 毒品 罪且 属 累犯 公诉人 当庭 宣读 提交 了 物证 照片 书证 证人 证言 被告人 供述 与 辩解 鉴定 意见 现场 勘验 检查 辨认 笔录 及 照片 视听资料 等 证据 提请 本院 对 被告人 吴某某 依法 惩处,2
NA,铜陵市 铜官山区 人民检察院 指控 被告人   <e1>   吴某某   < / e   <e2>   2015年10月9日   </e2>   0 月 9 日 通过 邮购 方式 购买 21.4 克 毒品 甲基苯丙胺 于 当日 在 其 住所 楼下 签收 毒品 包裹 时 被 公安人员 当场 抓获 随后 公安人员 在 吴某某 住所 又 查获 甲基苯丙胺 3.7 1克 被告人 吴某某 的 行为 触犯 中华人民共和国 刑法 第三 百 四十八条 构成 非法 持有 毒品 罪且 属 累犯 公诉人 当庭 宣读 提交 了 物证 照片 书证 证人 证言 被告人 供述 与 辩解 鉴定 意见 现场 勘验 检查 辨认 笔录 及 照片 视听资料 等 证据 提请 本院 对 被告人 吴某某 依法 惩处,4
NA,铜陵市 铜官山区 人民检察院 指控 被告人 吴某某 于 2015年10月9日 通过 邮购 方式 购买 21.4 克 毒品 甲基苯丙胺 于   <e1>   当日   </e1>   在 其 住所 楼下 签收 毒品 包裹 时 被 公安人员 当场 抓获 随后 公安人员 在 吴某某 住所 又 查获 甲基苯丙胺 3.7 1克 被告人 吴某某 的 行   <e2>   中华人民共和国   </e2>   民 共和国 刑法 第三 百 四十八条 构成 非法 持有 毒品 罪且 属 累犯 公诉人 当庭 宣读 提交 了 物证 照片 书证 证人 证言 被告人 供述 与 辩解 鉴定 意见 现场 勘验 检查 辨认 笔录 及 照片 视听资料 等 证据 提请 本院 对 被告人 吴某某 依法 惩处,4
sell_drugs_to,公诉 机关 指控 2013 年 8 月 29 日 18 时许 禄劝县 公安局 乌 东德 派出所 民警 接线 报称 有人 在 禄劝 县城 平 一 酒店 路段 贩卖毒品 民警 接报 后 赶往 禄劝 县城 平 一 酒店 路口处 查获 正在 贩卖毒品 给 吸毒 人员   <e1>   杨某甲   </e1>     <e2>   张某   </e2>   告人 张某 并 当场 从 被告人 张某 身上 查获 毒品 可疑 物 15 粒 从 杨某甲 身上 查获 从 张某 处 购买 的 毒品 可疑 物 15 粒经 称量 被告人 张某 用于 贩卖 的 毒品 可疑 物零包 毛重 3 . 1克 净重 2.5 克经 昆明市 公安 司法鉴定 中心 鉴定 被告人 张某 所 贩卖 的 毒品 可疑 物是 甲基苯丙胺,1
traffic_in,公诉 机关 指控 2013 年 8 月 29 日 18 时许 禄劝县 公安局 乌 东德 派出所 民警 接线 报称 有人 在 禄劝 县城 平 一 酒店 路段 贩卖毒品 民警 接报 后 赶往 禄劝 县城 平 一 酒店 路口处 查获 正在 贩卖毒品 给 吸毒 人员 杨某甲 的 被告人 张某 并 当场 从 被告人 张某 身上 查获 毒品 可疑 物 15 粒 从 杨某甲 身上 查获 从 张某 处 购买 的 毒品 可疑 物 15 粒经 称量 被告人 张某 用于 贩卖 的 毒品 可疑 物零包 毛重 3 . 1克 净重 2.5 克经 昆明市 公安 司法鉴定 中心 鉴定 被告人   <e1>   张某   </e1>   所 贩卖 的 毒品 可疑 物是   <e2>   甲基苯丙胺   </e2>  ,0
NA,公诉 机关 指控 2013 年 8 月 29 日 18 时许 禄劝县 公安局 乌 东德 派出所 民警 接线 报称 有人 在   <e1>   禄劝   </e1>   县城 平 一 酒店 路段 贩卖毒品 民警 接报 后 赶往 禄劝 县城 平 一 酒店 路口处 查获 正在 贩卖毒品 给 吸毒 人员 杨某甲 的 被告人 张某 并 当场 从 被告人 张某 身上 查获 毒品 可疑 物 15 粒 从   <e2>   杨某甲   </e2>   身上 查获 从 张某 处 购买 的 毒品 可疑 物 15 粒经 称量 被告人 张某 用于 贩卖 的 毒品 可疑 物零包 毛重 3 . 1克 净重 2.5 克经 昆明市 公安 司法鉴定 中心 鉴定 被告人 张某 所 贩卖 的 毒品 可疑 物是 甲基苯丙胺,4
NA,公诉 机关 指控 2013 年 8 月 29 日 18 时许 禄劝县 公安局 乌 东德 派出所 民警 接线 报称 有人 在 禄劝 县城 平 一 酒店 路段 贩卖毒品 民警 接报 后 赶往 禄劝 县城 平 一 酒店 路口处 查获 正在 贩卖毒品 给 吸毒 人员 杨某甲 的 被告人 张某 并 当场 从 被告人 张某 身上 查获 毒品 可疑 物 15 粒 从 杨某甲 身上 查获 从 张某 处 购买 的 毒品 可疑 物 15 粒经 称量 被告人   <e1>   张某   </e1>   用于 贩卖 的 毒品 可疑 物零包 毛重 3 . 1克 净重 2.5 克经 昆明市 公安 司法鉴定 中心 鉴定 被告人 张某 所 贩卖 的 毒品 可疑 物是   <e2>   甲基苯丙胺   </e2>  ,4
sell_drugs_to,公诉 机关 指控 被告人   <e1>   缪   </e1>   于 2014 年 7 月 9 日 20 时许 在 本市 朝阳区望京华联商场 对面 路边 以 人民币 600 元 的 价格 向   <e2>   阎   </e2>   男 19 岁 北京市 人叶 男 19 岁 黑龙江省 人 出售 大麻 约 2.7克 后 被 抓获归案 上述 毒品 已 鉴定 并 收缴,1
sell_drugs_to,公诉 机关 指控 被告人   <e1>   缪   </e1>   于 2014 年 7 月 9 日 20 时许 在 本市 朝阳区望京华联商场 对面 路边 以 人民币 600 元 的 价格 向 阎 男 19 岁 北京市 人   <e2>   叶   </e2>   男 19 岁 黑龙江省 人 出售 大麻 约 2.7克 后 被 抓获归案 上述 毒品 已 鉴定 并 收缴,1
traffic_in,公诉 机关 指控 被告人   <e1>   缪   </e1>   于 2014 年 7 月 9 日 20 时许 在 本市 朝阳区望京华联商场 对面 路边 以 人民币 600 元 的 价格 向 阎 男 19 岁 北京市 人叶 男 19 岁 黑龙江省 人 出售   <e2>   大麻   </e2>   约 2.7克 后 被 抓获归案 上述 毒品 已 鉴定 并 收缴,0
NA,公诉 机关 指控 被告人   <e1>   缪   </e1>   于 2014 年 7 月 9 日 20 时许 在 本市 朝阳区望京华联商场 对面 路边 以 人民币 600 元 的 价格 向 阎 男 19 岁 北京市 人叶 男 19 岁 黑龙江省 人 出售 大麻 约   <e2>   2.7克   </e2>   后 被 抓获归案 上述 毒品 已 鉴定 并 收缴,4
NA,公诉 机关 指控 被告人 缪于 2014 年 7 月 9 日 20 时许 在 本市   <e1>   朝阳区望京华联商场   </e1>   对面 路边 以 人民币 600 元 的 价格 向   <e2>   阎   </e2>   男 19 岁 北京市 人叶 男 19 岁 黑龙江省 人 出售 大麻 约 2.7克 后 被 抓获归案 上述 毒品 已 鉴定 并 收缴,4
provide_shelter_for,沭阳县 人民检察院 指控 2014年10月 至 11月 间 被告人   <e1>   单某   </e1>   在 其 租住 的 沭阳县 沭城 街道 某某 商业广场 X 号楼 XX XX 房间内 多次 容留   <e2>   徐某   </e2>   董某 史某 吸食 冰毒 甲基苯丙胺 现分述 如下,3
provide_shelter_for,沭阳县 人民检察院 指控 2014年10月 至 11月 间 被告人   <e1>   单某   </e1>   在 其 租住 的 沭阳县 沭城 街道 某某 商业广场 X 号楼 XX XX 房间内 多次 容留 徐某   <e2>   董某   </e2>   史某 吸食 冰毒 甲基苯丙胺 现分述 如下,3
provide_shelter_for,沭阳县 人民检察院 指控 2014年10月 至 11月 间 被告人   <e1>   单某   </e1>   在 其 租住 的 沭阳县 沭城 街道 某某 商业广场 X 号楼 XX XX 房间内 多次 容留 徐某 董某   <e2>   史某   </e2>   吸食 冰毒 甲基苯丙胺 现分述 如下,3
NA,沭阳县 人民检察院 指控 2014年10月 至   <e1>   11月   </e1>   间 被告人 单某 在 其 租住 的 沭阳县 沭城 街道 某某 商业广场 X 号楼 XX XX 房间内 多次 容留   <e2>   徐某   </e2>   董某 史某 吸食 冰毒 甲基苯丙胺 现分述 如下,4
NA,沭阳县 人民检察院 指控 2014年10月 至 11月 间 被告人   <e1>   单某   </e1>   在 其 租住 的 沭阳县 沭城 街道 某某 商业广场 X 号楼 XX XX 房间内 多次 容留 徐某 董某   <e2>   史某   </e2>   吸食 冰毒 甲基苯丙胺 现分述 如下,4
sell_drugs_to,杭州市 拱墅区 人民检察院 指控 2011年11月初 的 一天 及 同年 12 月 23 日 26 日 29 日 被告人   <e1>   余文   </e1>   四次 向 吸毒 人员   <e2>   赵某   </e2>   贩卖 共计 约 1.5克 左右 的 毒品 海洛因 为 证实 上述 指控 事实 公诉 机关 宣读 出示 证人 赵某 的 证言 现场 检测 报告 刑事 判决书 强制 戒毒 决定书 情况 说明 抓获 经过 户籍 证明 被告人 余文 的 供述 及 辩解 等 证据 认为 被告人 余文 明知 是 毒品 仍予 多次 贩卖 其 行为 已 构成 贩卖毒品 罪 提请 本院 依法 惩处,1
traffic_in,杭州市 拱墅区 人民检察院 指控 2011年11月初 的 一天 及 同年 12 月 23 日 26 日 29 日 被告人   <e1>   余文   </e1>   四次 向 吸毒 人员 赵某 贩卖 共计 约 1.5克 左右 的 毒品   <e2>   海洛因   </e2>   为 证实 上述 指控 事实 公诉 机关 宣读 出示 证人 赵某 的 证言 现场 检测 报告 刑事 判决书 强制 戒毒 决定书 情况 说明 抓获 经过 户籍 证明 被告人 余文 的 供述 及 辩解 等 证据 认为 被告人 余文 明知 是 毒品 仍予 多次 贩卖 其 行为 已 构成 贩卖毒品 罪 提请 本院 依法 惩处,0
NA,杭州市 拱墅区 人民检察院 指控   <e1>   2011年11月初   </e1>   的 一天 及 同年 12 月 23 日 26 日 29 日 被告人 余文 四次 向 吸毒 人员 赵某 贩卖 共计 约 1.5克 左右 的 毒品 海洛因 为 证实 上述 指控 事实 公诉 机关 宣读 出示 证人   <e2>   赵某   </e2>   的 证言 现场 检测 报告 刑事 判决书 强制 戒毒 决定书 情况 说明 抓获 经过 户籍 证明 被告人 余文 的 供述 及 辩解 等 证据 认为 被告人 余文 明知 是 毒品 仍予 多次 贩卖 其 行为 已 构成 贩卖毒品 罪 提请 本院 依法 惩处,4
NA,杭州市 拱墅区 人民检察院 指控 2011年11月初 的 一天 及 同年 12 月 23 日 26 日 29 日 被告人   <e1>   余文   </e1>   四次 向 吸毒 人员 赵某 贩卖 共计 约 1.5克 左右 的 毒品 海洛因 为 证实 上述 指控 事实 公诉 机关 宣读 出示 证人   <e2>   赵某   </e2>   的 证言 现场 检测 报告 刑事 判决书 强制 戒毒 决定书 情况 说明 抓获 经过 户籍 证明 被告人 余文 的 供述 及 辩解 等 证据 认为 被告人 余文 明知 是 毒品 仍予 多次 贩卖 其 行为 已 构成 贩卖毒品 罪 提请 本院 依法 惩处,4
provide_shelter_for,黑龙江省 通河县 人民检察院 指控 2015年7至12月期间 被告人   <e1>   王某   </e1>   在 通河县通河镇昌盛小区5号楼10门市其经营的某某信息咨询有限公司内 由 其 提供 毒品 在 该处 容留   <e2>   贾某某   </e2>   吸食毒品 四次,3
NA,黑龙江省 通河县 人民检察院 指控   <e1>   2015年7至12月期间   </e1>   被告人 王某 在   <e2>   通河县通河镇昌盛小区5号楼10门市其经营的某某信息咨询有限公司内   </e2>   由 其 提供 毒品 在 该处 容留 贾某某 吸食毒品 四次,4
NA,黑龙江省 通河县 人民检察院 指控 2015年7至12月期间 被告人   <e1>   王某   </e1>   在   <e2>   通河县通河镇昌盛小区5号楼10门市其经营的某某信息咨询有限公司内   </e2>   由 其 提供 毒品 在 该处 容留 贾某某 吸食毒品 四次,4
posess,宜州市 人民检察院 指控 2016 年 6 月 20 日 15 时许 宜州市 公安局 民警 在 被告人 钟某某 租住 的 宜州市 庆远 镇会东 XX 街 85 XX 号 X3 栋 201 XX 室 门口 将 涉嫌 毒品 犯罪 的 钟某某 抓获 公安人员 当场 在 钟某某 随身携带 的 黑色 手提包 内 查获   <e1>   钟某某   </e1>   非法 持有 的 毒品   <e2>   甲基苯丙胺   </e2>   3 小包 净重 13.27克 毒品 海洛因 2 小包 净重 3.83克 在 钟某某 驾驶 的 车牌号 为桂 Ｍ 的 别克 牌 小轿车 后 排座位 地板 上 查获 钟某某 非法 持有 的 毒品 甲基苯丙胺 2 小包 净重 19.19 克 被告人 钟某某 对 公诉 机关 指控 的 犯罪事实 和 罪名 无异议,2
posess,宜州市 人民检察院 指控 2016 年 6 月 20 日 15 时许 宜州市 公安局 民警 在 被告人 钟某某 租住 的 宜州市 庆远 镇会东 XX 街 85 XX 号 X3 栋 201 XX 室 门口 将 涉嫌 毒品 犯罪 的 钟某某 抓获 公安人员 当场 在 钟某某 随身携带 的 黑色 手提包 内 查获   <e1>   钟某某   </e1>   非法 持有 的 毒品 甲基苯丙胺 3 小包 净重 13.27克 毒品   <e2>   海洛因   </e2>   2 小包 净重 3.83克 在 钟某某 驾驶 的 车牌号 为桂 Ｍ 的 别克 牌 小轿车 后 排座位 地板 上 查获 钟某某 非法 持有 的 毒品 甲基苯丙胺 2 小包 净重 19.19 克 被告人 钟某某 对 公诉 机关 指控 的 犯罪事实 和 罪名 无异议,2
posess,宜州市 人民检察院 指控 2016 年 6 月 20 日 15 时许 宜州市 公安局 民警 在 被告人 钟某某 租住 的 宜州市 庆远 镇会东 XX 街 85 XX 号 X3 栋 201 XX 室 门口 将 涉嫌 毒品 犯罪 的 钟某某 抓获 公安人员 当场 在 钟某某 随身携带 的 黑色 手提包 内 查获 钟某某 非法 持有 的 毒品 甲基苯丙胺 3 小包 净重 13.27克 毒品 海洛因 2 小包 净重 3.83克 在 钟某某 驾驶 的 车牌号 为桂 Ｍ 的 别克 牌 小轿车 后 排座位 地板 上 查获   <e1>   钟某某   </e1>   非法 持有 的 毒品   <e2>   甲基苯丙胺   </e2>   2 小包 净重 19.19 克 被告人 钟某某 对 公诉 机关 指控 的 犯罪事实 和 罪名 无异议,2
NA,宜州市 人民检察院 指控 2016 年 6 月 20 日 15 时许 宜州市 公安局 民警 在 被告人 钟某某 租住 的 宜州市 庆远 镇会东 XX 街 85 XX 号 X3 栋 201 XX 室 门口 将 涉嫌 毒品 犯罪 的   <e1>   钟某某   </e1>   抓获 公安人员 当场 在 钟某某 随身携带 的 黑色 手提包 内 查获 钟某某 非法 持有 的 毒品 甲基苯丙胺 3 小包 净重   <e2>   13.27克   </e2>   毒品 海洛因 2 小包 净重 3.83克 在 钟某某 驾驶 的 车牌号 为桂 Ｍ 的 别克 牌 小轿车 后 排座位 地板 上 查获 钟某某 非法 持有 的 毒品 甲基苯丙胺 2 小包 净重 19.19 克 被告人 钟某某 对 公诉 机关 指控 的 犯罪事实 和 罪名 无异议,4
NA,宜州市 人民检察院 指控 2016 年 6 月 20 日 15 时许 宜州市 公安局 民警 在 被告人 钟某某 租住 的 宜州市 庆远 镇会东 XX 街 85 XX 号 X3 栋 201 XX 室 门口 将 涉嫌 毒品 犯罪 的 钟某某 抓获 公安人员 当场 在 钟某某 随身携带 的 黑色 手提包 内 查获 钟某某 非法 持有 的 毒品   <e1>   甲基苯丙胺   </e1>   3 小包 净重 13.27克 毒品 海洛因 2 小包 净重   <e2>   3.83克   </e2>   在 钟某某 驾驶 的 车牌号 为桂 Ｍ 的 别克 牌 小轿车 后 排座位 地板 上 查获 钟某某 非法 持有 的 毒品 甲基苯丙胺 2 小包 净重 19.19 克 被告人 钟某某 对 公诉 机关 指控 的 犯罪事实 和 罪名 无异议,4
sell_drugs_to,公诉 机关 指控 被告人   <e1>   张某某   </e1>   于 2014 年 9 月底 至 11月 1 日间 在 无锡市新区前进花园174号202室 174 号 门口 先后 5 次 向   <e2>   王某   </e2>   贩卖 甲基苯丙胺 冰毒 共计 4.59 克 被告人 张某某 于 2014年11月5日15时 许在 无锡市新区前进花园174号202室 准备 再次 向 王某 贩卖毒品 时 被 民警 抓获 民警 当场 在 该处 查获 甲基苯丙胺 5.95克 公诉 机关 认为 被告人 张某某 贩卖 甲基苯丙胺 十克 以上 不满 五十克 其 行为 构成 了 贩卖毒品 罪 提请 本院 依法 判处,1
traffic_in,公诉 机关 指控 被告人   <e1>   张某某   </e1>   于 2014 年 9 月底 至 11月 1 日间 在 无锡市新区前进花园174号202室 174 号 门口 先后 5 次 向 王某 贩卖   <e2>   甲基苯丙胺   </e2>   冰毒 共计 4.59 克 被告人 张某某 于 2014年11月5日15时 许在 无锡市新区前进花园174号202室 准备 再次 向 王某 贩卖毒品 时 被 民警 抓获 民警 当场 在 该处 查获 甲基苯丙胺 5.95克 公诉 机关 认为 被告人 张某某 贩卖 甲基苯丙胺 十克 以上 不满 五十克 其 行为 构成 了 贩卖毒品 罪 提请 本院 依法 判处,0
traffic_in,公诉 机关 指控 被告人   <e1>   张某某   </e1>   于 2014 年 9 月底 至 11月 1 日间 在 无锡市新区前进花园174号202室 174 号 门口 先后 5 次 向 王某 贩卖 甲基苯丙胺   <e2>   冰毒   </e2>   共计 4.59 克 被告人 张某某 于 2014年11月5日15时 许在 无锡市新区前进花园174号202室 准备 再次 向 王某 贩卖毒品 时 被 民警 抓获 民警 当场 在 该处 查获 甲基苯丙胺 5.95克 公诉 机关 认为 被告人 张某某 贩卖 甲基苯丙胺 十克 以上 不满 五十克 其 行为 构成 了 贩卖毒品 罪 提请 本院 依法 判处,0
NA,公诉 机关 指控 被告人 张某某 于 2014 年 9 月底 至 11月 1 日间 在 无锡市新区前进花园174号202室 174 号 门口 先后 5 次 向 王某 贩卖 甲基苯丙胺 冰毒 共计 4.59 克 被告人 张某某 于   <e1>   2014年11月5日15时   </e1>   许在 无锡市新区前进花园174号202室 准备 再次 向 王某 贩卖毒品 时 被 民警 抓获 民警 当场 在 该处 查获 甲基苯丙胺 5.95克 公诉 机关 认为 被告人 张某某 贩卖 甲基苯丙胺   <e2>   十克   </e2>   以上 不满 五十克 其 行为 构成 了 贩卖毒品 罪 提请 本院 依法 判处,4
NA,公诉 机关 指控 被告人 张某某 于 2014 年 9 月底 至 11月 1 日间 在   <e1>   无锡市新区前进花园174号202室   </e1>   174 号 门口 先后 5 次 向 王某 贩卖 甲基苯丙胺 冰毒 共计 4.59 克 被告人 张某某 于 2014年11月5日15时 许在 无锡市新区前进花园174号202室 准备 再次 向 王某 贩卖毒品 时 被 民警 抓获 民警 当场 在 该处 查获 甲   <e2>   5.95克   </e2>   . 95 克 公诉 机关 认为 被告人 张某某 贩卖 甲基苯丙胺 十克 以上 不满 五十克 其 行为 构成 了 贩卖毒品 罪 提请 本院 依法 判处,4
traffic_in,重庆市 大渡口区 人民检察院 指控 2014年8月22日13时 许 被告人   <e1>   王某   </e1>   在 重庆市 大渡口区 新建 育才 小学 附近 将 1 小包 毒品 冰毒 净重 1.03克 从中 检出   <e2>   甲基苯丙胺   </e2>   成分 以 350 元 的 价格 贩卖 给 卢某某 交易 完成 后 二人 被 民警 抓获 民警 分别 从 王某 和 卢某某 二人 身上 查获 上述 毒品 和 毒资,0
traffic_in,重庆市 大渡口区 人民检察院 指控 2014年8月22日13时 许 被告人   <e1>   王某   </e1>   在 重庆市 大渡口区 新建 育才 小学 附近 将 1 小包 毒品   <e2>   冰毒   </e2>   净重 1.03克 从中 检出 甲基苯丙胺 成分 以 350 元 的 价格 贩卖 给 卢某某 交易 完成 后 二人 被 民警 抓获 民警 分别 从 王某 和 卢某某 二人 身上 查获 上述 毒品 和 毒资,0
sell_drugs_to,重庆市 大渡口区 人民检察院 指控 2014年8月22日13时 许 被告人   <e1>   王某   </e1>   在 重庆市 大渡口区 新建 育才 小学 附近 将 1 小包 毒品 冰毒 净重 1.03克 从中 检出 甲基苯丙胺 成分 以 350 元 的 价格 贩卖 给   <e2>   卢某某   </e2>   交易 完成 后 二人 被 民警 抓获 民警 分别 从 王某 和 卢某某 二人 身上 查获 上述 毒品 和 毒资,1
NA,重庆市 大渡口区 人民检察院 指控 2014年8月22日13时 许 被告人 王某 在 重庆市 大渡口区 新建 育才 小学 附近 将 1 小包 毒品   <e1>   冰毒   </e1>   <e2>   1.03克   </e2>   . 03 克 从中 检出 甲基苯丙胺 成分 以 350 元 的 价格 贩卖 给 卢某某 交易 完成 后 二人 被 民警 抓获 民警 分别 从 王某 和 卢某某 二人 身上 查获 上述 毒品 和 毒资,4
NA,重庆市 大渡口区 人民检察院 指控   <e1>   2014年8月22日13时   </e1>   许 被告人 王某 在 重庆市 大渡口区 新建 育才 小学 附近 将 1 小包 毒品 冰毒 净重 1.03克 从中 检出 甲基苯丙胺 成分 以 350 元 的 价   <e2>   卢某某   </e2>   给 卢某某 交易 完成 后 二人 被 民警 抓获 民警 分别 从 王某 和 卢某某 二人 身上 查获 上述 毒品 和 毒资,4
posess,南京市 鼓楼区 人民检察院 指控 2017年1月11日1时 许 民警 根据 线索 在 对 被告人 徐某 住处 本市 玄武区 XX 村 XX 宿舍 21 幢 303 室 进行 搜查 时 查获 疑似 毒品 冰毒 3 小袋   <e1>   徐某   </e1>   被 民警 当场 抓获 毒品 被 扣押 经 鉴定 毒品 净重 共计 40.33克 皆 检出   <e2>   甲基苯丙胺   </e2>   成分,2
NA,南京市 鼓楼区 人民检察院 指控 2017年1月11日1时 许 民警 根据 线索 在 对 被告人 徐某 住处 本市 玄武区 XX 村 XX 宿舍 21 幢 303 室 进行 搜查 时 查获 疑似 毒品   <e1>   冰毒   </e1>   3 小袋 徐某 被 民警 当场 抓获 毒品 被 扣押 经 鉴定 毒品   <e2>   40.33克   </e2>   . 33 克 皆 检出 甲基苯丙胺 成分,4
NA,南京市 鼓楼区 人民检察院 指控   <e1>   2017年1月11日1时   </e1>   许 民警 根据 线索 在 对 被告人 徐某 住处 本市   <e2>   玄武区   </e2>   XX 村 XX 宿舍 21 幢 303 室 进行 搜查 时 查获 疑似 毒品 冰毒 3 小袋 徐某 被 民警 当场 抓获 毒品 被 扣押 经 鉴定 毒品 净重 共计 40.33克 皆 检出 甲基苯丙胺 成分,4
sell_drugs_to,长沙市 雨花区 人民检察院 指控 2011年11月 被告人   <e1>   刘建兵   </e1>   在 长沙市 雨花区 向   <e2>   李某   </e2>   另案处理 贩卖毒品 麻古 64 粒约 6.0 6克 及 冰毒 1 包重 2.599 克 次日凌晨1时 许 被告人 刘建兵 被 公安机关 抓获 并 现场 查获 毒品 麻古 3 粒 重0.278克 及 冰毒 2 包重 1.053 克 公诉 机关 为 证明 上述事实 当庭 列举 并 出示 了 书证 物证 证人 证言 理化 检验 鉴定 被告人 供述 及 辩解 等 证据 在案 佐证 公诉 机关 认为 被告人 刘建兵 违反 国家 毒品 管理 法规 贩卖毒品 甲基苯丙胺 情节严重 其 行为 已触犯 中华人民共和国 刑法 第三 百 四十七 条 第一 四款 第 三百五十 七条 之 规定 应当 以 贩卖毒品 罪 追究其 刑事责任,1
traffic_in,长沙市 雨花区 人民检察院 指控 2011年11月 被告人   <e1>   刘建兵   </e1>   在 长沙市 雨花区 向 李某 另案处理 贩卖毒品   <e2>   麻古   </e2>   64 粒约 6.0 6克 及 冰毒 1 包重 2.599 克 次日凌晨1时 许 被告人 刘建兵 被 公安机关 抓获 并 现场 查获 毒品 麻古 3 粒 重0.278克 及 冰毒 2 包重 1.053 克 公诉 机关 为 证明 上述事实 当庭 列举 并 出示 了 书证 物证 证人 证言 理化 检验 鉴定 被告人 供述 及 辩解 等 证据 在案 佐证 公诉 机关 认为 被告人 刘建兵 违反 国家 毒品 管理 法规 贩卖毒品 甲基苯丙胺 情节严重 其 行为 已触犯 中华人民共和国 刑法 第三 百 四十七 条 第一 四款 第 三百五十 七条 之 规定 应当 以 贩卖毒品 罪 追究其 刑事责任,0
traffic_in,长沙市 雨花区 人民检察院 指控 2011年11月 被告人   <e1>   刘建兵   </e1>   在 长沙市 雨花区 向 李某 另案处理 贩卖毒品 麻古 64 粒约 6.0 6克 及   <e2>   冰毒   </e2>   1 包重 2.599 克 次日凌晨1时 许 被告人 刘建兵 被 公安机关 抓获 并 现场 查获 毒品 麻古 3 粒 重0.278克 及 冰毒 2 包重 1.053 克 公诉 机关 为 证明 上述事实 当庭 列举 并 出示 了 书证 物证 证人 证言 理化 检验 鉴定 被告人 供述 及 辩解 等 证据 在案 佐证 公诉 机关 认为 被告人 刘建兵 违反 国家 毒品 管理 法规 贩卖毒品 甲基苯丙胺 情节严重 其 行为 已触犯 中华人民共和国 刑法 第三 百 四十七 条 第一 四款 第 三百五十 七条 之 规定 应当 以 贩卖毒品 罪 追究其 刑事责任,0
traffic_in,长沙市 雨花区 人民检察院 指控 2011年11月 被告人 刘建兵 在 长沙市 雨花区 向 李某 另案处理 贩卖毒品 麻古 64 粒约 6.0 6克 及 冰毒 1 包重 2.599 克 次日凌晨1时 许 被告人 刘建兵 被 公安机关 抓获 并 现场 查获 毒品 麻古 3 粒 重0.278克 及 冰毒 2 包重 1.053 克 公诉 机关 为 证明 上述事实 当庭 列举 并 出示 了 书证 物证 证人 证言 理化 检验 鉴定 被告人 供述 及 辩解 等 证据 在案 佐证 公诉 机关 认为 被告人   <e1>   刘建兵   </e1>   违反 国家 毒品 管理 法规 贩卖毒品   <e2>   甲基苯丙胺   </e2>   情节严重 其 行为 已触犯 中华人民共和国 刑法 第三 百 四十七 条 第一 四款 第 三百五十 七条 之 规定 应当 以 贩卖毒品 罪 追究其 刑事责任,0
NA,长沙市 雨花区 人民检察院 指控   <e1>   2011年11月   </e1>   被告人 刘建兵 在 长沙市 雨花区 向 李某 另案处理 贩卖毒品 麻古 64 粒约 6.0 6克 及 冰毒 1 包重 2.599 克   <e2>   次日凌晨1时   </e2>   许 被告人 刘建兵 被 公安机关 抓获 并 现场 查获 毒品 麻古 3 粒 重0.278克 及 冰毒 2 包重 1.053 克 公诉 机关 为 证明 上述事实 当庭 列举 并 出示 了 书证 物证 证人 证言 理化 检验 鉴定 被告人 供述 及 辩解 等 证据 在案 佐证 公诉 机关 认为 被告人 刘建兵 违反 国家 毒品 管理 法规 贩卖毒品 甲基苯丙胺 情节严重 其 行为 已触犯 中华人民共和国 刑法 第三 百 四十七 条 第一 四款 第 三百五十 七条 之 规定 应当 以 贩卖毒品 罪 追究其 刑事责任,4
NA,长沙市 雨花区 人民检察院 指控 2011年11月 被告人 刘建兵 在 长沙市 雨花区 向 李某 另案处理 贩卖毒品   <e1>   麻古   </e1>   64 粒约 6.0 6克 及 冰毒 1 包重 2.599 克 次日凌晨1时 许 被告人 刘建兵 被 公安机关 抓获 并 现场 查获 毒品 麻古 3 粒   <e2>   重0.278克   </e2>   及 冰毒 2 包重 1.053 克 公诉 机关 为 证明 上述事实 当庭 列举 并 出示 了 书证 物证 证人 证言 理化 检验 鉴定 被告人 供述 及 辩解 等 证据 在案 佐证 公诉 机关 认为 被告人 刘建兵 违反 国家 毒品 管理 法规 贩卖毒品 甲基苯丙胺 情节严重 其 行为 已触犯 中华人民共和国 刑法 第三 百 四十七 条 第一 四款 第 三百五十 七条 之 规定 应当 以 贩卖毒品 罪 追究其 刑事责任,4
sell_drugs_to,公诉 机关 指控 2013 年 7 月 5 日 1 时 25 分许 被告人   <e1>   宗某某   </e1>   在 本市 柳营路 和田 路某某 酒店 门口 将 一包 用 纸包装 的 白色晶体 以 人民币 600 元 的 价格 贩卖 给   <e2>   陈某   </e2>   后 被 公安人员 人赃俱获 经 鉴定 上述 白色晶体 物 净重 0.73克 从中 检出 甲基苯丙胺 成分 到案 后 被告人 宗某某 如实 供述 了 上述 犯罪事实,1
traffic_in,公诉 机关 指控 2013 年 7 月 5 日 1 时 25 分许 被告人 宗某某 在 本市 柳营路 和田 路某某 酒店 门口 将 一包 用 纸包装 的 白色晶体 以 人民币 600 元 的 价格 贩卖 给 陈某 后 被 公安人员 人赃俱获 经 鉴定 上述 白色晶体 物 净重 0.73克 从中 检出   <e1>   甲基苯丙胺   </e1>   成分 到案 后   <e2>   宗某某   </e2>   人 宗某某 如实 供述 了 上述 犯罪事实,0
NA,公诉 机关 指控 2013 年 7 月 5 日 1 时 25 分许 被告人 宗某某 在 本市 柳营路 和田 路某某 酒店 门口 将 一包 用 纸包装 的 白色晶体 以 人民币 600 元 的 价格 贩卖 给 陈某 后 被 公安人员 人赃俱获 经 鉴定 上述 白色晶体 物 净重 0.73克 从中 检出   <e1>   甲基苯丙胺   </e1>   成分 到案 后 被告人   <e2>   宗某某   </e2>   如实 供述 了 上述 犯罪事实,4
NA,公诉 机关 指控 2013 年 7 月 5 日 1 时 25 分许 被告人 宗某某 在 本市   <e1>   柳营路   </e1>   和田 路某某 酒店 门口 将 一包 用 纸包装 的 白色晶体 以 人民币 600 元 的 价格 贩卖 给 陈某 后 被 公安人员 人赃俱获 经 鉴定 上述 白色晶体 物 净重   <e2>   0.73克   </e2>   从中 检出 甲基苯丙胺 成分 到案 后 被告人 宗某某 如实 供述 了 上述 犯罪事实,4
posess,庆阳市西峰 区 人民检察院 指控 2013年3月 20 日 10 时许 庆阳市 公安局 西峰 分局 民警 在 庆阳市西峰 区 寨子 巷 247 号 抓获 被告人   <e1>   刘某某   </e1>   在 其 住处 查获 毒品   <e2>   海洛因   </e2>   49.58 克 指控 被告人 刘某某 的 行为 构成 非法 持有 毒品 罪系 毒品 再犯 应 数罪并罚 公诉 机关 提供 了 相应 的 证据,2
NA,庆阳市西峰 区 人民检察院 指控 2013年3月 20 日 10 时许 庆阳市 公安局 西峰 分局 民警 在 庆阳市西峰 区 寨子 巷 247 号 抓获 被告人   <e1>   刘某某   </e1>   在 其 住处   <e2>   海洛因   </e2>   品 海洛因 49.58 克 指控 被告人 刘某某 的 行为 构成 非法 持有 毒品 罪系 毒品 再犯 应 数罪并罚 公诉 机关 提供 了 相应 的 证据,4
NA,庆阳市西峰 区 人民检察院 指控 2013年3月 20 日 10 时许 庆阳市 公安局 西峰 分局 民警 在   <e1>   庆阳市西峰   </e1>   区 寨子 巷 247 号 抓获 被告人 刘某某 在 其 住处 查获 毒品   <e2>   海洛因   </e2>   49.58 克 指控 被告人 刘某某 的 行为 构成 非法 持有 毒品 罪系 毒品 再犯 应 数罪并罚 公诉 机关 提供 了 相应 的 证据,4
posess,经 审理 查明 原判 认定 上诉人   <e1>   马志伟   </e1>   非法 持有 毒品   <e2>   甲基苯丙胺   </e2>   352.4 克 海洛因 28.4 克 的 事实清楚 有 下列 证据 证明,2
posess,经 审理 查明 原判 认定 上诉人   <e1>   马志伟   </e1>   非法 持有 毒品 甲基苯丙胺 352.4 克   <e2>   海洛因   </e2>   28.4 克 的 事实清楚 有 下列 证据 证明,2
NA,经 审理 查明 原判 认定 上诉人 马志伟 非法 持有 毒品   <e1>   甲基苯丙胺   </e1>   352.4 克   <e2>   海洛因   </e2>   28.4 克 的 事实清楚 有 下列 证据 证明,4
NA,经 审理 查明 原判 认定 上诉人   <e1>   马志伟   </e1>   非法 持有 毒品 甲基苯丙胺 352.4 克   <e2>   海洛因   </e2>   28.4 克 的 事实清楚 有 下列 证据 证明,4
sell_drugs_to,泸州市 纳溪区 人民检察院 指控 2013 年 9 月 11 日 19时 许 被告人   <e1>   王兵   </e1>   以 350 元 的 价格 在 泸州市纳溪区阳光商城门口 向 吸毒 人员   <e2>   白某某   </e2>   出售 1 包 净重 0.37克 红色 药丸 状 毒品 疑似 物 和 1 包 净重 0.1 2克 白色 结晶体 毒品 疑似 物时 被 泸州市 公安局 纳溪区 分局 禁毒 缉毒 大队 民警 当场 抓获 从 被告人 王兵 身上 搜出 大量 毒品 疑似 物经 称量 白色 结晶体 疑似 物 净重 16.77克 红色 药丸 状 疑似 物 净重 10.94 克 随后 民警 对 被告人 王兵 在 纳溪区 三期 廉租房 的 住所 进行 搜查 从 其 住所 内 搜出 红色 药丸 状 疑似 物 2 包 和 白色 结晶体 疑似 物 1 包经 称量 白色 结晶体 疑似 物 净重 0.32克 红色 药丸 状 疑似 物 净重 1 . 25克 上述 毒品 疑似 物经 内江市 公安局 物证 鉴定 所 鉴定 红色 药丸 状 毒品 疑似 物中 含有 甲基苯丙胺 成分 和 咖啡因 成分 白色 结晶体 状 毒品 疑似 物中 含有 甲基苯丙胺 成分,1
traffic_in,泸州市 纳溪区 人民检察院 指控 2013 年 9 月 11 日 19时 许 被告人 王兵 以 350 元 的 价格 在 泸州市纳溪区阳光商城门口 向 吸毒 人员 白某某 出售 1 包 净重 0.37克 红色 药丸 状 毒品 疑似 物 和 1 包 净重 0.1 2克 白色 结晶体 毒品 疑似 物时 被 泸州市 公安局 纳溪区 分局 禁毒 缉毒 大队 民警 当场 抓获 从 被告人 王兵 身上 搜出 大量 毒品 疑似 物经 称量 白色 结晶体 疑似 物 净重 16.77克 红色 药丸 状 疑似 物 净重 10.94 克 随后 民警 对 被告人   <e1>   王兵   </e1>   在 纳溪区 三期 廉租房 的 住所 进行 搜查 从 其 住所 内 搜出 红色 药丸 状 疑似 物 2 包 和 白色 结晶体 疑似 物 1 包经 称量 白色 结晶体 疑似 物 净重 0.32克 红色 药丸 状 疑似 物 净重 1 . 25克 上述 毒品 疑似 物经 内江市 公安局 物证 鉴定 所 鉴定 红色 药丸 状 毒品 疑似 物中 含有   <e2>   甲基苯丙胺   </e2>   成分 和 咖啡因 成分 白色 结晶体 状 毒品 疑似 物中 含有 甲基苯丙胺 成分,0
NA,泸州市 纳溪区 人民检察院 指控 2013 年 9 月 11 日 19时 许 被告人 王兵 以 350 元 的 价格 在   <e1>   泸州市纳溪区阳光商城门口   </e1>   向 吸毒 人员 白某某 出售 1 包 净重   <e2>   0.37克   </e2>   红色 药丸 状 毒品 疑似 物 和 1 包 净重 0.1 2克 白色 结晶体 毒品 疑似 物时 被 泸州市 公安局 纳溪区 分局 禁毒 缉毒 大队 民警 当场 抓获 从 被告人 王兵 身上 搜出 大量 毒品 疑似 物经 称量 白色 结晶体 疑似 物 净重 16.77克 红色 药丸 状 疑似 物 净重 10.94 克 随后 民警 对 被告人 王兵 在 纳溪区 三期 廉租房 的 住所 进行 搜查 从 其 住所 内 搜出 红色 药丸 状 疑似 物 2 包 和 白色 结晶体 疑似 物 1 包经 称量 白色 结晶体 疑似 物 净重 0.32克 红色 药丸 状 疑似 物 净重 1 . 25克 上述 毒品 疑似 物经 内江市 公安局 物证 鉴定 所 鉴定 红色 药丸 状 毒品 疑似 物中 含有 甲基苯丙胺 成分 和 咖啡因 成分 白色 结晶体 状 毒品 疑似 物中 含有 甲基苯丙胺 成分,4
NA,泸州市 纳溪区 人民检察院 指控 2013 年 9 月 11 日 19时 许 被告人 王兵 以 350 元 的 价格 在 泸州市纳溪区阳光商城门口 向 吸毒 人员   <e1>   白某某   </e1>   出售 1 包 净重 0.37克 红色 药丸 状 毒品 疑似 物 和 1 包 净重 0.1 2克 白色 结晶体 毒品 疑似 物时 被 泸州市 公安局 纳溪区 分局 禁毒 缉毒 大队 民警 当场 抓获 从 被告人 王兵 身上 搜出 大量 毒品 疑似 物经 称量 白色 结晶体 疑   <e2>   16.77克   </e2>   . 77 克 红色 药丸 状 疑似 物 净重 10.94 克 随后 民警 对 被告人 王兵 在 纳溪区 三期 廉租房 的 住所 进行 搜查 从 其 住所 内 搜出 红色 药丸 状 疑似 物 2 包 和 白色 结晶体 疑似 物 1 包经 称量 白色 结晶体 疑似 物 净重 0.32克 红色 药丸 状 疑似 物 净重 1 . 25克 上述 毒品 疑似 物经 内江市 公安局 物证 鉴定 所 鉴定 红色 药丸 状 毒品 疑似 物中 含有 甲基苯丙胺 成分 和 咖啡因 成分 白色 结晶体 状 毒品 疑似 物中 含有 甲基苯丙胺 成分,4
posess,经 审理 查明 2016 年 9 月 22 日 被告人   <e1>   颜某某   </e1>   携带 毒品 乘坐 客车 由 广西桂平市 前往 广东省 中山市 在 途经 广梧 高速公路 郁南县 平台 公安 检查站 时 被 执勤 民警 当场 查获 并 从 其 随身携带 的 物品 中 缴获 疑似 毒品 白色 块状 物 2 0.1克 经 云浮市 公安 司法鉴定 中心 鉴定 缴获 的 疑似 毒品 白色 块状 物 2 0.1克 检测 出   <e2>   海洛因   </e2>   成分 经对 被告人 颜某某 新鲜 尿液 毒品 取样 检测 结果 呈 阳性,2
NA,经 审理 查明 2016 年 9 月 22 日 被告人   <e1>   颜某某   </e1>   携带 毒品 乘坐 客车 由 广西桂平市 前往 广东省 中山市 在 途经 广梧 高速公路 郁南县 平台 公安 检查站 时 被 执勤 民警 当场 查获 并 从 其 随身携带 的 物品 中 缴获 疑似 毒品 白色 块状 物 2 0.1克 经   <e2>   云浮市   </e2>   公安 司法鉴定 中心 鉴定 缴获 的 疑似 毒品 白色 块状 物 2 0.1克 检测 出 海洛因 成分 经对 被告人 颜某某 新鲜 尿液 毒品 取样 检测 结果 呈 阳性,4
NA,经 审理 查明 2016 年 9 月 22 日 被告人 颜某某 携带 毒品 乘坐 客车 由   <e1>   广西桂平市   </e1>   前往 广东省 中山市 在 途经   <e2>   广梧   </e2>   高速公路 郁南县 平台 公安 检查站 时 被 执勤 民警 当场 查获 并 从 其 随身携带 的 物品 中 缴获 疑似 毒品 白色 块状 物 2 0.1克 经 云浮市 公安 司法鉴定 中心 鉴定 缴获 的 疑似 毒品 白色 块状 物 2 0.1克 检测 出 海洛因 成分 经对 被告人 颜某某 新鲜 尿液 毒品 取样 检测 结果 呈 阳性,4
sell_drugs_to,经 审理 查明 2012年7月20日夜晚 新蔡县 黄楼 乡 居民   <e1>   徐某某   </e1>     <e2>   张运良   </e2>   人 张运良 提出 购买 毒品 2012 年 7 月 21 日 上午 徐某某 向 新蔡县 公安局 举报 按照 公安人员 的 安排 徐某某 与 张运良 电话 联系 要求 购买 毒品 25克 毒品 并 商定 每克 550 元 当日下午17时 许 被告人 张运良 携带 毒品 到 新蔡县 砖店 卫生院 西侧 南北 马路 处 准备 与 徐某某 交易 时 被 新蔡县 公安局 民警 抓获 当场 收缴 毒品 样品 0.04克 又 从 张运良 裤袋 内 收缴 毒品 25.94 克经 鉴定 该 毒品 含 海洛因 成份 毒品 已 上缴,1
traffic_in,经 审理 查明 2012年7月20日夜晚 新蔡县 黄楼 乡 居民 徐某某 向 被告人 张运良 提出 购买 毒品 2012 年 7 月 21 日 上午 徐某某 向 新蔡县 公安局 举报 按照 公安人员 的 安排 徐某某 与 张运良 电话 联系 要求 购买 毒品 25克 毒品 并 商定 每克 550 元 当日下午17时 许 被告人   <e1>   张运良   </e1>   携带 毒品 到 新蔡县 砖店 卫生院 西侧 南北 马路 处 准备 与 徐某某 交易 时 被 新蔡县 公安局 民警 抓获 当场 收缴 毒品 样品 0.04克 又 从 张运良 裤袋 内 收缴 毒品 25.94 克经 鉴定 该 毒品 含   <e2>   海洛因   </e2>   成份 毒品 已 上缴,0
sell_drugs_to,经 审理 查明 2012年7月20日夜晚 新蔡县 黄楼 乡 居民 徐某某 向 被告人 张运良 提出 购买 毒品 2012 年 7 月 21 日 上午 徐某某 向 新蔡县 公安局 举报 按照 公安人员 的 安排   <e1>   徐某某   < / e   <e2>   张运良   </e2>   与 张运良 电话 联系 要求 购买 毒品 25克 毒品 并 商定 每克 550 元 当日下午17时 许 被告人 张运良 携带 毒品 到 新蔡县 砖店 卫生院 西侧 南北 马路 处 准备 与 徐某某 交易 时 被 新蔡县 公安局 民警 抓获 当场 收缴 毒品 样品 0.04克 又 从 张运良 裤袋 内 收缴 毒品 25.94 克经 鉴定 该 毒品 含 海洛因 成份 毒品 已 上缴,1
NA,经 审理 查明   <e1>   2012年7月20日夜晚   </e1>   新蔡县 黄楼 乡 居民 徐某某 向 被告人 张运良 提出 购买 毒品 2012 年 7 月 21 日 上午 徐某某 向 新蔡县 公安局 举报 按照 公安人员 的 安排 徐某某 与 张运良 电话 联系 要求   <e2>   25克   </e2>   品 25克 毒品 并 商定 每克 550 元 当日下午17时 许 被告人 张运良 携带 毒品 到 新蔡县 砖店 卫生院 西侧 南北 马路 处 准备 与 徐某某 交易 时 被 新蔡县 公安局 民警 抓获 当场 收缴 毒品 样品 0.04克 又 从 张运良 裤袋 内 收缴 毒品 25.94 克经 鉴定 该 毒品 含 海洛因 成份 毒品 已 上缴,4
NA,经 审理 查明 2012年7月20日夜晚 新蔡县 黄楼 乡 居民 徐某某 向 被告人 张运良 提出 购买 毒品 2012 年 7 月 21 日 上午 徐某某 向 新蔡县 公安局 举报 按照 公安人员 的 安排 徐某某 与 张运良 电话 联系 要求 购买 毒品 25克 毒品 并 商定 每克 550 元   <e1>   当日下午17时   </e1>   许 被告人 张运良 携带 毒品 到 新蔡县 砖店 卫生院 西侧 南北 马路 处 准备 与 徐某某 交易 时 被 新蔡县 公安局 民警 抓获 当场 收缴 毒品 样品 0.04   <e2>   张运良   </e2>   从 张运良 裤袋 内 收缴 毒品 25.94 克经 鉴定 该 毒品 含 海洛因 成份 毒品 已 上缴,4
sell_drugs_to,西安市 雁塔区 人民检察院 指控 被告人   <e1>   胡鹏   </e1>   与   <e2>   吴某某   </e2>   通过 QQ 联系 商定 以 每克 300 元 的 价格 向 吴某某 出售 毒品 2014 年 4 月 30 日 0 时许 胡鹏 如约 来到 西安市某某区某某寨村东二排八号楼下门面 房 与 吴某某 交易 毒品 时 被 侦查人员 抓获 当场 查获 透明 塑料 自封袋 包装 淡黄色 晶体 物二 包经 鉴定 两包 毒品 毛重 65.7 克 净重 64.7 克 检出 毒品 甲基苯丙胺,1
traffic_in,西安市 雁塔区 人民检察院 指控 被告人 胡鹏 与 吴某某 通过 QQ 联系 商定 以 每克 300 元 的 价格 向 吴某某 出售 毒品 2014 年 4 月 30 日 0 时许   <e1>   胡鹏   </e1>   如约 来到 西安市某某区某某寨村东二排八号楼下门面 房 与 吴某某 交易 毒品 时 被 侦查人员 抓获 当场 查获 透明 塑料 自封袋 包装 淡黄色 晶体 物二 包经 鉴定 两包 毒品 毛重 65.7 克 净重 64.7 克 检出 毒品   <e2>   甲基苯丙胺   </e2>  ,0
NA,西安市 雁塔区 人民检察院 指控 被告人 胡鹏 与 吴某某 通过 QQ 联系 商定 以 每克 300 元 的 价格 向 吴某某 出售 毒品 2014 年 4 月 30 日 0 时许   <e1>   胡鹏   </e1>   如约 来到   <e2>   西安市某某区某某寨村东二排八号楼下门面   </e2>   房 与 吴某某 交易 毒品 时 被 侦查人员 抓获 当场 查获 透明 塑料 自封袋 包装 淡黄色 晶体 物二 包经 鉴定 两包 毒品 毛重 65.7 克 净重 64.7 克 检出 毒品 甲基苯丙胺,4
NA,西安市 雁塔区 人民检察院 指控 被告人 胡鹏 与   <e1>   吴某某   </e1>   通过 QQ 联系 商定 以 每克 300 元 的 价格 向 吴某某 出售 毒品 2014 年 4 月 30 日 0 时许 胡鹏   <e2>   西安市某某区某某寨村东二排八号楼下门面   </e2>   楼下 门面房 与 吴某某 交易 毒品 时 被 侦查人员 抓获 当场 查获 透明 塑料 自封袋 包装 淡黄色 晶体 物二 包经 鉴定 两包 毒品 毛重 65.7 克 净重 64.7 克 检出 毒品 甲基苯丙胺,4
sell_drugs_to,公诉 机关 指控 2015 年 1 月 28 日 13 时许 被告人   <e1>   马某某   </e1>   在 沈阳市 铁西区 虹桥路 路边 其 驾驶 的 丰田 轿车 内以 700 元 人民币 的 价格 向   <e2>   李某   </e2>   贩卖 甲基苯丙胺 冰毒 一袋 随即 被 公安机关 抓获 并 在 其 身上 查获 甲基苯丙胺 冰毒 一袋 经 检验 上述 毒品 净重 共计 0.77克,1
traffic_in,公诉 机关 指控 2015 年 1 月 28 日 13 时许 被告人   <e1>   马某某   </e1>   在 沈阳市 铁西区 虹桥路 路边 其 驾驶 的 丰田 轿车 内以 700 元 人民币 的 价格 向 李某 贩卖   <e2>   甲基苯丙胺   </e2>   冰毒 一袋 随即 被 公安机关 抓获 并 在 其 身上 查获 甲基苯丙胺 冰毒 一袋 经 检验 上述 毒品 净重 共计 0.77克,0
NA,公诉 机关 指控 2015 年 1 月 28 日 13 时许 被告人 马某某 在 沈阳市 铁西区 虹桥路 路边 其 驾驶 的 丰田 轿车 内以 700 元 人民币 的 价格 向   <e1>   李某   </e1>   贩卖 甲基苯丙胺 冰毒 一袋 随即 被 公安机关 抓获 并 在 其 身上 查获   <e2>   甲基苯丙胺   </e2>   冰毒 一袋 经 检验 上述 毒品 净重 共计 0.77克,4
NA,公诉 机关 指控 2015 年 1 月 28 日 13 时许 被告人 马某某 在 沈阳市 铁西区 虹桥路 路边 其 驾驶 的 丰田 轿车 内以 700 元 人民币 的 价格 向 李某 贩卖 甲基苯丙胺 冰毒 一袋 随即 被 公安机关 抓获 并 在 其 身上 查获 甲基苯丙胺   <e1>   冰毒   </e1>   一袋 经 检验 上述 毒品 净重 共计   <e2>   0.77克   </e2>  ,4
provide_shelter_for,山东省 胶州市 人民检察院 指控 1 2013年11月份上旬 的 一天 被告人   <e1>   韩某   </e1>   在 胶州市 其 租赁 的 出租屋 内容 留 吸毒 人员   <e2>   刘某   </e2>   韩某 吸食 冰毒,3
provide_shelter_for,山东省 胶州市 人民检察院 指控 1 2013年11月份上旬 的 一天 被告人   <e1>   韩某   </e1>   在 胶州市 其 租赁 的 出租屋 内容 留 吸毒 人员 刘某   <e2>   韩某   </e2>   吸食 冰毒,3
NA,山东省 胶州市 人民检察院 指控 1   <e1>   2013年11月份上旬   </e1>   的 一天 被告人 韩某 在   <e2>   胶州市   </e2>   其 租赁 的 出租屋 内容 留 吸毒 人员 刘某 韩某 吸食 冰毒,4
NA,山东省 胶州市 人民检察院 指控 1   <e1>   2013年11月份上旬   </e1>   的 一天 被告人 韩某 在 胶州市 其 租赁 的 出租屋 内容 留 吸毒 人员 刘某 韩某 吸食   <e2>   冰毒   </e2>  ,4
sell_drugs_to,经 审理 查明 2013年4月21日13时 许 被告人   <e1>   彭某某   </e1>   在 郴州市五岭 广场 一 巷子 内 从 一个 外   <e2>   大脑壳   </e2>   大脑壳 的 人 手中 购买 疑似 毒品 物 准备 用于 自己 吸食 当 被告人 彭某某 离开 买毒 现场 不久 被 民警 抓获 并 从 其 身上 缴获 疑似 毒品 物 若干 经 鉴定 从 被告人 彭某某 身上 查获 29 包 疑似 毒品 物 净重 8.0888 克 检出 海洛因 成分,1
posess,经 审理 查明 2013年4月21日13时 许 被告人 彭某某 在 郴州市五岭 广场 一 巷子 内 从 一个 外号 叫 打 大脑壳 的 人 手中 购买 疑似 毒品 物 准备 用于 自己 吸食 当 被告人 彭某某 离开 买毒 现场 不久 被 民警 抓获 并 从 其 身上 缴获 疑似 毒品 物 若干 经 鉴定 从 被告人   <e1>   彭某某   </e1>   身上 查获 29 包 疑似 毒品 物 净重 8.0888 克 检出   <e2>   海洛因   </e2>   成分,2
NA,经 审理 查明 2013年4月21日13时 许 被告人 彭某某 在   <e1>   郴州市五岭   </e1>   广场 一 巷子 内 从 一个 外号 叫 打 大脑壳 的 人 手中 购买 疑似 毒品 物 准备 用于 自己 吸食 当 被告人   <e2>   彭某某   </e2>   离开 买毒 现场 不久 被 民警 抓获 并 从 其 身上 缴获 疑似 毒品 物 若干 经 鉴定 从 被告人 彭某某 身上 查获 29 包 疑似 毒品 物 净重 8.0888 克 检出 海洛因 成分,4
NA,经 审理 查明   <e1>   2013年4月21日13时   </e1>   许 被告人 彭某某 在 郴州市五岭 广场 一 巷子 内 从 一个 外号 叫 打 大脑壳 的 人 手中 购买 疑似 毒品 物 准备 用于 自己 吸食   <e2>   彭某某   </e2>   人 彭某某 离开 买毒 现场 不久 被 民警 抓获 并 从 其 身上 缴获 疑似 毒品 物 若干 经 鉴定 从 被告人 彭某某 身上 查获 29 包 疑似 毒品 物 净重 8.0888 克 检出 海洛因 成分,4
sell_drugs_to,经 审理 查明 1 2016年6月21日 被告人   <e1>   杨某某1   </e1>   在 任丘市 合意 招待所 以 400 元 的 价格 卖 给   <e2>   陈某   </e2>   甲基苯丙胺 冰毒 约 1克,1
traffic_in,经 审理 查明 1 2016年6月21日 被告人   <e1>   杨某某1   </e1>   在 任丘市 合意 招待所 以 400 元 的 价格 卖 给 陈某   <e2>   甲基苯丙胺   </e2>   冰毒 约 1克,0
NA,经 审理 查明 1   <e1>   2016年6月21日   </e1>   被告人 杨某某1 在 任丘市 合意 招待所 以 400 元 的 价格 卖 给 陈某 甲基苯丙胺   <e2>   1克   </e2>   约 1克,4
NA,经 审理 查明 1 2016年6月21日 被告人 杨某某1 在 任丘市 合意 招待所 以 400 元 的 价格 卖 给   <e1>   陈某   < /   <e2>   甲基苯丙胺   </e2>   基 苯丙胺 冰毒 约 1克,4
traffic_in,四川省 宜宾市 翠屏区 人民检察院 指控 2015年9月 以来 被告人   <e1>   唐某   </e1>   在 一个 姓朱 的 泸州 人 情况 不详 处 获得 毒品   <e2>   甲基苯丙胺   </e2>   除 自己 吸食 外 在 宜宾市 翠屏区 分别 贩卖 给 吸毒 人员 曹某某 李某 各 两次 2015 年 11月 10 日 唐某 被 公安 抓获 并 从 身上 搜出 5 小包 甲基苯丙胺 疑似 物 冰毒 和 三颗 甲基苯丙胺 疑似 物 麻古 经 称量 5 小包 甲基苯丙胺 疑似 物 净重 4.3克 三颗 甲基苯丙胺 疑似 物 净重 0.3克 经 鉴定 以上 物品 抽样 送检 均 检出 甲基苯丙胺 成分,0
sell_drugs_to,四川省 宜宾市 翠屏区 人民检察院 指控 2015年9月 以来 被告人   <e1>   唐某   </e1>   在 一个 姓朱 的 泸州 人 情况 不详 处 获得 毒品 甲基苯丙胺 除 自己 吸食 外 在 宜宾市 翠屏区 分别 贩卖 给 吸毒 人员   <e2>   曹某某   </e2>   李某 各 两次 2015 年 11月 10 日 唐某 被 公安 抓获 并 从 身上 搜出 5 小包 甲基苯丙胺 疑似 物 冰毒 和 三颗 甲基苯丙胺 疑似 物 麻古 经 称量 5 小包 甲基苯丙胺 疑似 物 净重 4.3克 三颗 甲基苯丙胺 疑似 物 净重 0.3克 经 鉴定 以上 物品 抽样 送检 均 检出 甲基苯丙胺 成分,1
sell_drugs_to,四川省 宜宾市 翠屏区 人民检察院 指控 2015年9月 以来 被告人   <e1>   唐某   </e1>   在 一个 姓朱 的 泸州 人 情况 不详 处 获得 毒品 甲基苯丙胺 除 自己 吸食 外 在 宜宾市 翠屏区 分别 贩卖 给 吸毒 人员 曹某某   <e2>   李某   </e2>   各 两次 2015 年 11月 10 日 唐某 被 公安 抓获 并 从 身上 搜出 5 小包 甲基苯丙胺 疑似 物 冰毒 和 三颗 甲基苯丙胺 疑似 物 麻古 经 称量 5 小包 甲基苯丙胺 疑似 物 净重 4.3克 三颗 甲基苯丙胺 疑似 物 净重 0.3克 经 鉴定 以上 物品 抽样 送检 均 检出 甲基苯丙胺 成分,1
NA,四川省 宜宾市 翠屏区 人民检察院 指控 2015年9月 以来 被告人   <e1>   唐某   </e1>   在 一个 姓朱 的 泸州 人 情况 不详 处 获得 毒品 甲基苯丙胺 除 自己 吸食 外 在 宜宾市 翠屏区 分别 贩卖 给 吸毒 人员   <e2>   曹某某   </e2>   李某 各 两次 2015 年 11月 10 日 唐某 被 公安 抓获 并 从 身上 搜出 5 小包 甲基苯丙胺 疑似 物 冰毒 和 三颗 甲基苯丙胺 疑似 物 麻古 经 称量 5 小包 甲基苯丙胺 疑似 物 净重 4.3克 三颗 甲基苯丙胺 疑似 物 净重 0.3克 经 鉴定 以上 物品 抽样 送检 均 检出 甲基苯丙胺 成分,4
NA,四川省 宜宾市 翠屏区 人民检察院 指控 2015年9月 以来 被告人 唐某 在 一个 姓朱 的 泸州 人 情况 不详 处 获得 毒品 甲基苯丙胺 除 自己 吸食 外 在 宜宾市 翠屏区 分别 贩卖 给 吸毒 人员 曹某某 李某 各 两次 2015 年 11月 10 日 唐某 被 公安 抓获 并 从 身上 搜出 5 小包 甲基苯丙胺 疑似 物   <e1>   冰毒   </e1>   和 三颗 甲基苯丙胺 疑似 物 麻古 经 称量 5 小包 甲基苯丙胺 疑似 物 净重   <e2>   4.3克   </e2>   三颗 甲基苯丙胺 疑似 物 净重 0.3克 经 鉴定 以上 物品 抽样 送检 均 检出 甲基苯丙胺 成分,4
sell_drugs_to,公诉 机关 指控 1 2015年8月26日下午 被告人   <e1>   武传伟   </e1>   在 沂水县沂城街道办事处西朱家庄村东十字路口南侧 以 100 元 的 价格 向 沂水县 沂城 街道 办事处 全美 官庄村   <e2>   王某某   </e2>   另案处理 销售 甲基苯丙胺 冰毒 0.2克,1
traffic_in,公诉 机关 指控 1 2015年8月26日下午 被告人   <e1>   武传伟   </e1>   在 沂水县沂城街道办事处西朱家庄村东十字路口南侧 以 100 元 的 价格 向 沂水县 沂城 街道 办事处 全美 官庄村 王某某 另案处理 销售   <e2>   甲基苯丙胺   </e2>   冰毒 0.2克,0
NA,公诉 机关 指控 1 2015年8月26日下午 被告人 武传伟 在 沂水县沂城街道办事处西朱家庄村东十字路口南侧 以 100 元 的 价格 向 沂水县 沂城 街道 办事处 全美 官庄村   <e1>   王某某   </e1>   另案处理 销售 甲基苯丙胺 冰毒   <e2>   0.2克   </e2>  ,4
NA,公诉 机关 指控 1   <e1>   2015年8月26日下午   </e1>   被告人 武传伟 在   <e2>   沂水县沂城街道办事处西朱家庄村东十字路口南侧   </e2>   以 100 元 的 价格 向 沂水县 沂城 街道 办事处 全美 官庄村 王某某 另案处理 销售 甲基苯丙胺 冰毒 0.2克,4
traffic_in,贵州省 织金县 人民检察院 指控 2014年3月25日 10 时许 被告人   <e1>   刘某某   </e1>   在 织金县 城关镇 新起点 超市 门口 贩卖毒品   <e2>   冰毒   </e2>   给 他人 时 被 公安民警 抓获 当场 缴获 冰毒 可疑 物 1 包 麻古 可疑 物 一颗 并 扣押 其 用于 联系 贩卖毒品 的 黑色 直板 手机 一部 经 称量 冰毒 可疑 物 净重 0.5 6克 麻古 可疑 物 净重 0.09 克经 毕节市 公安 司法鉴定 中心 鉴定 在 冰毒 可疑 物 和 麻古 可疑 物内 均 检出 甲基苯丙胺 成份,0
NA,贵州省 织金县 人民检察院 指控 2014年3月25日 10 时许 被告人 刘某某 在 织金县 城关镇 新起点 超市 门口 贩卖毒品 冰毒 给 他人 时 被 公安民警 抓获 当场 缴获 冰毒 可疑 物 1 包 麻古 可疑 物 一颗 并 扣押 其 用于 联系 贩卖毒品 的 黑色 直板 手机 一部 经 称量   <e1>   冰毒   </e1>   可疑 物 净重 0.5 6克 麻古 可疑 物 净重 0.09 克经 毕节市 公安 司法鉴定 中心 鉴定 在 冰毒   <e2>   麻古   </e2>   物 和 麻古 可疑 物内 均 检出 甲基苯丙胺 成份,4
NA,贵州省 织金县 人民检察院 指控 2014年3月25日 10 时许 被告人 刘某某 在 织金县 城关镇 新起点 超市 门口 贩卖毒品 冰毒 给 他人 时 被 公安民警 抓获 当场 缴获   <e1>   冰毒   </e1>   可疑 物 1 包 麻古 可疑 物 一颗 并 扣押 其 用于 联系 贩卖毒品 的 黑色 直板 手机 一部 经 称量 冰毒 可疑 物 净重 0.5 6克 麻古 可疑 物 净重 0.09 克经 毕节市 公安 司法鉴定 中心 鉴定 在 冰毒 可疑 物 和   <e2>   麻古   </e2>   可疑 物内 均 检出 甲基苯丙胺 成份,4
sell_drugs_to,公诉 机关 指控 2016 年 3 月 31 日 凌晨 1 时 许经 电话 联系 被告人   <e1>   陈某某   </e1>   在 海口市 琼山区 xx 路 xx 号 门前 以 人民币 400 元 的 价格 将 1 小包 毒品 贩卖 给   <e2>   杜某   </e2>   后 被 民警 抓获 民警 从 陈某某 身上 缴获 毒资 400 元 手机 1 部从 杜某 身上 缴获 1 小包 毒品 经 海口市 公安 司法鉴定 中心 鉴定 涉案 毒品 净重 0.917 1克 检出 海洛因 成分,1
traffic_in,公诉 机关 指控 2016 年 3 月 31 日 凌晨 1 时 许经 电话 联系 被告人   <e1>   陈某某   </e1>   在 海口市 琼山区 xx 路 xx 号 门前 以 人民币 400 元 的 价格 将 1 小包 毒品 贩卖 给 杜某 后 被 民警 抓获 民警 从 陈某某 身上 缴获 毒资 400 元 手机 1 部从 杜某 身上 缴获 1 小包 毒品 经 海口市 公安 司法鉴定 中心 鉴定 涉案 毒品 净重 0.917 1克 检出   <e2>   海洛因   </e2>   成分,0
NA,公诉 机关 指控 2016 年 3 月 31 日 凌晨 1 时 许经 电话 联系 被告人 陈某某 在 海口市 琼山区 xx 路 xx 号 门前 以 人民币 400 元 的 价格 将 1 小包 毒品 贩卖 给   <e1>   杜某   </e1>   后 被 民警 抓获 民警 从 陈某某 身上 缴获 毒资 400 元 手机 1 部从 杜某 身上 缴获 1 小包 毒品 经 海口市 公安 司法鉴定 中心 鉴定 涉案 毒品 净重 0.9171   <e2>   海洛因   </e2>   出 海洛因 成分,4
NA,公诉 机关 指控 2016 年 3 月 31 日 凌晨 1 时 许经 电话 联系 被告人   <e1>   陈某某   </e1>   在 海口市 琼山区 xx 路 xx 号 门前 以 人民币 400 元 的 价格 将 1 小包 毒品 贩卖 给   <e2>   杜某   </e2>   后 被 民警 抓获 民警 从 陈某某 身上 缴获 毒资 400 元 手机 1 部从 杜某 身上 缴获 1 小包 毒品 经 海口市 公安 司法鉴定 中心 鉴定 涉案 毒品 净重 0.917 1克 检出 海洛因 成分,4
posess,公诉 机关 指控 2014 年 9 月 21 日 凌晨 3 时许 被告人 王某某 行至 黄冈市 黄州区 安国 寺路 与 火王 庙 交叉处 时 恰遇 黄冈市 公安局 黄州 分局 胜利 街 派出所 民警 罗某某 戴某 等 人来 此 巡逻 待 民警 明示 身份 之后 王某某 随即 转身 往 安国 寺 方向 逃窜 逃至 黄州区宝塔路 中国银行 门口 转弯处 被 民警 抓获 民警 从 其 随身携带 的 挎包 和 鄂 JOV003 轿车 内共 查获 疑似 毒品 麻果 颗粒 24 颗 疑似 毒品 冰毒 结晶 物 塑料 小管装 11 管及 塑料袋 装 1 袋经 黄冈市 公安局 公安 司法鉴定 中心 鉴定   <e1>   王某某   </e1>   持有 的 疑似 毒品   <e2>   麻果   </e2>   颗粒 24 颗 净重 2.20 6克 疑似 毒品 冰毒 结晶 塑料 小管 11 管及 塑料袋 装 1 袋 净重 9.074克 均 检出 了 甲基苯丙胺 毒品 成分 总 净重 11.28克,2
NA,公诉 机关 指控 2014 年 9 月 21 日 凌晨 3 时许 被告人 王某某 行至 黄冈市 黄州区 安国 寺路 与 火王 庙 交叉处 时 恰遇 黄冈市 公安局 黄州 分局 胜利 街 派出所 民警   <e1>   罗某某   </e1>   戴某 等 人来 此 巡逻 待 民警 明示 身份 之后 王某某 随即 转身 往 安国 寺 方向 逃窜 逃至 黄州区宝塔路 中国银行 门口 转弯处 被 民警 抓获 民警 从 其 随身携带 的 挎包 和 鄂 JOV003 轿车 内共 查获 疑似 毒品 麻果 颗粒 24 颗 疑似 毒品 冰毒 结晶 物 塑料 小管装 11 管及 塑料袋 装 1 袋经 黄冈市 公安局 公安 司法鉴定 中心 鉴定 王某某 持有 的 疑似 毒品 麻果 颗粒 24 颗 净重 2.20 6克 疑似 毒品 冰毒 结晶 塑料 小管 11 管及 塑料袋 装 1   <e2>   9.074克   </e2>   074 克均 检出 了 甲基苯丙胺 毒品 成分 总 净重 11.28克,4
NA,公诉 机关 指控 2014 年 9 月 21 日 凌晨 3 时许 被告人 王某某 行至 黄冈市 黄州区 安国 寺路 与 火王 庙 交叉处 时 恰遇 黄冈市 公安局 黄州 分局 胜利 街 派出所 民警 罗某某 戴某 等 人来 此 巡逻 待 民警 明示 身份 之后 王某某 随即 转身 往 安国 寺 方向 逃窜 逃至   <e1>   黄州区宝塔路   </e1>   中国银行 门口 转弯处 被 民警 抓获 民警 从 其 随身携带 的 挎包 和 鄂 JOV003 轿车 内共 查获 疑似 毒品 麻果 颗粒 24 颗 疑似 毒品 冰毒 结晶 物 塑料 小管装 11 管及 塑料袋 装 1 袋经 黄冈市 公安局 公安 司法鉴定 中心 鉴定 王某某 持有 的 疑似 毒品 麻果 颗粒 24 颗 净重 2.20 6克 疑似 毒品 冰毒 结晶 塑料 小管 11 管及 塑料袋 装 1 袋 净重 9.074克 均 检出 了 甲基苯丙胺 毒品 成分 总 净重   <e2>   11.28克   </e2>  ,4
sell_drugs_to,安顺市 西秀区 人民检察院 指控 2015 年 6 月 23 日 12 时许 吸毒 人员   <e1>   代某某   </e1>   通过 电话 联   <e2>   周某某   </e2>   人 周某某 向 其 购买 500 元 的 毒品 海洛因 后 二人 在 安顺市西秀区烈士墓旁 进行 毒品 交易 时 被 公安民警 抓获 当场 查获 毒品 海洛因 1克 毒资 人民币 500 元,1
traffic_in,安顺市 西秀区 人民检察院 指控 2015 年 6 月 23 日 12 时许 吸毒 人员 代某某 通过 电话 联系 被告人   <e1>   周某某   </e1>   向 其 购买 500 元 的 毒品   <e2>   海洛因   </e2>   后 二人 在 安顺市西秀区烈士墓旁 进行 毒品 交易 时 被 公安民警 抓获 当场 查获 毒品 海洛因 1克 毒资 人民币 500 元,0
NA,安顺市 西秀区 人民检察院 指控 2015 年 6 月 23 日 12 时许 吸毒 人员 代某某 通过 电话 联系 被告人 周某某 向 其 购买 500 元 的 毒品 海洛因 后 二人 在   <e1>   安顺市西秀区烈士墓旁   </e1>   进行 毒品 交易 时 被 公安民警 抓获 当场 查获 毒   <e2>   1克   </e2>   洛因 1克 毒资 人民币 500 元,4
NA,安顺市 西秀区 人民检察院 指控 2015 年 6 月 23 日 12 时许 吸毒 人员 代某某 通过 电话 联系 被告人   <e1>   周某某   </e1>   向 其 购买 500 元 的 毒品 海洛因 后 二人 在   <e2>   安顺市西秀区烈士墓旁   </e2>   进行 毒品 交易 时 被 公安民警 抓获 当场 查获 毒品 海洛因 1克 毒资 人民币 500 元,4
provide_shelter_for,灌云县 人民检察院 指控 2014年9月份至12月份期间 被告人   <e1>   石某   </e1>   在 其 家中 容留   <e2>   徐某甲   </e2>   吸食毒品 冰毒,3
NA,灌云县 人民检察院 指控   <e1>   2014年9月份至12月份期间   </e1>   被告人   <e2>   石某   </e2>   在 其 家中 容留 徐某甲 吸食毒品 冰毒,4
NA,灌云县 人民检察院 指控   <e1>   2014年9月份至12月份期间   </e1>   被告人 石某 在 其 家中 容留 徐某甲 吸食毒品   <e2>   冰毒   </e2>  ,4
sell_drugs_to,经 审理 查明 2014年11月13日19时 许 被告人   <e1>   李某   </e1>   在 梧州市 富民 一路 星苑 宾馆 停车场 处 将 5 小包 毒品 K粉 氯胺酮 共 净重 2.18 克以 300 元 的 价格 贩卖 给   <e2>   黎某某   </e2>   另案处理 二人 交易 完毕 后 被 公安人员 人赃并获 另外 公安人员 在 李某 身上 缴获 21 包 毒品 K粉 氯胺酮 共 净重 1 2.01克 和 1 瓶 白色 液体 氯胺酮 净重 18.85克,1
traffic_in,经 审理 查明 2014年11月13日19时 许 被告人   <e1>   李某   </e1>   在 梧州市 富民 一路 星苑 宾馆 停车场 处 将 5 小包 毒品 K粉   <e2>   氯胺酮   </e2>   共 净重 2.18 克以 300 元 的 价格 贩卖 给 黎某某 另案处理 二人 交易 完毕 后 被 公安人员 人赃并获 另外 公安人员 在 李某 身上 缴获 21 包 毒品 K粉 氯胺酮 共 净重 1 2.01克 和 1 瓶 白色 液体 氯胺酮 净重 18.85克,0
NA,经 审理 查明   <e1>   2014年11月13日19时   </e1>   许 被告人 李某 在 梧州市 富民 一路 星苑 宾馆 停车场 处 将 5 小包 毒品 K粉 氯胺酮 共 净重 2.18 克以 300 元 的 价格 贩卖 给 黎某某 另案处理 二人 交易 完毕 后 被 公安人员 人赃并获 另外 公   <e2>   李某   </e2>   员 在 李某 身上 缴获 21 包 毒品 K粉 氯胺酮 共 净重 1 2.01克 和 1 瓶 白色 液体 氯胺酮 净重 18.85克,4
NA,经 审理 查明   <e1>   2014年11月13日19时   </e1>   许 被告人 李某 在 梧州市 富民 一路 星苑 宾馆 停车场 处 将 5 小包 毒品 K粉 氯胺酮 共 净重 2.18 克以 300 元 的 价格 贩卖 给 黎某某 另案处理 二人 交易 完毕 后 被 公安人员 人赃并获 另外 公安人员 在 李某 身上 缴获 21 包 毒品 K粉 氯胺酮 共 净重 1 2.01克 和 1 瓶 白色 液体 氯胺   <e2>   18.85克   </e2>   . 85 克,4
traffic_in,公诉 机关 指控 2016年4月22日20时 许 被告人   <e1>   支远   </e1>   携带 一小包 毒品 来到 温州市瓯海区郭溪街道曹埭村瓯景路 并 将 上述 毒品 以 人民币 300 元 的 价格 卖 给 他人 交易 完毕 后 被告人 支远 被 公安机关 当场 抓获 用于 交易 的 毒品 毒资 亦 被 缴获 经 鉴定 用于 交易 的 毒品 重 0.85克 所有 毒品 均 用于 检验 用 检出   <e2>   甲基苯丙胺   </e2>   成分,0
NA,公诉 机关 指控   <e1>   2016年4月22日20时   </e1>   许 被告人 支远 携带 一小包 毒品 来到   <e2>   温州市瓯海区郭溪街道曹埭村瓯景路   </e2>   并 将 上述 毒品 以 人民币 300 元 的 价格 卖 给 他人 交易 完毕 后 被告人 支远 被 公安机关 当场 抓获 用于 交易 的 毒品 毒资 亦 被 缴获 经 鉴定 用于 交易 的 毒品 重 0.85克 所有 毒品 均 用于 检验 用 检出 甲基苯丙胺 成分,4
NA,公诉 机关 指控   <e1>   2016年4月22日20时   </e1>   许 被告人 支远 携带 一小包 毒品 来到 温州市瓯海区郭溪街道曹埭村瓯景路 并 将 上述 毒品 以 人民币 300 元 的 价格 卖 给 他人 交易 完毕 后 被告人 支远 被 公安机关 当场 抓获 用于 交易 的 毒品 毒资 亦 被 缴获 经 鉴定 用于 交易 的 毒品 重   <e2>   0.85克   </e2>   所有 毒品 均 用于 检验 用 检出 甲基苯丙胺 成分,4
sell_drugs_to,公诉 机关 指控 2014 年 8 月 30 日 21 时许 被告人   <e1>   李某某   </e1>   来到 本市新市区大寨沟附近速8酒店405房间 将 一小包 可疑 晶体 以 400 元 的 价格 贩卖 给   <e2>   张某某   </e2>   后 被 公安机关 当场 抓获 经 鉴定 送检 的 白色 可疑 晶体 中 检出 毒品 甲基苯丙胺 成份 净重 0 . 6克 公诉 机关 认为 被告人 李某某 的 行为 触犯 了 中华人民共和国 刑法 第三 百 四十七 条 第一 四款 之 规定 系 累犯 提请 本院 依法 予以 惩处,1
traffic_in,公诉 机关 指控 2014 年 8 月 30 日 21 时许 被告人   <e1>   李某某   </e1>   来到 本市新市区大寨沟附近速8酒店405房间 将 一小包 可疑 晶体 以 400 元 的 价格 贩卖 给 张某某 后 被 公安机关 当场 抓获 经 鉴定 送检 的 白色 可疑 晶体 中 检出 毒品   <e2>   甲基苯丙胺   </e2>   成份 净重 0 . 6克 公诉 机关 认为 被告人 李某某 的 行为 触犯 了 中华人民共和国 刑法 第三 百 四十七 条 第一 四款 之 规定 系 累犯 提请 本院 依法 予以 惩处,0
NA,公诉 机关 指控 2014 年 8 月 30 日 21 时许 被告人   <e1>   李某某   </e1>   来到 本市新市区大寨沟附近速8酒店405房间 将 一小包 可疑 晶体 以 400 元 的 价格 贩卖 给 张某某 后 被 公安机关 当场 抓获 经 鉴定 送检 的 白色 可疑 晶体 中   <e2>   甲基苯丙胺   </e2>   基 苯丙胺 成份 净重 0 . 6克 公诉 机关 认为 被告人 李某某 的 行为 触犯 了 中华人民共和国 刑法 第三 百 四十七 条 第一 四款 之 规定 系 累犯 提请 本院 依法 予以 惩处,4
NA,公诉 机关 指控 2014 年 8 月 30 日 21 时许 被告人 李某某 来到   <e1>   本市新市区大寨沟附近速8酒店405房间   </e1>   将 一小包 可疑 晶体 以 400 元 的 价格 贩卖 给 张某某 后 被 公安机关 当场 抓获 经 鉴定 送检 的 白色 可疑 晶体 中 检出 毒品 甲基苯丙胺 成份 净重 0 . 6克 公诉 机关 认为 被告人   <e2>   李某某   </e2>   的 行为 触犯 了 中华人民共和国 刑法 第三 百 四十七 条 第一 四款 之 规定 系 累犯 提请 本院 依法 予以 惩处,4
provide_shelter_for,公诉 机关 指控 2014年12月1日 被告人 黄某某 向 张某某 租来 位于 连平县 忠信 镇 忠信 大道 新口村 67 号 的 房子 开设 了 一家 骏发 广告公司 从 2015 年 4 月份 开始 被告人   <e1>   黄某某   </e1>   开始 容留 吸毒 人员   <e2>   吴某某   </e2>   黄某 等 人 多次 在 其店 内三楼 吸食 冰毒,3
provide_shelter_for,公诉 机关 指控 2014年12月1日 被告人 黄某某 向 张某某 租来 位于 连平县 忠信 镇 忠信 大道 新口村 67 号 的 房子 开设 了 一家 骏发 广告公司 从 2015 年 4 月份 开始 被告人   <e1>   黄某某   </e1>   开始 容留 吸毒 人员 吴某某   <e2>   黄某   </e2>   等 人 多次 在 其店 内三楼 吸食 冰毒,3
NA,公诉 机关 指控   <e1>   2014年12月1日   </e1>   被告人 黄某某 向 张某某 租来 位于 连平县 忠信 镇 忠信 大道 新口村 67 号 的 房子 开设 了 一家 骏发 广告公司 从 2015 年 4 月份 开始   <e2>   黄某某   </e2>   人 黄某某 开始 容留 吸毒 人员 吴某某 黄某 等 人 多次 在 其店 内三楼 吸食 冰毒,4
NA,公诉 机关 指控 2014年12月1日 被告人 黄某某 向 张某某 租来 位于 连平县 忠信 镇 忠信 大道 新口村 67 号 的 房子 开设 了 一家 骏发 广告公司 从 2015 年 4 月份 开始 被告人   <e1>   黄某某   </e1>   开始 容留 吸毒 人员 吴某某 黄某 等 人 多次 在 其店 内三楼 吸食   <e2>   冰毒   </e2>  ,4
sell_drugs_to,贵阳市 南明区 人民检察院 指控 2014年12月7日16时 许 被告人   <e1>   陆某   </e1>   在 本市 南明区太慈桥凤凰翠堤小区 内以 人民币 200 元 的 价格 贩卖毒品 0.2克 给   <e2>   王某   </e2>   时 被 民警 当场 抓获 并 从 陆某 处 查获 OPPO 手机 一部 经 贵阳市 公安局 毒品 检验 中心 鉴定 涉案 毒品 中 检出 海洛因 成分,1
traffic_in,贵阳市 南明区 人民检察院 指控 2014年12月7日16时 许 被告人   <e1>   陆某   </e1>   在 本市 南明区太慈桥凤凰翠堤小区 内以 人民币 200 元 的 价格 贩卖毒品 0.2克 给 王某 时 被 民警 当场 抓获 并 从 陆某 处 查获 OPPO 手机 一部 经 贵阳市 公安局 毒品 检验 中心 鉴定 涉案 毒品 中 检出   <e2>   海洛因   </e2>   成分,0
NA,贵阳市 南明区 人民检察院 指控   <e1>   2014年12月7日16时   </e1>   许 被告人 陆某 在 本市   <e2>   南明区太慈桥凤凰翠堤小区   </e2>   内以 人民币 200 元 的 价格 贩卖毒品 0.2克 给 王某 时 被 民警 当场 抓获 并 从 陆某 处 查获 OPPO 手机 一部 经 贵阳市 公安局 毒品 检验 中心 鉴定 涉案 毒品 中 检出 海洛因 成分,4
NA,贵阳市 南明区 人民检察院 指控 2014年12月7日16时 许 被告人 陆某 在 本市 南明区太慈桥凤凰翠堤小区 内以 人民币 200 元 的 价格 贩卖毒品   <e1>   0.2克   < / e   <e2>   王某   </e2>     给 王某 时 被 民警 当场 抓获 并 从 陆某 处 查获 OPPO 手机 一部 经 贵阳市 公安局 毒品 检验 中心 鉴定 涉案 毒品 中 检出 海洛因 成分,4
sell_drugs_to,庆阳市西峰 区 人民检察院 指控 2013年3月 下旬 的 一天 及 2013 年 4 月 3 日 被告人   <e1>   张某甲   </e1>   经 电话 联系 后 向 吸毒 人员   <e2>   李某某   </e2>   两次 出售 毒品 海洛因 1.79克 获款 330 元 公安人员 从 被告人 张某甲 处 查获 毒资 200 元及 毒品 海洛因 3 包计 2.03 克 指控 被告人 张某甲 贩卖毒品 海洛因 3.8 2克 构成 贩卖毒品 罪 是 累犯 毒品 再犯 公诉 机关 提供 了 证据 建议 以 贩卖毒品 罪 判处 被告人 张某甲 有期徒刑 二年 至 三年 并 处罚金,1
traffic_in,庆阳市西峰 区 人民检察院 指控 2013年3月 下旬 的 一天 及 2013 年 4 月 3 日 被告人   <e1>   张某甲   </e1>   经 电话 联系 后 向 吸毒 人员 李某某 两次 出售 毒品   <e2>   海洛因   </e2>   1.79克 获款 330 元 公安人员 从 被告人 张某甲 处 查获 毒资 200 元及 毒品 海洛因 3 包计 2.03 克 指控 被告人 张某甲 贩卖毒品 海洛因 3.8 2克 构成 贩卖毒品 罪 是 累犯 毒品 再犯 公诉 机关 提供 了 证据 建议 以 贩卖毒品 罪 判处 被告人 张某甲 有期徒刑 二年 至 三年 并 处罚金,0
traffic_in,庆阳市西峰 区 人民检察院 指控 2013年3月 下旬 的 一天 及 2013 年 4 月 3 日 被告人 张某甲 经 电话 联系 后 向 吸毒 人员 李某某 两次 出售 毒品 海洛因 1.79克 获款 330 元 公安人员 从 被告人 张某甲 处 查获 毒资 200 元及 毒品 海洛因 3 包计 2.03 克 指控 被告人   <e1>   张某甲   </e1>   贩卖毒品   <e2>   海洛因   </e2>   3.8 2克 构成 贩卖毒品 罪 是 累犯 毒品 再犯 公诉 机关 提供 了 证据 建议 以 贩卖毒品 罪 判处 被告人 张某甲 有期徒刑 二年 至 三年 并 处罚金,0
NA,庆阳市西峰 区 人民检察院 指控 2013年3月 下旬 的 一天 及 2013 年 4 月 3 日 被告人 张某甲 经 电话 联系 后 向 吸毒 人员   <e1>   李某某   </e1>   两次 出售 毒   <e2>   1.79克   </e2>   . 79 克 获款 330 元 公安人员 从 被告人 张某甲 处 查获 毒资 200 元及 毒品 海洛因 3 包计 2.03 克 指控 被告人 张某甲 贩卖毒品 海洛因 3.8 2克 构成 贩卖毒品 罪 是 累犯 毒品 再犯 公诉 机关 提供 了 证据 建议 以 贩卖毒品 罪 判处 被告人 张某甲 有期徒刑 二年 至 三年 并 处罚金,4
NA,庆阳市西峰 区 人民检察院 指控 2013年3月 下旬 的 一天 及 2013 年 4 月 3 日 被告人 张某甲 经 电话 联系 后 向 吸毒 人员 李某某 两次 出售 毒品 海洛因 1.79克 获款 330 元 公安人员 从 被告人 张某甲 处 查获 毒资 200 元及 毒品   <e1>   海洛因   </e1>   3 包计 2.03 克指   <e2>   张某甲   </e2>   人 张某甲 贩卖毒品 海洛因 3.8 2克 构成 贩卖毒品 罪 是 累犯 毒品 再犯 公诉 机关 提供 了 证据 建议 以 贩卖毒品 罪 判处 被告人 张某甲 有期徒刑 二年 至 三年 并 处罚金,4
provide_shelter_for,重庆市 涪陵区 人民检察院 指控 2013年10月23日晚 被告人   <e1>   杨某   </e1>   在 位于 涪陵区 某 出租房 内容 留 吸毒 人员   <e2>   汪某   </e2>   管某 王某 胡某 系 未成年人 舒某某 系 未成年人 王某某 等 人 吸食毒品 冰毒 和 麻古,3
provide_shelter_for,重庆市 涪陵区 人民检察院 指控 2013年10月23日晚 被告人   <e1>   杨某   </e1>   在 位于 涪陵区 某 出租房 内容 留 吸毒 人员 汪某   <e2>   管某   </e2>   王某 胡某 系 未成年人 舒某某 系 未成年人 王某某 等 人 吸食毒品 冰毒 和 麻古,3
provide_shelter_for,重庆市 涪陵区 人民检察院 指控 2013年10月23日晚 被告人   <e1>   杨某   </e1>   在 位于 涪陵区 某 出租房 内容 留 吸毒 人员 汪某 管某   <e2>   王某   </e2>   胡某 系 未成年人 舒某某 系 未成年人 王某某 等 人 吸食毒品 冰毒 和 麻古,3
provide_shelter_for,重庆市 涪陵区 人民检察院 指控 2013年10月23日晚 被告人   <e1>   杨某   </e1>   在 位于 涪陵区 某 出租房 内容 留 吸毒 人员 汪某 管某 王某   <e2>   胡某   </e2>   系 未成年人 舒某某 系 未成年人 王某某 等 人 吸食毒品 冰毒 和 麻古,3
provide_shelter_for,重庆市 涪陵区 人民检察院 指控 2013年10月23日晚 被告人   <e1>   杨某   </e1>   在 位于 涪陵区 某 出租房 内容 留 吸毒 人员 汪某 管某 王某 胡某 系 未成年人   <e2>   舒某某   </e2>   系 未成年人 王某某 等 人 吸食毒品 冰毒 和 麻古,3
provide_shelter_for,重庆市 涪陵区 人民检察院 指控 2013年10月23日晚 被告人   <e1>   杨某   </e1>   在 位于 涪陵区 某 出租房 内容 留 吸毒 人员 汪某 管某 王某 胡某 系 未成年人 舒某某 系 未成年人   <e2>   王某某   </e2>   等 人 吸食毒品 冰毒 和 麻古,3
NA,重庆市 涪陵区 人民检察院 指控 2013年10月23日晚 被告人 杨某 在 位于 涪陵区 某 出租房 内容 留 吸毒 人员 汪某 管某 王某 胡某 系 未成年人   <e1>   舒某某   </e1>   系 未成年人   <e2>   王某某   </e2>   等 人 吸食毒品 冰毒 和 麻古,4
NA,重庆市 涪陵区 人民检察院 指控   <e1>   2013年10月23日晚   </e1>   被告人 杨某 在 位于 涪陵区 某 出租房 内容 留 吸毒 人员 汪某 管某 王某   <e2>   胡某   </e2>   系 未成年人 舒某某 系 未成年人 王某某 等 人 吸食毒品 冰毒 和 麻古,4
sell_drugs_to,青田县 人民检察院 指控 2013 年 12 月初 至 12 月 23 日 案发 被告人 李某 应 吸毒 人员 洪某甲 的 邀请 先后 入住 青田县 鹤城 街道 鹤城 西路 欧尚 酒店 的 402602 房间 被告人   <e1>   李某   </e1>   入住 酒店 后经 青田小姐 身份 不清 另案处理 帮忙 购买 到 冰毒 其 除了 在 酒店 房间内 使用 自制 简易 冰壶 吸食 冰毒 外 还 多次 将 冰毒 提供 给 吸毒 人员   <e2>   洪某甲   </e2>   洪某乙 吸食 具体 事实 如下,1
sell_drugs_to,青田县 人民检察院 指控 2013 年 12 月初 至 12 月 23 日 案发 被告人 李某 应 吸毒 人员 洪某甲 的 邀请 先后 入住 青田县 鹤城 街道 鹤城 西路 欧尚 酒店 的 402602 房间 被告人   <e1>   李某   </e1>   入住 酒店 后经 青田小姐 身份 不清 另案处理 帮忙 购买 到 冰毒 其 除了 在 酒店 房间内 使用 自制 简易 冰壶 吸食 冰毒 外 还 多次 将 冰毒 提供 给 吸毒 人员 洪某甲   <e2>   洪某乙   </e2>   吸食 具体 事实 如下,1
traffic_in,青田县 人民检察院 指控 2013 年 12 月初 至 12 月 23 日 案发 被告人 李某 应 吸毒 人员 洪某甲 的 邀请 先后 入住 青田县 鹤城 街道 鹤城 西路 欧尚 酒店 的 402602 房间 被告人 李某 入住 酒店 后经   <e1>   青田小姐   </e1>   身份 不清 另案处理 帮忙 购买 到   <e2>   冰毒   </e2>   其 除了 在 酒店 房间内 使用 自制 简易 冰壶 吸食 冰毒 外 还 多次 将 冰毒 提供 给 吸毒 人员 洪某甲 洪某乙 吸食 具体 事实 如下,0
sell_drugs_to,青田县 人民检察院 指控 2013 年 12 月初 至 12 月 23 日 案发 被告人 李某 应 吸毒 人员 洪某甲 的 邀请 先后 入住 青田县 鹤城 街道 鹤城 西路 欧尚 酒店 的 402602 房间 被告人   <e1>   李某   </e1>   入住 酒店   <e2>   青田小姐   </e2>   青田小姐 身份 不清 另案处理 帮忙 购买 到 冰毒 其 除了 在 酒店 房间内 使用 自制 简易 冰壶 吸食 冰毒 外 还 多次 将 冰毒 提供 给 吸毒 人员 洪某甲 洪某乙 吸食 具体 事实 如下,1
NA,青田县 人民检察院 指控 2013 年 12 月初 至 12 月 23 日 案发 被告人 李某 应 吸毒 人员 洪某甲 的 邀请 先后 入住 青田县 鹤城 街道 鹤城 西路 欧尚 酒店 的 402602 房间 被告人 李某 入住 酒店 后经 青田小姐 身份 不清 另案处理 帮忙 购买 到   <e1>   冰毒   </e1>   其 除了 在 酒店 房间内 使用 自制 简易 冰壶 吸食 冰毒 外 还 多次 将   <e2>   冰毒   </e2>   提供 给 吸毒 人员 洪某甲 洪某乙 吸食 具体 事实 如下,4
NA,青田县 人民检察院 指控 2013 年 12 月初 至 12 月 23 日 案发 被告人 李某 应 吸毒 人员   <e1>   洪某甲   </e1>   的 邀请 先后 入住 青田县 鹤城 街道 鹤城 西路 欧尚 酒店 的 402602 房间 被告人 李某 入住 酒店 后经 青田小姐 身份 不清 另案处理 帮   <e2>   冰毒   </e2>   买 到 冰毒 其 除了 在 酒店 房间内 使用 自制 简易 冰壶 吸食 冰毒 外 还 多次 将 冰毒 提供 给 吸毒 人员 洪某甲 洪某乙 吸食 具体 事实 如下,4
sell_drugs_to,公诉 机关 指控 2014 年 5 月 5 日 21 时许 被告人   <e1>   安某某   </e1>   通过 电话 联系 在 本市 三桥 南路 立交桥 附近 贩卖毒品 给   <e2>   陈某某   </e2>   时 被 公安人员 抓获 当场 收缴 毒品 0.5克 经 贵阳市 公安局 毒品 检验 中心 鉴定 该 毒品 为 海洛因,1
traffic_in,公诉 机关 指控 2014 年 5 月 5 日 21 时许 被告人   <e1>   安某某   </e1>   通过 电话 联系 在 本市 三桥 南路 立交桥 附近 贩卖毒品 给 陈某某 时 被 公安人员 抓获 当场 收缴 毒品 0.5克 经 贵阳市 公安局 毒品 检验 中心 鉴定 该 毒品 为   <e2>   海洛因   </e2>  ,0
NA,公诉 机关 指控 2014 年 5 月 5 日 21 时许 被告人   <e1>   安某某   </e1>   通过 电话 联系 在 本市 三桥 南路 立交桥 附近 贩卖毒品 给 陈某某 时 被 公安人员 抓获 当场 收缴 毒品   <e2>   0.5克   </e2>   经 贵阳市 公安局 毒品 检验 中心 鉴定 该 毒品 为 海洛因,4
NA,公诉 机关 指控 2014 年 5 月 5 日 21 时许 被告人   <e1>   安某某   </e1>   通过 电话 联系 在 本市 三桥 南路 立交桥 附近 贩卖毒品 给   <e2>   陈某某   </e2>   时 被 公安人员 抓获 当场 收缴 毒品 0.5克 经 贵阳市 公安局 毒品 检验 中心 鉴定 该 毒品 为 海洛因,4
posess,大竹县 人民检察院 指控 2016 年 1 月 31 日 21 时许 吸毒 人员 付某某 电话 联系 被告人 余某某 欲 到 其 位于 大竹县 某某 镇 某某 小区 的 出租房 内 玩耍 被告人 余某某 同意 后 吸毒 人员   <e1>   付某某   </e1>   携带 毒品   <e2>   冰毒   </e2>   到达 后 被告人 余某某 制作 了 吸毒 工具 与 之前 在 余某某 出租房 耍 的 吸毒 人员 田 某某 熊某某 四人 一起 吸食 了 毒品 冰毒,2
NA,大竹县 人民检察院 指控 2016 年 1 月 31 日 21 时许 吸毒 人员 付某某 电话 联系 被告人 余某某 欲 到 其 位于   <e1>   大竹县   </e1>   某某 镇 某某 小区 的 出租房 内 玩耍 被告人 余某某 同意 后 吸毒 人员 付某某 携带 毒品 冰毒 到达 后 被告人 余某某 制作 了 吸毒 工具   <e2>   余某某   </e2>   在 余某某 出租房 耍 的 吸毒 人员 田 某某 熊某某 四人 一起 吸食 了 毒品 冰毒,4
NA,大竹县 人民检察院 指控 2016 年 1 月 31 日 21 时许 吸毒 人员 付某某 电话 联系 被告人   <e1>   余某某   </e1>   欲 到 其 位于 大竹县 某某 镇 某某 小区 的 出租房 内 玩耍 被告人 余某某 同意 后 吸毒 人员   <e2>   付某某   </e2>   携带 毒品 冰毒 到达 后 被告人 余某某 制作 了 吸毒 工具 与 之前 在 余某某 出租房 耍 的 吸毒 人员 田 某某 熊某某 四人 一起 吸食 了 毒品 冰毒,4
provide_shelter_for,经 审理 查明 12016 年 8 月 29 日 13 时许 被告人   <e1>   莫某某   </e1>   在 其 位于 十堰市 张湾区 车城西 路寺 包巷 3 号 里 15 号楼 4 楼 的 家中 提供 甲基苯丙胺 冰毒 和 吸毒 工具 容留   <e2>   王某   </e2>   用 烤 吸 方式 吸食 甲基苯丙胺 冰毒 22016 年 8 月 31 日 21 时许 被告人 莫某某 在 其 位于 十堰市 张湾区 车城西 路寺 包巷 3 号 里 15 号楼 4 楼 的 家中 提供 甲基苯丙胺 冰毒 和 吸毒 工具 容留 宋某 古某 陈某 用 烤 吸 方式 吸食 甲基苯丙胺 冰毒,3
provide_shelter_for,经 审理 查明 12016 年 8 月 29 日 13 时许 被告人 莫某某 在 其 位于 十堰市 张湾区 车城西 路寺 包巷 3 号 里 15 号楼 4 楼 的 家中 提供 甲基苯丙胺 冰毒 和 吸毒 工具 容留 王某 用 烤 吸 方式 吸食 甲基苯丙胺 冰毒 22016 年 8 月 31 日 21 时许 被告人   <e1>   莫某某   </e1>   在 其 位于 十堰市 张湾区 车城西 路寺 包巷 3 号 里 15 号楼 4 楼 的 家中 提供 甲基苯丙胺 冰毒 和 吸毒 工具 容留   <e2>   宋某   </e2>   古某 陈某 用 烤 吸 方式 吸食 甲基苯丙胺 冰毒,3
provide_shelter_for,经 审理 查明 12016 年 8 月 29 日 13 时许 被告人 莫某某 在 其 位于 十堰市 张湾区 车城西 路寺 包巷 3 号 里 15 号楼 4 楼 的 家中 提供 甲基苯丙胺 冰毒 和 吸毒 工具 容留 王某 用 烤 吸 方式 吸食 甲基苯丙胺 冰毒 22016 年 8 月 31 日 21 时许 被告人   <e1>   莫某某   </e1>   在 其 位于 十堰市 张湾区 车城西 路寺 包巷 3 号 里 15 号楼 4 楼 的 家中 提供 甲基苯丙胺 冰毒 和 吸毒 工具 容留 宋某   <e2>   古某   </e2>   陈某 用 烤 吸 方式 吸食 甲基苯丙胺 冰毒,3
provide_shelter_for,经 审理 查明 12016 年 8 月 29 日 13 时许 被告人 莫某某 在 其 位于 十堰市 张湾区 车城西 路寺 包巷 3 号 里 15 号楼 4 楼 的 家中 提供 甲基苯丙胺 冰毒 和 吸毒 工具 容留 王某 用 烤 吸 方式 吸食 甲基苯丙胺 冰毒 22016 年 8 月 31 日 21 时许 被告人   <e1>   莫某某   </e1>   在 其 位于 十堰市 张湾区 车城西 路寺 包巷 3 号 里 15 号楼 4 楼 的 家中 提供 甲基苯丙胺 冰毒 和 吸毒 工具 容留 宋某 古某   <e2>   陈某   </e2>   用 烤 吸 方式 吸食 甲基苯丙胺 冰毒,3
posess,经 审理 查明 12016 年 8 月 29 日 13 时许 被告人 莫某某 在 其 位于 十堰市 张湾区 车城西 路寺 包巷 3 号 里 15 号楼 4 楼 的 家中 提供 甲基苯丙胺 冰毒 和 吸毒 工具 容留 王某 用 烤 吸 方式 吸食 甲基苯丙胺 冰毒 22016 年 8 月 31 日 21 时许 被告人   <e1>   莫某某   </e1>   在 其 位于 十堰市 张湾区 车城西 路寺 包巷 3 号 里 15 号楼 4 楼 的 家中 提供   <e2>   甲基苯丙胺   </e2>   冰毒 和 吸毒 工具 容留 宋某 古某 陈某 用 烤 吸 方式 吸食 甲基苯丙胺 冰毒,2
NA,经 审理 查明 12016 年 8 月 29 日 13 时许 被告人   <e1>   莫某某   </e1>   在 其 位于 十堰市 张湾区 车城西 路寺 包巷 3 号 里 15 号楼 4 楼 的 家中 提供 甲基苯丙胺 冰毒 和 吸毒 工具 容留 王某 用 烤 吸 方式 吸食 甲基苯丙胺 冰毒 22016 年 8 月 31 日 21 时许 被告人 莫某某 在 其 位于 十堰市 张湾区 车城西 路寺 包巷 3 号 里 15 号楼 4 楼 的 家中 提供   <e2>   甲基苯丙胺   </e2>   冰毒 和 吸毒 工具 容留 宋某 古某 陈某 用 烤 吸 方式 吸食 甲基苯丙胺 冰毒,4
NA,经 审理 查明 12016 年 8 月 29 日 13 时许 被告人 莫某某 在 其 位于 十堰市 张湾区 车城西 路寺 包巷 3 号 里 15 号楼 4 楼 的 家中 提供 甲基苯丙胺 冰毒 和 吸毒 工具 容留 王某 用 烤 吸 方式 吸食 甲基苯丙胺   <e1>   冰毒   </e1>   22016 年 8 月 31 日 21 时许 被告人 莫某某 在 其 位于 十堰市 张湾区 车城西 路寺 包巷 3 号 里 15 号楼 4 楼 的 家中 提供 甲基苯丙胺 冰毒 和 吸毒 工具 容留 宋某 古某   <e2>   陈某   </e2>   用 烤 吸 方式 吸食 甲基苯丙胺 冰毒,4
sell_drugs_to,兰州市 红古区 人民检察院 指控 2014年12月23日21时30分 许 被告人   <e1>   杨某某   </e1>   在 兰州市 红古区 海 石湾镇 电信 路 东胜 网吧 对面 的 巷道 里 向 吸毒 人员   <e2>   马某某某   </e2>   贩卖毒品 一包 获赃款 300 元后 被 公安人员 当场 抓获 从 吸毒 人员 马某某某 身上 扣查 毒品 可疑 物 一包 经 兰州市 公安 司法鉴定 被查获 的 毒品 均系 甲基苯丙胺 净重 0.29克,1
traffic_in,兰州市 红古区 人民检察院 指控 2014年12月23日21时30分 许 被告人   <e1>   杨某某   </e1>   在 兰州市 红古区 海 石湾镇 电信 路 东胜 网吧 对面 的 巷道 里 向 吸毒 人员 马某某某 贩卖毒品 一包 获赃款 300 元后 被 公安人员 当场 抓获 从 吸毒 人员 马某某某 身上 扣查 毒品 可疑 物 一包 经 兰州市 公安 司法鉴定 被查获 的 毒品 均系   <e2>   甲基苯丙胺   </e2>   净重 0.29克,0
NA,兰州市 红古区 人民检察院 指控   <e1>   2014年12月23日21时30分   </e1>   许 被告人 杨某某 在 兰州市 红古区 海 石湾镇 电信 路 东胜 网吧 对面 的 巷道 里 向   <e2>   马某某某   </e2>   马某某某 贩卖毒品 一包 获赃款 300 元后 被 公安人员 当场 抓获 从 吸毒 人员 马某某某 身上 扣查 毒品 可疑 物 一包 经 兰州市 公安 司法鉴定 被查获 的 毒品 均系 甲基苯丙胺 净重 0.29克,4
NA,兰州市 红古区 人民检察院 指控 2014年12月23日21时30分 许 被告人   <e1>   杨某某   </e1>   在 兰州市 红古区 海 石湾镇 电信 路 东胜 网吧 对面 的 巷道 里 向 吸毒 人员 马某某某 贩卖毒品 一包 获赃款 300 元后 被 公安人员 当场 抓获 从   <e2>   马某某某   </e2>   马某某某 身上 扣查 毒品 可疑 物 一包 经 兰州市 公安 司法鉴定 被查获 的 毒品 均系 甲基苯丙胺 净重 0.29克,4
traffic_in,云南省 腾冲 市 人民检察院 指控 2016 年 5 月 至 6 月 被告人   <e1>   郭美庄   </e1>   向 他人 购买 得 毒品 海洛因 和 甲基苯丙胺 后除 自己 吸食 外 还 在 云南省 腾冲 市猴桥 镇 以 50 元 的 价格 7 次 贩卖毒品   <e2>   海洛因   </e2>   给 吸毒 人员 郭某某 沙某某 何某某 经 侦查 实验 7 次 共计 贩卖毒品 海洛因 0.7 克 2016 年 6 月 2 7日 云南省 腾冲 市 公安局 民警 在 云南省 腾冲 市猴桥 镇 下 街 村锦龙 酒店 将 被告人 郭美庄 抓获 当场 从 其 身上 查获 毒品 海洛因 1.6克 甲基苯丙胺 6克 手机 1 部,0
sell_drugs_to,云南省 腾冲 市 人民检察院 指控 2016 年 5 月 至 6 月 被告人   <e1>   郭美庄   </e1>   向 他人 购买 得 毒品 海洛因 和 甲基苯丙胺 后除 自己 吸食 外 还 在 云南省 腾冲 市猴桥 镇 以 50 元 的 价格 7 次 贩卖毒品 海洛因 给 吸毒 人员   <e2>   郭某某   </e2>   沙某某 何某某 经 侦查 实验 7 次 共计 贩卖毒品 海洛因 0.7 克 2016 年 6 月 2 7日 云南省 腾冲 市 公安局 民警 在 云南省 腾冲 市猴桥 镇 下 街 村锦龙 酒店 将 被告人 郭美庄 抓获 当场 从 其 身上 查获 毒品 海洛因 1.6克 甲基苯丙胺 6克 手机 1 部,1
sell_drugs_to,云南省 腾冲 市 人民检察院 指控 2016 年 5 月 至 6 月 被告人   <e1>   郭美庄   </e1>   向 他人 购买 得 毒品 海洛因 和 甲基苯丙胺 后除 自己 吸食 外 还 在 云南省 腾冲 市猴桥 镇 以 50 元 的 价格 7 次 贩卖毒品 海洛因 给 吸毒 人员 郭某某   <e2>   沙某某   </e2>   何某某 经 侦查 实验 7 次 共计 贩卖毒品 海洛因 0.7 克 2016 年 6 月 2 7日 云南省 腾冲 市 公安局 民警 在 云南省 腾冲 市猴桥 镇 下 街 村锦龙 酒店 将 被告人 郭美庄 抓获 当场 从 其 身上 查获 毒品 海洛因 1.6克 甲基苯丙胺 6克 手机 1 部,1
sell_drugs_to,云南省 腾冲 市 人民检察院 指控 2016 年 5 月 至 6 月 被告人   <e1>   郭美庄   </e1>   向 他人 购买 得 毒品 海洛因 和 甲基苯丙胺 后除 自己 吸食 外 还 在 云南省 腾冲 市猴桥 镇 以 50 元 的 价格 7 次 贩卖毒品 海洛因 给 吸毒 人员 郭某某 沙某某   <e2>   何某某   </e2>   经 侦查 实验 7 次 共计 贩卖毒品 海洛因 0.7 克 2016 年 6 月 2 7日 云南省 腾冲 市 公安局 民警 在 云南省 腾冲 市猴桥 镇 下 街 村锦龙 酒店 将 被告人 郭美庄 抓获 当场 从 其 身上 查获 毒品 海洛因 1.6克 甲基苯丙胺 6克 手机 1 部,1
traffic_in,云南省 腾冲 市 人民检察院 指控 2016 年 5 月 至 6 月 被告人   <e1>   郭美庄   </e1>   向 他人 购买 得 毒品 海洛因 和 甲基苯丙胺 后除 自己 吸食 外 还 在 云南省 腾冲 市猴桥 镇 以 50 元 的 价格 7 次 贩卖毒品 海洛因 给 吸毒 人员 郭某某 沙某某 何某某 经 侦查 实验 7 次 共计 贩卖毒品   <e2>   海洛因   </e2>   0.7 克 2016 年 6 月 2 7日 云南省 腾冲 市 公安局 民警 在 云南省 腾冲 市猴桥 镇 下 街 村锦龙 酒店 将 被告人 郭美庄 抓获 当场 从 其 身上 查获 毒品 海洛因 1.6克 甲基苯丙胺 6克 手机 1 部,0
NA,云南省 腾冲 市 人民检察院 指控 2016 年 5 月 至 6 月 被告人 郭美庄 向 他人 购买 得 毒品 海洛因 和 甲基苯丙胺 后除 自己 吸食 外 还 在 云南省 腾冲 市猴桥 镇 以 50 元 的 价格 7 次 贩卖毒品 海洛因 给 吸毒 人员 郭某某 沙某某 何某某 经 侦查 实验 7 次 共计 贩卖毒品 海洛因 0.7 克 2016 年 6 月 2 7日 云南省 腾冲 市 公安局 民警 在 云南省 腾冲 市猴桥 镇 下 街 村锦龙 酒店 将 被告人   <e1>   郭美庄   </e1>   抓获 当场 从 其 身上 查获 毒品 海洛因   <e2>   1.6克   </e2>   甲基苯丙胺 6克 手机 1 部,4
NA,云南省 腾冲 市 人民检察院 指控 2016 年 5 月 至 6 月 被告人 郭美庄 向 他人 购买 得 毒品 海洛因 和 甲基苯丙胺 后除 自己 吸食 外 还 在 云南省 腾冲 市猴桥 镇 以 50 元 的 价格 7 次 贩卖毒品 海洛因 给 吸毒 人员 郭某某 沙某某 何某某 经 侦查 实验 7 次 共计 贩卖毒品 海洛因 0.7 克 2016 年 6 月 2 7日 云南省 腾冲 市 公安局 民警 在 云南省 腾冲 市猴桥 镇 下 街 村锦龙 酒店 将 被告人 郭美庄 抓获 当场 从 其 身上 查获 毒品 海洛因   <e1>   1.6克   </e1>   甲   <e2>   6克   </e2>   丙胺 6克 手机 1 部,4
traffic_in,公诉 机关 指控 2009 年 3 月 2 7日 22 时 30 分许 被告人   <e1>   楼某某   </e1>   在 本市 杨浦区 长阳路 999 号 格林豪 泰 酒店 门口 人行道 上将 0.32克 毒品   <e2>   甲基苯丙胺   </e2>   以 人民币 300 元 的 价格 贩卖 给 购毒 人员 陈某某 后 被 公安民警 抓获,0
sell_drugs_to,公诉 机关 指控 2009 年 3 月 2 7日 22 时 30 分许 被告人   <e1>   楼某某   </e1>   在 本市 杨浦区 长阳路 999 号 格林豪 泰 酒店 门口 人行道 上将 0.32克 毒品 甲基苯丙胺 以 人民币 300 元 的 价格 贩卖 给 购毒 人员   <e2>   陈某某   </e2>   后 被 公安民警 抓获,1
NA,公诉 机关 指控 2009 年 3 月 2 7日 22 时 30 分许 被告人   <e1>   楼某某   </e1>   在 本市 杨浦区 长阳路 999 号 格林豪 泰 酒店 门口 人行道 上将 0.32克 毒品 甲基苯丙胺 以 人民币 300 元 的 价格 贩卖 给   <e2>   陈某某   </e2>   员 陈某某 后 被 公安民警 抓获,4
NA,公诉 机关 指控 2009 年 3 月 2 7日 22 时 30 分许 被告人 楼某某 在 本市 杨浦区 长阳路 999 号 格林豪 泰 酒店 门口 人行道 上将   <e1>   0.32克   < / e1   <e2>   甲基苯丙胺   </e2>   基 苯丙胺 以 人民币 300 元 的 价格 贩卖 给 购毒 人员 陈某某 后 被 公安民警 抓获,4
posess,经 审理 查明 2015 年 3 月 11 日 11 时许 衡阳市 公安局 雁峰 分局 刑侦 大队 在 衡阳市 华新 开发区 金皇 大酒店 门口 将 涉嫌 非法 持有 毒品 的 被告人   <e1>   张某某   </e1>   抓获 当场 从 其 身上 缴获 用于 吸食 的 毒品   <e2>   甲基苯丙胺   </e2>   冰毒 28.64克 甲基苯丙胺片剂 麻古 9.46克 共计 38 . 1克,2
NA,经 审理 查明 2015 年 3 月 11 日 11 时许 衡阳市 公安局 雁峰 分局 刑侦 大队 在 衡阳市 华新 开发区 金皇 大酒店 门口 将 涉嫌 非法 持有 毒品 的 被告人 张某某 抓获 当场 从 其 身上 缴获 用于 吸食 的 毒品 甲基苯丙胺 冰毒   <e1>   28.64克   </e1>   甲基苯丙胺片剂   <e2>   麻古   </e2>   9.46克 共计 38 . 1克,4
NA,经 审理 查明 2015 年 3 月 11 日 11 时许 衡阳市 公安局 雁峰 分局 刑侦 大队 在 衡阳市 华新 开发区 金皇 大酒店 门口 将 涉嫌 非法 持有 毒品 的 被告人 张某某 抓获 当场 从 其 身上 缴获 用于 吸食 的 毒品 甲基苯丙胺 冰毒   <e1>   28.64克   </e1>   甲基苯丙胺片剂 麻古   <e2>   9.46克   </e2>   共计 38 . 1克,4
provide_shelter_for,经 审理 查明 2015 年 6 月 被告人 潘某某 租用 了 河源市源城区建设大道凯旋国际8栋1613房 同年 7 月 15 日 18 日 22 日 被告人   <e1>   潘某某   </e1>   在 上述 地点 容留 吸毒 人员   <e2>   李某某   </e2>   吸食毒品 甲基苯丙胺 同月 26 日 被告人 潘某某 在 上述 地点 容留 吸毒 人员 刘某 吸食毒品 甲基苯丙胺 同月 29 日 14 时 19时 许 被告人 潘某某 在 上述 地点 二次 容留 吸毒 人员 李某某 刘某 吸食毒品 甲基苯丙胺 同日 公安人员 在 上述 地点 抓获 被告人 潘某某 及 吸毒 人员 李某某 刘某 现场 扣押 了 吸毒 工具 等 物品,3
provide_shelter_for,经 审理 查明 2015 年 6 月 被告人 潘某某 租用 了 河源市源城区建设大道凯旋国际8栋1613房 同年 7 月 15 日 18 日 22 日 被告人 潘某某 在 上述 地点 容留 吸毒 人员 李某某 吸食毒品 甲基苯丙胺 同月 26 日 被告人   <e1>   潘某某   </e1>   在 上述 地点 容留 吸毒 人员   <e2>   刘某   </e2>   吸食毒品 甲基苯丙胺 同月 29 日 14 时 19时 许 被告人 潘某某 在 上述 地点 二次 容留 吸毒 人员 李某某 刘某 吸食毒品 甲基苯丙胺 同日 公安人员 在 上述 地点 抓获 被告人 潘某某 及 吸毒 人员 李某某 刘某 现场 扣押 了 吸毒 工具 等 物品,3
provide_shelter_for,经 审理 查明 2015 年 6 月 被告人 潘某某 租用 了 河源市源城区建设大道凯旋国际8栋1613房 同年 7 月 15 日 18 日 22 日 被告人 潘某某 在 上述 地点 容留 吸毒 人员 李某某 吸食毒品 甲基苯丙胺 同月 26 日 被告人 潘某某 在 上述 地点 容留 吸毒 人员 刘某 吸食毒品 甲基苯丙胺 同月 29 日 14 时 19时 许 被告人   <e1>   潘某某   </e1>   在 上述 地点 二次 容留 吸毒 人员   <e2>   李某某   </e2>   刘某 吸食毒品 甲基苯丙胺 同日 公安人员 在 上述 地点 抓获 被告人 潘某某 及 吸毒 人员 李某某 刘某 现场 扣押 了 吸毒 工具 等 物品,3
provide_shelter_for,经 审理 查明 2015 年 6 月 被告人 潘某某 租用 了 河源市源城区建设大道凯旋国际8栋1613房 同年 7 月 15 日 18 日 22 日 被告人 潘某某 在 上述 地点 容留 吸毒 人员 李某某 吸食毒品 甲基苯丙胺 同月 26 日 被告人 潘某某 在 上述 地点 容留 吸毒 人员 刘某 吸食毒品 甲基苯丙胺 同月 29 日 14 时 19时 许 被告人   <e1>   潘某某   </e1>   在 上述 地点 二次 容留 吸毒 人员 李某某   <e2>   刘某   </e2>   吸食毒品 甲基苯丙胺 同日 公安人员 在 上述 地点 抓获 被告人 潘某某 及 吸毒 人员 李某某 刘某 现场 扣押 了 吸毒 工具 等 物品,3
NA,经 审理 查明 2015 年 6 月 被告人 潘某某 租用 了 河源市源城区建设大道凯旋国际8栋1613房 同年 7 月 15 日 18 日 22 日 被告人 潘某某 在 上述 地点 容留 吸毒 人员 李某某 吸食毒品 甲基苯丙胺 同月 26 日 被告人 潘某某 在 上述 地点 容留 吸毒 人员 刘某 吸食毒品 甲基苯丙胺 同月 29 日 14 时   <e1>   19时   </e1>   许 被告人 潘某某 在 上述 地点 二次 容留 吸毒 人员 李某某 刘某   <e2>   甲基苯丙胺   </e2>   基 苯丙胺 同日 公安人员 在 上述 地点 抓获 被告人 潘某某 及 吸毒 人员 李某某 刘某 现场 扣押 了 吸毒 工具 等 物品,4
NA,经 审理 查明 2015 年 6 月 被告人 潘某某 租用 了   <e1>   河源市源城区建设大道凯旋国际8栋1613房   </e1>   同年 7 月 15 日 18 日 22 日 被告人 潘某某 在 上述 地点 容留 吸毒 人员 李某某 吸食毒品 甲基苯丙胺 同月 26 日 被告人 潘某某 在 上述 地点 容留 吸毒 人员 刘某 吸食毒品 甲基苯丙胺 同月 29 日 14 时 19时 许 被告人 潘某某 在 上述 地点 二次 容留   <e2>   李某某   </e2>   员 李某某 刘某 吸食毒品 甲基苯丙胺 同日 公安人员 在 上述 地点 抓获 被告人 潘某某 及 吸毒 人员 李某某 刘某 现场 扣押 了 吸毒 工具 等 物品,4
provide_shelter_for,公诉 机关 指控 2015年5月的一天 被告人   <e1>   梁某某   </e1>   在 位于 阳西县 织 篢 镇 工业区 附近 果园 的 房子 内 分别 6 次 容留 吸毒 人员   <e2>   梁某甲   </e2>   吸食毒品 海洛因 2015年5月的一天 被告人 梁某某 在 位于 阳西县 工业园 路边 的 由 被告人 梁某某 驾驶 的 一辆 车牌号 为 粤 QPP713 的 黑色 大众 小汽车 内容 留 吸毒 人员 梁某甲 吸食毒品 海洛因,3
provide_shelter_for,公诉 机关 指控 2015年5月的一天 被告人 梁某某 在 位于 阳西县 织 篢 镇 工业区 附近 果园 的 房子 内 分别 6 次 容留 吸毒 人员 梁某甲 吸食毒品 海洛因 2015年5月的一天 被告人   <e1>   梁某某   </e1>   在 位于 阳西县 工业园 路边 的 由 被告人 梁某某 驾驶 的 一辆 车牌号 为 粤 QPP713 的 黑色 大众 小汽车 内容 留 吸毒 人员   <e2>   梁某甲   </e2>   吸食毒品 海洛因,3
NA,公诉 机关 指控 2015年5月的一天 被告人   <e1>   梁某某   </e1>   在 位于 阳西县 织 篢 镇 工业区 附近 果园 的 房子 内 分别 6 次 容留 吸毒 人员 梁某甲 吸食毒品 海洛因   <e2>   2015年5月的一天   </e2>   被告人 梁某某 在 位于 阳西县 工业园 路边 的 由 被告人 梁某某 驾驶 的 一辆 车牌号 为 粤 QPP713 的 黑色 大众 小汽车 内容 留 吸毒 人员 梁某甲 吸食毒品 海洛因,4
NA,公诉 机关 指控 2015年5月的一天 被告人 梁某某 在 位于 阳西县 织 篢 镇 工业区 附近 果园 的 房子 内 分别 6 次 容留 吸毒 人员 梁某甲 吸食毒品 海洛因 2015年5月的一天 被告人   <e1>   梁某某   </e1>   在 位于 阳西县 工业园 路边 的 由 被告人 梁某某 驾驶 的 一辆 车牌号 为 粤 QPP713 的 黑色 大众 小汽车 内容 留 吸毒 人员 梁某甲   <e2>   海洛因   </e2>   品 海洛因,4
sell_drugs_to,经 审理 查明 2016 年 1 月 2 7日 12 时许 民警 安排 举报人 杨某龙 找 卓鸿鹏 购买 毒品 卓鸿鹏 称 可以 帮忙 联系 当日19时 许 杨某龙 和 卓鸿鹏 见面 后 由 卓鸿鹏 电话 联络 被告人 王某 双方 约定 进行 价值 人民币 900 元 的 甲基苯丙胺 俗称 冰毒 交易 当日20时 许   <e1>   王某   </e1>   在 深圳市 宝安区 西乡 街道 前进 二路 深圳市 智汇 创新 中心 门口 人行道 将 两 小包 毒品 交给   <e2>   卓鸿鹏   </e2>   并 收取 其 人民币 现金 900 元 已 发还 卓鸿鹏 将 毒品 交给 杨某龙 交易 完成 后 伏击 民警 将 被告人 王某 抓获归案 当场 在 其 身上 查获 人民币 现金 900 元 手机 一部 在 举报人 杨某龙 身上 提取 毒品 两 小包 经 鉴定 涉案 毒品 分别 净重 0.940 . 93 克均 检出 甲基苯丙胺,1
NA,经 审理 查明 2016 年 1 月 2 7日 12 时许 民警 安排 举报人   <e1>   杨某龙   </e1>   找 卓鸿鹏 购买 毒品 卓鸿鹏 称 可以 帮忙 联系 当日 1   <e2>   杨某龙   </e2>   杨某龙 和 卓鸿鹏 见面 后 由 卓鸿鹏 电话 联络 被告人 王某 双方 约定 进行 价值 人民币 900 元 的 甲基苯丙胺 俗称 冰毒 交易 当日20时 许 王某 在 深圳市 宝安区 西乡 街道 前进 二路 深圳市 智汇 创新 中心 门口 人行道 将 两 小包 毒品 交给 卓鸿鹏 并 收取 其 人民币 现金 900 元 已 发还 卓鸿鹏 将 毒品 交给 杨某龙 交易 完成 后 伏击 民警 将 被告人 王某 抓获归案 当场 在 其 身上 查获 人民币 现金 900 元 手机 一部 在 举报人 杨某龙 身上 提取 毒品 两 小包 经 鉴定 涉案 毒品 分别 净重 0.940 . 93 克均 检出 甲基苯丙胺,4
NA,经 审理 查明 2016 年 1 月 2 7日 12 时许 民警 安排 举报人 杨某龙 找 卓鸿鹏 购买 毒品 卓鸿鹏 称 可以 帮忙 联系   <e1>   当日19时   </e1>   许 杨某龙 和 卓鸿鹏 见面 后 由 卓鸿鹏 电话 联络 被告人 王某 双方 约定 进行 价值 人民币 900 元 的 甲基苯丙胺 俗称 冰毒 交易 当日20时 许 王某 在 深圳市 宝安区 西乡 街道 前进 二路 深圳市 智汇 创新 中心 门口 人行道 将 两 小包   <e2>   卓鸿鹏   </e2>   给 卓鸿鹏 并 收取 其 人民币 现金 900 元 已 发还 卓鸿鹏 将 毒品 交给 杨某龙 交易 完成 后 伏击 民警 将 被告人 王某 抓获归案 当场 在 其 身上 查获 人民币 现金 900 元 手机 一部 在 举报人 杨某龙 身上 提取 毒品 两 小包 经 鉴定 涉案 毒品 分别 净重 0.940 . 93 克均 检出 甲基苯丙胺,4
provide_shelter_for,经 审理 查明 2013年6月 底 的 一天 被告人   <e1>   魏某某   </e1>   在 位于 息县 谯楼 办事处 北街 自己 经营 的 179 宾馆 内容 留   <e2>   李某某   </e2>   陈某某 吸食毒品 冰毒 学名 甲基苯丙胺 并 参与 吸食 2013 年 7 月 4日 夜 被告人 魏某某 再次 容留 李某某 陈某某 在 该 宾馆 358 房间 吸食毒品 冰毒 并 参与 吸食 后 被 息县 公安局 多 警种 联合 清查 行动 时 查获,3
provide_shelter_for,经 审理 查明 2013年6月 底 的 一天 被告人   <e1>   魏某某   </e1>   在 位于 息县 谯楼 办事处 北街 自己 经营 的 179 宾馆 内容 留 李某某   <e2>   陈某某   </e2>   吸食毒品 冰毒 学名 甲基苯丙胺 并 参与 吸食 2013 年 7 月 4日 夜 被告人 魏某某 再次 容留 李某某 陈某某 在 该 宾馆 358 房间 吸食毒品 冰毒 并 参与 吸食 后 被 息县 公安局 多 警种 联合 清查 行动 时 查获,3
provide_shelter_for,经 审理 查明 2013年6月 底 的 一天 被告人 魏某某 在 位于 息县 谯楼 办事处 北街 自己 经营 的 179 宾馆 内容 留 李某某 陈某某 吸食毒品 冰毒 学名 甲基苯丙胺 并 参与 吸食 2013 年 7 月 4日 夜 被告人   <e1>   魏某某   </e1>   再次 容留   <e2>   李某某   </e2>   陈某某 在 该 宾馆 358 房间 吸食毒品 冰毒 并 参与 吸食 后 被 息县 公安局 多 警种 联合 清查 行动 时 查获,3
provide_shelter_for,经 审理 查明 2013年6月 底 的 一天 被告人 魏某某 在 位于 息县 谯楼 办事处 北街 自己 经营 的 179 宾馆 内容 留 李某某 陈某某 吸食毒品 冰毒 学名 甲基苯丙胺 并 参与 吸食 2013 年 7 月 4日 夜 被告人   <e1>   魏某某   </e1>   再次 容留 李某某   <e2>   陈某某   </e2>   在 该 宾馆 358 房间 吸食毒品 冰毒 并 参与 吸食 后 被 息县 公安局 多 警种 联合 清查 行动 时 查获,3
NA,经 审理 查明 2013年6月 底 的 一天 被告人 魏某某 在 位于 息县 谯楼 办事处 北街 自己 经营 的 179 宾馆 内容 留 李某某   <e1>   陈某某   </e1>     <e2>   冰毒   </e2>   毒品 冰毒 学名 甲基苯丙胺 并 参与 吸食 2013 年 7 月 4日 夜 被告人 魏某某 再次 容留 李某某 陈某某 在 该 宾馆 358 房间 吸食毒品 冰毒 并 参与 吸食 后 被 息县 公安局 多 警种 联合 清查 行动 时 查获,4
NA,经 审理 查明   <e1>   2013年6月   </e1>   底 的 一天 被告人   <e2>   魏某某   </e2>   在 位于 息县 谯楼 办事处 北街 自己 经营 的 179 宾馆 内容 留 李某某 陈某某 吸食毒品 冰毒 学名 甲基苯丙胺 并 参与 吸食 2013 年 7 月 4日 夜 被告人 魏某某 再次 容留 李某某 陈某某 在 该 宾馆 358 房间 吸食毒品 冰毒 并 参与 吸食 后 被 息县 公安局 多 警种 联合 清查 行动 时 查获,4
provide_shelter_for,公诉 机关 指控 2014年2月4日 被告人   <e1>   廖某某   </e1>   容留   <e2>   胡某某   </e2>   姜某某 等 人 在 其家 吸食 甲基苯丙胺片剂,3
provide_shelter_for,公诉 机关 指控 2014年2月4日 被告人   <e1>   廖某某   </e1>   容留 胡某某   <e2>   姜某某   </e2>   等 人 在 其家 吸食 甲基苯丙胺片剂,3
NA,公诉 机关 指控   <e1>   2014年2月4日   </e1>   被告人 廖   <e2>   胡某某   </e2>   留 胡某某 姜某某 等 人 在 其家 吸食 甲基苯丙胺片剂,4
NA,公诉 机关 指控 2014年2月4日 被告人   <e1>   廖某某   </e1>   容留 胡某某   <e2>   姜某某   </e2>   等 人 在 其家 吸食 甲基苯丙胺片剂,4
sell_drugs_to,东莞市 第三 市区 人民检察院 指控 2014 年 9 月初 被告人   <e1>   李红民   < / e   <e2>   阿锋   </e2>     从 阿锋 另案处理 处 购买 一包 毒品 冰毒 放在 其 租住 的 东莞市 凤岗镇 排沙 围 82 栋 203 房内 用于 吸食 同年 9月11日11时 许 民警 对 上述 出租房 进行 检查 后 将 李红民 抓获 并 当场 缴获 疑似 冰毒 的 白色晶体 7 1.6克 检验 出 甲基苯丙胺 成分 上述 毒品 为 李红民 所有,1
traffic_in,东莞市 第三 市区 人民检察院 指控 2014 年 9 月初 被告人 李红民 从   <e1>   阿锋   </e1>   另案处理 处 购买 一包 毒品   <e2>   冰毒   </e2>   放在 其 租住 的 东莞市 凤岗镇 排沙 围 82 栋 203 房内 用于 吸食 同年 9月11日11时 许 民警 对 上述 出租房 进行 检查 后 将 李红民 抓获 并 当场 缴获 疑似 冰毒 的 白色晶体 7 1.6克 检验 出 甲基苯丙胺 成分 上述 毒品 为 李红民 所有,0
posess,东莞市 第三 市区 人民检察院 指控 2014 年 9 月初 被告人 李红民 从 阿锋 另案处理 处 购买 一包 毒品 冰毒 放在 其 租住 的 东莞市 凤岗镇 排沙 围 82 栋 203 房内 用于 吸食 同年 9月11日11时 许 民警 对 上述 出租房 进行 检查 后 将   <e1>   李红民   </e1>   抓获 并 当场 缴获 疑似   <e2>   冰毒   </e2>   的 白色晶体 7 1.6克 检验 出 甲基苯丙胺 成分 上述 毒品 为 李红民 所有,2
NA,东莞市 第三 市区 人民检察院 指控 2014 年 9 月初 被告人 李红民 从 阿锋 另案处理 处 购买 一包 毒品 冰毒 放在 其 租住 的 东莞市 凤岗镇 排沙 围 82 栋 203 房内 用于 吸食 同年   <e1>   9月11日11时   </e1>   许 民警 对 上述 出租房 进行 检查 后 将 李红民 抓获 并 当场   <e2>   冰毒   </e2>   疑似 冰毒 的 白色晶体 7 1.6克 检验 出 甲基苯丙胺 成分 上述 毒品 为 李红民 所有,4
NA,东莞市 第三 市区 人民检察院 指控 2014 年 9 月初 被告人 李红民 从 阿锋 另案处理 处 购买 一包 毒品 冰毒 放在 其 租住 的 东莞市 凤岗镇 排沙 围 82 栋 203 房内 用于 吸食 同年   <e1>   9月11日11时   </e1>   许 民警 对 上述 出租房 进行 检查 后 将 李红民 抓获 并 当场 缴获 疑似 冰毒 的 白色晶体 7 1.6克   <e2>   甲基苯丙胺   </e2>   基 苯丙胺 成分 上述 毒品 为 李红民 所有,4
posess,盈江县 人民检察院 指控 2016 年 5 月 11 日 14 时许 被告人 杨某某 在 盈江县 弄璋 镇 其 家中 被 盈江县 公安局 禁毒 警察 大队 民警 抓获 民警 当场 从 被告人 杨某某 拴 在 腰间 的 蓝色 腰包 内 查获 65 元 人民币 从 被告人   <e1>   杨某某   </e1>   家 客厅 右手边 房间内 的 一个 凳子 上 查获 用纸 包裹 的   <e2>   海洛因   </e2>   一包 经 称量 净重 0.1克 绿色 打火机 一个 和 锡纸 一张 从 凳子 旁边 的 一只 袜子 内 查获 用 透明 玻璃瓶 装 的 海洛因 三瓶 经 称量 净重 1克 外用 透明 塑料袋 装内用 蓝色 塑料袋 装 的 甲基苯丙胺 一包 经 称量 净重 16.3 克 认定 上述事实 的 证据 有 物证 书证 鉴定 意见 被告人 的 供述 与 辩解 据此 公诉 机关 认为 被告人 杨某某 违反 国家 毒品 管理 法规 非法 持有 毒品 甲基苯丙胺 的 行为 已触犯 中华人民共和国 刑法 第三 百 四十八条 之 规定 应当 以 非法 持有 毒品 罪 追究其 刑事责任 建议 对 被告人 杨某某 判处 有期徒刑 九个 月 至 一年 六个月 并 处罚金,2
NA,盈江县 人民检察院 指控 2016 年 5 月 11 日 14 时许 被告人 杨某某 在 盈江县 弄璋 镇 其 家中 被 盈江县 公安局 禁毒 警察 大队 民警 抓获 民警 当场 从 被告人 杨某某 拴 在 腰间 的 蓝色 腰包 内 查获 65 元 人民币 从 被告人 杨某某 家 客厅 右手边 房间内 的 一个 凳子 上 查获 用纸 包裹 的 海洛因 一包 经 称量 净重 0.1克 绿色 打火机 一个 和 锡纸 一张 从 凳子 旁边 的 一只 袜子 内 查获 用 透明 玻璃瓶 装 的 海洛因 三瓶 经 称量 净重   <e1>   1克   </e1>   外用 透明 塑料袋 装内用 蓝色 塑料袋 装 的   <e2>   甲基苯丙胺   </e2>   一包 经 称量 净重 16.3 克 认定 上述事实 的 证据 有 物证 书证 鉴定 意见 被告人 的 供述 与 辩解 据此 公诉 机关 认为 被告人 杨某某 违反 国家 毒品 管理 法规 非法 持有 毒品 甲基苯丙胺 的 行为 已触犯 中华人民共和国 刑法 第三 百 四十八条 之 规定 应当 以 非法 持有 毒品 罪 追究其 刑事责任 建议 对 被告人 杨某某 判处 有期徒刑 九个 月 至 一年 六个月 并 处罚金,4
NA,盈江县 人民检察院 指控 2016 年 5 月 11 日 14 时许 被告人 杨某某 在 盈江县 弄璋 镇 其 家中 被 盈江县 公安局 禁毒 警察 大队 民警 抓获 民警 当场 从 被告人 杨某某 拴 在 腰间 的 蓝色 腰包 内 查获 65 元 人民币 从 被告人 杨某某 家 客厅 右手边 房间内 的 一个 凳子 上 查获 用纸 包裹 的   <e1>   海洛因   </e1>   一包 经 称量 净重 0.1克 绿色 打火机 一个 和 锡纸 一张 从 凳子 旁边 的 一只 袜子 内 查获 用 透明 玻璃瓶 装 的 海洛因 三瓶 经 称量 净重 1克 外用 透明 塑料袋 装内用 蓝色 塑料袋 装 的 甲基苯丙胺 一包 经 称量 净重 16.3 克 认定 上述事实 的 证据 有 物证 书证 鉴定 意见 被告人 的 供述 与 辩解 据此 公诉 机关 认为 被告人   <e2>   杨某某   </e2>   违反 国家 毒品 管理 法规 非法 持有 毒品 甲基苯丙胺 的 行为 已触犯 中华人民共和国 刑法 第三 百 四十八条 之 规定 应当 以 非法 持有 毒品 罪 追究其 刑事责任 建议 对 被告人 杨某某 判处 有期徒刑 九个 月 至 一年 六个月 并 处罚金,4
posess,上海市浦东新区 人民检察院 指控 2011 年 5 月初 被告人   <e1>   顾某   </e1>   将 用于 自己 吸食 的 11.29克 毒品   <e2>   甲基苯丙胺   </e2>   藏匿于 上海市浦东新区 川沙 新 镇南 市街 42 弄 1 号 303 室 其 住处 北 房间 窗户 的 窗框 上,2
NA,上海市浦东新区 人民检察院 指控 2011 年 5 月初 被告人   <e1>   顾某   </e1>   将 用于 自己 吸食 的 11.2   <e2>   甲基苯丙胺   </e2>   基 苯丙胺 藏匿于 上海市浦东新区 川沙 新 镇南 市街 42 弄 1 号 303 室 其 住处 北 房间 窗户 的 窗框 上,4
NA,上海市浦东新区 人民检察院 指控 2011 年 5 月初 被告人 顾某 将 用于 自己 吸食 的   <e1>   11.29克   </e1>   毒品   <e2>   甲基苯丙胺   </e2>   藏匿于 上海市浦东新区 川沙 新 镇南 市街 42 弄 1 号 303 室 其 住处 北 房间 窗户 的 窗框 上,4
sell_drugs_to,公诉 机关 指控 2014年4月25日19时50分 许 被告人   <e1>   徐某   </e1>   至 本市 闵行区 莘 北路 XX 宾馆 内以 人民币 500 元 的 价格 将 两包 白色晶体 贩卖 给   <e2>   孙某某   </e2>   后 被 民警 当场 查获 经 鉴定 上述 白色晶体 净重 l.87克 从中 检出 甲基苯丙胺 成分,1
traffic_in,公诉 机关 指控 2014年4月25日19时50分 许 被告人   <e1>   徐某   </e1>   至 本市 闵行区 莘 北路 XX 宾馆 内以 人民币 500 元 的 价格 将 两包 白色晶体 贩卖 给 孙某某 后 被 民警 当场 查获 经 鉴定 上述 白色晶体 净重 l.87克 从中 检出   <e2>   甲基苯丙胺   </e2>   成分,0
NA,公诉 机关 指控   <e1>   2014年4月25日19时50分   </e1>   许 被告人 徐某 至 本市 闵行区 莘 北路 XX 宾馆 内以 人民币 500 元 的 价格 将 两包 白色晶体 贩卖 给   <e2>   孙某某   </e2>   后 被 民警 当场 查获 经 鉴定 上述 白色晶体 净重 l.87克 从中 检出 甲基苯丙胺 成分,4
NA,公诉 机关 指控 2014年4月25日19时50分 许 被告人   <e1>   徐某   </e1>   至 本市 闵行区 莘 北路 XX 宾馆 内以 人民币 500 元 的 价格 将 两包 白色晶体 贩卖 给 孙某某 后 被 民警 当场 查获 经 鉴定 上述 白色   <e2>   l.87克   </e2>   . 87 克 从中 检出 甲基苯丙胺 成分,4
sell_drugs_to,经 审理 查明 被告人   <e1>   周某   </e1>   经 事先 电话 联系 于 2014年8月14日14时 许在 本市海珠区新港西路中大地铁站D出口 处向   <e2>   邓某   </e2>   贩卖毒品 甲基苯丙胺 冰毒 2 包经 鉴定 共 净重 1.6 1克 时 被 公安人员 抓获 当场 缴获 上述 毒品,1
traffic_in,经 审理 查明 被告人   <e1>   周某   </e1>   经 事先 电话 联系 于 2014年8月14日14时 许在 本市海珠区新港西路中大地铁站D出口 处向 邓某 贩卖毒品   <e2>   甲基苯丙胺   </e2>   冰毒 2 包经 鉴定 共 净重 1.6 1克 时 被 公安人员 抓获 当场 缴获 上述 毒品,0
NA,经 审理 查明 被告人   <e1>   周某   </e1>   经 事先 电话 联系 于 2014年8月14日14时 许在 本市 海珠区 新港 西路 中大 地铁站 D 出   <e2>   邓某   </e2>   向 邓某 贩卖毒品 甲基苯丙胺 冰毒 2 包经 鉴定 共 净重 1.6 1克 时 被 公安人员 抓获 当场 缴获 上述 毒品,4
NA,经 审理 查明 被告人 周某 经 事先 电话 联系 于   <e1>   2014年8月14日14时   </e1>   <e2>   本市海珠区新港西路中大地铁站D出口   </e2>   站 D 出口处 向 邓某 贩卖毒品 甲基苯丙胺 冰毒 2 包经 鉴定 共 净重 1.6 1克 时 被 公安人员 抓获 当场 缴获 上述 毒品,4
provide_shelter_for,经 审理 查明 被告人   <e1>   赵某   </e1>   于 2014年10月初 10 月 11 日 左右 10 月 22 日 左右 在 其 家中 先后 3 次 容留   <e2>   刘某   </e2>   吸食毒品 甲基苯丙胺,3
NA,经 审理 查明 被告人   <e1>   赵某   < / e   <e2>   2014年10月初   </e2>   10 月初 10 月 11 日 左右 10 月 22 日 左右 在 其 家中 先后 3 次 容留 刘某 吸食毒品 甲基苯丙胺,4
NA,经 审理 查明 被告人 赵某 于   <e1>   2014年10月初   </e1>   10 月 11 日 左右 10 月 22 日 左右 在 其 家中 先后   <e2>   刘某   </e2>   容留 刘某 吸食毒品 甲基苯丙胺,4
traffic_in,景德镇市 珠山区 人民检察院 指控 2014年10月 12 日 清晨 被告人   <e1>   张开刚   </e1>   来到 景德镇市 陶机厂 宿舍 王某花 家以 每克 400 元 的 价格 将 3 克   <e2>   海洛因   </e2>   卖 给 王某花 同月 1 4日 凌晨 0 时许 被告人 张开刚 再次 来到 王某花 家欲卖 给 王某花 海洛因 时 被 抓获 公安机关 当场 从 张开刚 身上 缴获 2 小包 毒品,0
sell_drugs_to,景德镇市 珠山区 人民检察院 指控 2014年10月 12 日 清晨 被告人   <e1>   张开刚   </e1>   来到 景德镇市 陶机厂 宿舍 王某花 家以 每克 400 元 的 价格 将 3 克 海洛因 卖 给   <e2>   王某花   </e2>   同月 1 4日 凌晨 0 时许 被告人 张开刚 再次 来到 王某花 家欲卖 给 王某花 海洛因 时 被 抓获 公安机关 当场 从 张开刚 身上 缴获 2 小包 毒品,1
sell_drugs_to,景德镇市 珠山区 人民检察院 指控 2014年10月 12 日 清晨 被告人 张开刚 来到 景德镇市 陶机厂 宿舍 王某花 家以 每克 400 元 的 价格 将 3 克 海洛因 卖 给 王某花 同月 1 4日 凌晨 0 时许 被告人   <e1>   张开刚   </e1>   再次 来到 王某花 家欲卖 给   <e2>   王某花   </e2>   海洛因 时 被 抓获 公安机关 当场 从 张开刚 身上 缴获 2 小包 毒品,1
traffic_in,景德镇市 珠山区 人民检察院 指控 2014年10月 12 日 清晨 被告人 张开刚 来到 景德镇市 陶机厂 宿舍 王某花 家以 每克 400 元 的 价格 将 3 克 海洛因 卖 给 王某花 同月 1 4日 凌晨 0 时许 被告人   <e1>   张开刚   </e1>   再次 来到 王某花 家欲卖 给 王某花   <e2>   海洛因   </e2>   时 被 抓获 公安机关 当场 从 张开刚 身上 缴获 2 小包 毒品,0
NA,景德镇市 珠山区 人民检察院 指控 2014年10月 12 日 清晨 被告人   <e1>   张开刚   </e1>   来到 景德镇市 陶机厂 宿舍 王某花 家以 每克 400 元 的 价格 将 3 克 海洛因 卖 给 王某花 同月 1 4日 凌晨 0 时许   <e2>   张开刚   </e2>   人 张开刚 再次 来到 王某花 家欲卖 给 王某花 海洛因 时 被 抓获 公安机关 当场 从 张开刚 身上 缴获 2 小包 毒品,4
NA,景德镇市 珠山区 人民检察院 指控 2014年10月 12 日 清晨 被告人 张开刚 来到 景德镇市 陶机厂 宿舍 王某花 家以 每克 400 元 的 价格 将 3 克 海洛因 卖 给 王某花 同月 1 4日 凌晨 0 时许 被告人 张开刚 再次 来到   <e1>   王某   </e1>   花家 欲 卖 给 王某花 海洛因 时 被 抓获 公安机关 当场 从   <e2>   张开刚   </e2>   身上 缴获 2 小包 毒品,4
provide_shelter_for,公诉 机关 指控 2015年9月16日下午3时许 被告人   <e1>   刘某某   </e1>   在 都昌县 城 饲料 公司 宿舍 的 家中 以 提供 场所 和 吸毒 工具 的 方式 容留   <e2>   吴某   </e2>   张某 牛得 矮子 等 人 吸食毒品 冰毒,3
provide_shelter_for,公诉 机关 指控 2015年9月16日下午3时许 被告人   <e1>   刘某某   </e1>   在 都昌县 城 饲料 公司 宿舍 的 家中 以 提供 场所 和 吸毒 工具 的 方式 容留 吴某   <e2>   张某   </e2>   牛得 矮子 等 人 吸食毒品 冰毒,3
provide_shelter_for,公诉 机关 指控 2015年9月16日下午3时许 被告人   <e1>   刘某某   </e1>   在 都昌县 城 饲料 公司 宿舍 的 家中 以 提供 场所 和 吸毒 工具 的 方式 容留 吴某 张某   <e2>   牛得   </e2>   矮子 等 人 吸食毒品 冰毒,3
NA,公诉 机关 指控 2015年9月16日下午3时许 被告人 刘某某 在 都昌县 城 饲料 公司 宿舍 的 家中 以 提供 场所 和 吸毒 工具 的 方式 容留 吴某   <e1>   张某   </e1>   牛得 矮子 等 人   <e2>   冰毒   </e2>   毒品 冰毒,4
NA,公诉 机关 指控   <e1>   2015年9月16日下午3时许   </e1>   被告人 刘某某 在 都昌县 城 饲料 公司 宿舍 的 家中 以 提供 场所 和 吸毒 工具 的 方式 容留 吴某 张某   <e2>   牛得   </e2>   矮子 等 人 吸食毒品 冰毒,4
traffic_in,贵州省 盘县 人民检察院 指控 2015年3月26日17时 许 被告人   <e1>   路某某   </e1>   在 盘县 红果 镇 半岛 精品 酒店 607 房间 贩卖毒品 零 包给 他人 时 被 盘 县公安局 民警 抓获 当场 缴获 重0.06克 的 毒品 嫌疑 物零包 1 个 及 ZTE 牌 红底 黑面 直板 手机 一部 经 鉴定 从 所 送检 材中 检测 出   <e2>   海洛因   </e2>   成分 公诉 机关 认为 被告人 路某某 的 行为 已触犯 中华人民共和国 刑法 第三 百 四十七 条 之 规定 应当 以 贩卖毒品 罪 追究其 刑事责任 建议 对 其 在 有期徒刑 一年 六个月 以下 量刑 并 处罚金,0
NA,贵州省 盘县 人民检察院 指控   <e1>   2015年3月26日17时   </e1>   许 被告人   <e2>   路某某   </e2>   在 盘县 红果 镇 半岛 精品 酒店 607 房间 贩卖毒品 零 包给 他人 时 被 盘 县公安局 民警 抓获 当场 缴获 重0.06克 的 毒品 嫌疑 物零包 1 个 及 ZTE 牌 红底 黑面 直板 手机 一部 经 鉴定 从 所 送检 材中 检测 出 海洛因 成分 公诉 机关 认为 被告人 路某某 的 行为 已触犯 中华人民共和国 刑法 第三 百 四十七 条 之 规定 应当 以 贩卖毒品 罪 追究其 刑事责任 建议 对 其 在 有期徒刑 一年 六个月 以下 量刑 并 处罚金,4
NA,贵州省 盘县 人民检察院 指控 2015年3月26日17时 许 被告人   <e1>   路某某   </e1>   在 盘县 红果 镇 半岛 精品 酒店 607 房间 贩卖毒品 零 包给 他人 时 被 盘 县公安局 民警 抓获   <e2>   重0.06克   </e2>   . 0 6克 的 毒品 嫌疑 物零包 1 个 及 ZTE 牌 红底 黑面 直板 手机 一部 经 鉴定 从 所 送检 材中 检测 出 海洛因 成分 公诉 机关 认为 被告人 路某某 的 行为 已触犯 中华人民共和国 刑法 第三 百 四十七 条 之 规定 应当 以 贩卖毒品 罪 追究其 刑事责任 建议 对 其 在 有期徒刑 一年 六个月 以下 量刑 并 处罚金,4
posess,太原市 小店区 人民检察院 指控 2016年1月30日11时 许在 太原市 小店区 康宁 街云鼎 商务楼 1 号楼 1 号 商铺 内 被告人   <e1>   武某   </e1>   随身携带 16 小包 净重 15.5克 毒品 疑似 物 被 公安机关 依法 查获 经 依法 鉴定 毒品 疑似 物中均 检出   <e2>   甲基苯丙胺   </e2>   成分,2
NA,太原市 小店区 人民检察院 指控 2016年1月30日11时 许在 太原市 小店区 康宁 街云鼎 商务楼 1 号楼 1 号 商铺 内 被告人   <e1>   武某   </e1>   随身携带 16 小包 净重 15.5克 毒品 疑似 物 被 公安机关 依法 查获 经 依法 鉴定 毒品 疑似 物中均 检出   <e2>   甲基苯丙胺   </e2>   成分,4
NA,太原市 小店区 人民检察院 指控   <e1>   2016年1月30日11时   </e1>   许在 太原市 小店区 康宁 街云鼎 商务楼 1 号楼 1 号 商铺 内 被告人 武某 随身携带 16 小包 净重   <e2>   15.5克   </e2>   毒品 疑似 物 被 公安机关 依法 查获 经 依法 鉴定 毒品 疑似 物中均 检出 甲基苯丙胺 成分,4
sell_drugs_to,福建省 莆田市 荔城区 人民检察院 指控 2014年10月 10 日 17 时许 被告人   <e1>   蔡某   </e1>   到 莆田市 城厢区 南门 居委会 顶前 小区 平安 街 附近 的 出租房   <e2>   张某   </e2>   案人 张某 另案处理 以 每克 160 元 人民币 的 价格 购买 了 2克 甲基苯丙胺 冰毒 在 自己 吸食 了 一部分 后 将 剩下 的 两包 共计 净重 1.9 克 的 甲基苯丙胺 随身携带 到 城厢区凤凰山街道半岛国际酒店对面的便利店 门口 以 每克 180 元 人民币 的 价格 贩卖 给 吸毒 人员 宋某某 另案处理 时 被 莆田市 公安局 荔城 分局 民警 当场 抓获 涉案 甲基苯丙胺 被 依法 扣押 经 鉴定 均 检出 甲基苯丙胺 成分 经 甲基 安非他明 检测 被告人 蔡某 尿液 中 甲基苯丙胺 成分 呈 阳性,1
traffic_in,福建省 莆田市 荔城区 人民检察院 指控 2014年10月 10 日 17 时许 被告人 蔡某 到 莆田市 城厢区 南门 居委会 顶前 小区 平安 街 附近 的 出租房 向 同案 人   <e1>   张某   </e1>   另案处理 以 每克 160 元 人民币 的 价格 购买 了 2克   <e2>   甲基苯丙胺   </e2>   冰毒 在 自己 吸食 了 一部分 后 将 剩下 的 两包 共计 净重 1.9 克 的 甲基苯丙胺 随身携带 到 城厢区凤凰山街道半岛国际酒店对面的便利店 门口 以 每克 180 元 人民币 的 价格 贩卖 给 吸毒 人员 宋某某 另案处理 时 被 莆田市 公安局 荔城 分局 民警 当场 抓获 涉案 甲基苯丙胺 被 依法 扣押 经 鉴定 均 检出 甲基苯丙胺 成分 经 甲基 安非他明 检测 被告人 蔡某 尿液 中 甲基苯丙胺 成分 呈 阳性,0
traffic_in,福建省 莆田市 荔城区 人民检察院 指控 2014年10月 10 日 17 时许 被告人 蔡某 到 莆田市 城厢区 南门 居委会 顶前 小区 平安 街 附近 的 出租房 向 同案 人   <e1>   张某   </e1>   另案处理 以 每克 160 元 人民币 的 价格 购买 了 2克 甲基苯丙胺   <e2>   冰毒   </e2>   在 自己 吸食 了 一部分 后 将 剩下 的 两包 共计 净重 1.9 克 的 甲基苯丙胺 随身携带 到 城厢区凤凰山街道半岛国际酒店对面的便利店 门口 以 每克 180 元 人民币 的 价格 贩卖 给 吸毒 人员 宋某某 另案处理 时 被 莆田市 公安局 荔城 分局 民警 当场 抓获 涉案 甲基苯丙胺 被 依法 扣押 经 鉴定 均 检出 甲基苯丙胺 成分 经 甲基 安非他明 检测 被告人 蔡某 尿液 中 甲基苯丙胺 成分 呈 阳性,0
sell_drugs_to,福建省 莆田市 荔城区 人民检察院 指控 2014年10月 10 日 17 时许 被告人   <e1>   蔡某   </e1>   到 莆田市 城厢区 南门 居委会 顶前 小区 平安 街 附近 的 出租房 向 同案 人 张某 另案处理 以 每克 160 元 人民币 的 价格 购买 了 2克 甲基苯丙胺 冰毒 在 自己 吸食 了 一部分 后 将 剩下 的 两包 共计 净重 1.9 克 的 甲基苯丙胺 随身携带 到 城厢区凤凰山街道半岛国际酒店对面的便利店 门口 以 每克 180 元 人民币 的 价格 贩卖 给 吸毒 人员   <e2>   宋某某   </e2>   另案处理 时 被 莆田市 公安局 荔城 分局 民警 当场 抓获 涉案 甲基苯丙胺 被 依法 扣押 经 鉴定 均 检出 甲基苯丙胺 成分 经 甲基 安非他明 检测 被告人 蔡某 尿液 中 甲基苯丙胺 成分 呈 阳性,1
traffic_in,福建省 莆田市 荔城区 人民检察院 指控 2014年10月 10 日 17 时许 被告人   <e1>   蔡某   </e1>   到 莆田市 城厢区 南门 居委会 顶前 小区 平安 街 附近 的 出租房 向 同案 人 张某 另案处理 以 每克 160 元 人民币 的 价格 购买 了 2克 甲基苯丙胺 冰毒 在 自己 吸食 了 一部分 后 将 剩下 的 两包 共计 净重 1.9 克 的   <e2>   甲基苯丙胺   </e2>   随身携带 到 城厢区凤凰山街道半岛国际酒店对面的便利店 门口 以 每克 180 元 人民币 的 价格 贩卖 给 吸毒 人员 宋某某 另案处理 时 被 莆田市 公安局 荔城 分局 民警 当场 抓获 涉案 甲基苯丙胺 被 依法 扣押 经 鉴定 均 检出 甲基苯丙胺 成分 经 甲基 安非他明 检测 被告人 蔡某 尿液 中 甲基苯丙胺 成分 呈 阳性,0
NA,福建省 莆田市 荔城区 人民检察院 指控 2014年10月 10 日 17 时许 被告人 蔡某 到 莆田市 城厢区 南门 居委会 顶前 小区 平安 街 附近 的 出租房 向 同案 人 张某 另案处理 以 每克 160 元 人民币 的 价格 购买 了 2克 甲基苯丙胺 冰毒 在 自己 吸食 了 一部分 后 将 剩下 的 两包 共计 净重 1.9 克 的   <e1>   甲基苯丙胺   </e1>   随身携带 到   <e2>   城厢区凤凰山街道半岛国际酒店对面的便利店   </e2>   门口 以 每克 180 元 人民币 的 价格 贩卖 给 吸毒 人员 宋某某 另案处理 时 被 莆田市 公安局 荔城 分局 民警 当场 抓获 涉案 甲基苯丙胺 被 依法 扣押 经 鉴定 均 检出 甲基苯丙胺 成分 经 甲基 安非他明 检测 被告人 蔡某 尿液 中 甲基苯丙胺 成分 呈 阳性,4
NA,福建省 莆田市 荔城区 人民检察院 指控 2014年10月 10 日 17 时许 被告人 蔡某 到 莆田市 城厢区 南门 居委会 顶前 小区 平安 街 附近 的 出租房 向 同案 人   <e1>   张某   </e1>   另案处理 以 每克 160 元 人民币 的 价格 购买 了 2克 甲基苯丙胺 冰毒 在 自己 吸食 了 一部分 后 将 剩下 的 两包 共计 净重 1.9 克 的 甲基苯丙胺 随身携带 到 城厢区凤凰山街道半岛国际酒店对面的便利店 门口 以 每克 180 元 人民币 的 价格 贩卖 给 吸毒 人员 宋某某 另案处理 时 被 莆田市 公安局 荔城 分局 民警 当场 抓获 涉案 甲基苯丙胺 被 依法 扣押 经 鉴定 均 检出 甲基苯丙胺 成分 经 甲基 安非他明 检测   <e2>   蔡某   </e2>   告人 蔡某 尿液 中 甲基苯丙胺 成分 呈 阳性,4
provide_shelter_for,永嘉县 人民检察院 指控 12015 年 11月 25 日 左右 的 一天 被告人   <e1>   岳某   </e1>   在 其 位于 永嘉县东瓯街道五星村五星西路20号的出租房内 容留   <e2>   仁永超   </e2>   吸食毒品 海洛因,3
NA,永嘉县 人民检察院 指控 12015 年 11月 25 日 左右 的 一天 被告人 岳某 在 其 位于   <e1>   永嘉县东瓯街道五星村五星西路20号的出租房内   </e1>   容留 仁永超 吸食毒品   <e2>   海洛因   </e2>  ,4
NA,永嘉县 人民检察院 指控 12015 年 11月 25 日 左右 的 一天 被告人   <e1>   岳某   </e1>   在 其 位于 永嘉县 东瓯 街道 五星村 五星 西路 20 号 的 出租   <e2>   仁永超   </e2>   留 仁永超 吸食毒品 海洛因,4
posess,公诉 机关 指控 2016 年 6 月 19 日 下午 13 时许 被告人   <e1>   杜代礼   </e1>   在 博罗县 石湾镇 历 山路 136 号 某某 路 某 号 美宜佳 某某 超市 门前 路边 被 公安机关 抓获 公安机关 当场 在 其 身上 的 斜 背包 内 缴获 净重 74.15克 的   <e2>   海洛因   </e2>   白粉,2
NA,公诉 机关 指控 2016 年 6 月 19 日 下午 13 时许 被告人   <e1>   杜代礼   </e1>   在 博罗县 石湾镇 历 山路 136 号 某某 路 某 号 美宜佳 某某 超市 门前 路边 被 公安机关 抓获 公安机关 当场 在 其 身上 的 斜 背包 内 缴获 净重 74.15克 的   <e2>   海洛因   </e2>   白粉,4
NA,公诉 机关 指控 2016 年 6 月 19 日 下午 13 时许 被告人 杜代礼 在 博罗县 石湾镇 历 山路 136 号 某某 路 某 号 美宜佳 某某 超市 门前 路边 被 公安机关 抓获 公安机关 当场 在 其 身上 的 斜 背包 内 缴获 净重   <e1>   74.15克   < / e   <e2>   海洛因   </e2>   的 海洛因 白粉,4
traffic_in,凭祥市 人民检察院 指控 2011年某日 被告人 赵其龙 在 凭祥市 a6 酒吧 工作 时 认识 了 一 名叫 小缘 姓名 不详 的 女子 曾 帮 其 垫付 了 3000 元 人民币 的 消费 单但 小缘 一直 未 将 钱 还给 赵其龙 2014 年 6 月 的 一天 赵其龙 碰到 小缘 后 让 其 还 钱 小缘 没钱 还 便 将 9 克 左右 的 毒品 冰毒 抵押 给 赵其龙 让 赵其龙 自行处理 为 把 毒品 冰毒 卖出 赵其龙 通过 卢某 认识 了 吸毒 人员 方某 称 自己 有 毒品 出售 并 将 1克 毒品 冰毒 带到 凭祥市 j 饭店 门口 给 其 验货 后 双方 约定 以 每克 毒品 180 元 的 价格 交易 10克 毒品 冰毒 因 毒品 冰毒 不够 赵其龙 到 凭祥市 南山 二山街 向 一 名叫 伟康 的 男子 购买 了 3 克 毒品 冰毒 2014 年 7 月 3 日 19时 许   <e1>   赵其龙   </e1>   携带 毒品   <e2>   冰毒   </e2>   到 凭祥市 甲路 xx 宾馆 405 号房 内 与 方某 准备 交易 时 被 公安民警 当场 抓获 并 查获 了 两包 可疑 毒品 冰毒 经过 秤 查获 的 两包 可疑 毒品 冰毒 共 净重 11.28克 经 鉴定 查获 的 可疑 毒品 冰毒 检出 甲基苯丙胺,0
sell_drugs_to,凭祥市 人民检察院 指控 2011年某日 被告人 赵其龙 在 凭祥市 a6 酒吧 工作 时 认识 了 一 名叫 小缘 姓名 不详 的 女子 曾 帮 其 垫付 了 3000 元 人民币 的 消费 单但 小缘 一直 未 将 钱 还给 赵其龙 2014 年 6 月 的 一天 赵其龙 碰到 小缘 后 让 其 还 钱 小缘 没钱 还 便 将 9 克 左右 的 毒品 冰毒 抵押 给 赵其龙 让 赵其龙 自行处理 为 把 毒品 冰毒 卖出 赵其龙 通过 卢某 认识 了 吸毒 人员 方某 称 自己 有 毒品 出售 并 将 1克 毒品 冰毒 带到 凭祥市 j 饭店 门口 给 其 验货 后 双方 约定 以 每克 毒品 180 元 的 价格 交易 10克 毒品 冰毒 因 毒品 冰毒 不够 赵其龙 到 凭祥市 南山 二山街 向 一 名叫 伟康 的 男子 购买 了 3 克 毒品 冰毒 2014 年 7 月 3 日 19时 许   <e1>   赵其龙   </e1>   携带 毒品 冰毒 到 凭祥市 甲路 xx 宾馆 405 号房 内 与   <e2>   方某   </e2>   准备 交易 时 被 公安民警 当场 抓获 并 查获 了 两包 可疑 毒品 冰毒 经过 秤 查获 的 两包 可疑 毒品 冰毒 共 净重 11.28克 经 鉴定 查获 的 可疑 毒品 冰毒 检出 甲基苯丙胺,1
NA,凭祥市 人民检察院 指控 2011年某日 被告人 赵其龙 在 凭祥市 a6 酒吧 工作 时 认识 了 一 名叫 小缘 姓名 不详 的 女子 曾 帮 其 垫付 了 3000 元 人民币 的 消费 单但 小缘 一直 未 将 钱 还给 赵其龙 2014 年 6 月 的 一天 赵其龙 碰到 小缘 后 让 其 还 钱 小缘 没钱 还 便 将 9 克 左右 的 毒品 冰毒 抵押 给 赵其龙 让 赵其龙 自行处理 为 把 毒品 冰毒 卖出 赵其龙 通过   <e1>   卢某   </e1>   认识 了 吸毒 人员 方某 称 自己 有 毒品 出售 并 将 1克 毒品 冰毒 带到 凭祥市 j 饭店 门口 给 其 验货 后 双方 约定 以 每克 毒品 180 元 的 价格 交易 10克 毒品 冰毒 因 毒品 冰毒 不够 赵其龙 到 凭祥市 南山 二山街 向 一 名叫 伟康 的 男子 购买 了 3 克 毒品 冰毒 2014 年 7 月 3 日 19时 许 赵其龙 携带 毒品 冰毒 到 凭祥市 甲路 xx 宾馆 405 号房 内 与 方某 准备 交易 时 被 公安民警 当场 抓获 并 查获 了 两包 可疑 毒品 冰毒 经过 秤 查获 的 两包 可疑 毒品 冰毒 共 净重 11.28克 经 鉴定 查获 的 可疑 毒品 冰毒 检出   <e2>   甲基苯丙胺   </e2>  ,4
NA,凭祥市 人民检察院 指控   <e1>   2011年某日   </e1>   被告人 赵其龙 在 凭祥市 a6 酒吧 工作 时 认识 了 一 名叫 小缘 姓名 不详 的 女子 曾 帮 其 垫付 了 3000 元 人民币 的 消费 单但 小缘 一直 未 将 钱 还给 赵其龙 2014 年 6 月 的 一天 赵其龙 碰到 小缘 后 让 其 还 钱 小缘 没钱 还 便 将 9 克 左右 的 毒品 冰毒 抵押 给 赵其龙 让 赵其龙 自行处理 为 把 毒品 冰毒 卖出 赵其龙 通过 卢某 认识 了 吸毒 人员 方某 称 自己 有 毒品 出售 并 将 1克 毒品 冰毒 带到 凭祥市 j 饭店 门口 给 其 验货 后 双方 约定 以 每克 毒品 180 元 的 价格 交易 10克 毒品 冰毒 因 毒品 冰毒 不够 赵其龙 到 凭祥市 南山 二山街 向 一 名叫 伟康 的 男子 购买 了 3 克 毒品 冰毒 2014 年 7 月 3 日 19时 许 赵其龙 携带 毒品 冰毒 到 凭祥市 甲路 xx 宾馆 405 号房 内 与 方某 准备 交易 时 被 公安民警 当场 抓获 并 查获 了 两包 可疑 毒品 冰毒 经过 秤 查获 的 两包 可疑 毒品 冰毒 共 净重 11.28克 经 鉴定 查获 的 可疑 毒品 冰毒 检出   <e2>   甲基苯丙胺   </e2>  ,4
sell_drugs_to,江西省 鄱阳县 人民检察院 指控 2015年12月17日14时 许在 公安民警 安排 下 吸毒 人员   <e1>   虞某   </e1>   打电话   <e2>   朱某   </e2>   告人 朱某 购买 200 元 钱 的 毒品 并 约定 在 鄱阳县 汉庭 酒店 隔壁 的 一间 店面 交易 在 鄱阳 镇汉庭 酒店 隔壁 的 一间 店面 虞某 向 朱某 购买 了 1 包 价值 200 元 的 甲基苯丙胺 冰毒 交易 完成 后 朱某 和 虞某 被 公安民警 当场 抓获 民警 当场 从 朱某 身上 缴获 2 小包 甲基苯丙胺 冰毒 和 虞某 向 朱某 购买 毒品 的 200 元 人民币 从 虞某 身上 搜出 1 小包 甲基苯丙胺 冰毒 经 上饶市 公安 司法鉴定 中心 检验 鉴定 从 朱某 身上 缴获 的 两包 白色晶体 中 检出 甲基苯丙胺 成分 净重 0.938 克 从 虞某 身上 缴获 的 一包 白色晶体 中 检出 甲基苯丙胺 成分 净重 0.678 克,1
traffic_in,江西省 鄱阳县 人民检察院 指控 2015年12月17日14时 许在 公安民警 安排 下 吸毒 人员 虞某 打电话 给 被告人 朱某 购买 200 元 钱 的 毒品 并 约定 在 鄱阳县 汉庭 酒店 隔壁 的 一间 店面 交易 在 鄱阳 镇汉庭 酒店 隔壁 的 一间 店面 虞某 向   <e1>   朱某   </e1>   购买 了 1 包 价值 200 元 的   <e2>   甲基苯丙胺   </e2>   冰毒 交易 完成 后 朱某 和 虞某 被 公安民警 当场 抓获 民警 当场 从 朱某 身上 缴获 2 小包 甲基苯丙胺 冰毒 和 虞某 向 朱某 购买 毒品 的 200 元 人民币 从 虞某 身上 搜出 1 小包 甲基苯丙胺 冰毒 经 上饶市 公安 司法鉴定 中心 检验 鉴定 从 朱某 身上 缴获 的 两包 白色晶体 中 检出 甲基苯丙胺 成分 净重 0.938 克 从 虞某 身上 缴获 的 一包 白色晶体 中 检出 甲基苯丙胺 成分 净重 0.678 克,0
traffic_in,江西省 鄱阳县 人民检察院 指控 2015年12月17日14时 许在 公安民警 安排 下 吸毒 人员 虞某 打电话 给 被告人 朱某 购买 200 元 钱 的 毒品 并 约定 在 鄱阳县 汉庭 酒店 隔壁 的 一间 店面 交易 在 鄱阳 镇汉庭 酒店 隔壁 的 一间 店面 虞某 向   <e1>   朱某   </e1>   购买 了 1 包 价值 200 元 的 甲基苯丙胺   <e2>   冰毒   </e2>   交易 完成 后 朱某 和 虞某 被 公安民警 当场 抓获 民警 当场 从 朱某 身上 缴获 2 小包 甲基苯丙胺 冰毒 和 虞某 向 朱某 购买 毒品 的 200 元 人民币 从 虞某 身上 搜出 1 小包 甲基苯丙胺 冰毒 经 上饶市 公安 司法鉴定 中心 检验 鉴定 从 朱某 身上 缴获 的 两包 白色晶体 中 检出 甲基苯丙胺 成分 净重 0.938 克 从 虞某 身上 缴获 的 一包 白色晶体 中 检出 甲基苯丙胺 成分 净重 0.678 克,0
NA,江西省 鄱阳县 人民检察院 指控   <e1>   2015年12月17日14时   </e1>   许在 公安民警 安排 下 吸毒 人员 虞某 打电话 给 被告人 朱某 购买 200 元 钱 的 毒品 并 约定 在 鄱阳县 汉庭 酒店 隔壁 的 一间 店面 交易 在 鄱阳 镇汉庭 酒店 隔壁 的 一间 店面 虞某 向 朱某 购买 了 1 包 价值 200 元 的 甲基苯丙胺 冰毒 交易 完成 后 朱某 和 虞某 被 公安民警 当场 抓获 民警 当场 从 朱某 身上 缴获 2 小包 甲基苯丙胺 冰毒 和 虞某 向 朱某 购买 毒品 的 200 元人   <e2>   虞某   </e2>   从 虞某 身上 搜出 1 小包 甲基苯丙胺 冰毒 经 上饶市 公安 司法鉴定 中心 检验 鉴定 从 朱某 身上 缴获 的 两包 白色晶体 中 检出 甲基苯丙胺 成分 净重 0.938 克 从 虞某 身上 缴获 的 一包 白色晶体 中 检出 甲基苯丙胺 成分 净重 0.678 克,4
NA,江西省 鄱阳县 人民检察院 指控 2015年12月17日14时 许在 公安民警 安排 下 吸毒 人员 虞某 打电话 给 被告人 朱某 购买 200 元 钱 的 毒品 并 约定 在 鄱阳县 汉庭 酒店 隔壁 的 一间 店面 交易 在 鄱阳 镇汉庭 酒店 隔壁 的 一间 店面 虞某 向   <e1>   朱某   </e1>   购买 了 1 包 价值 200 元 的 甲基苯丙胺 冰毒 交易 完成 后 朱某 和 虞某 被 公安民警 当场 抓获 民警 当场 从 朱某 身上 缴获 2 小包 甲基苯丙胺 冰毒 和 虞某 向 朱某 购买 毒品 的 200 元 人民币 从 虞某 身上 搜出 1 小包 甲基苯丙胺 冰毒 经 上饶市 公安 司法鉴定 中心 检验 鉴定 从 朱某 身上 缴获 的 两包 白色 晶   <e2>   甲基苯丙胺   </e2>   基 苯丙胺 成分 净重 0.938 克 从 虞某 身上 缴获 的 一包 白色晶体 中 检出 甲基苯丙胺 成分 净重 0.678 克,4
posess,乌鲁木齐市 天山区 人民检察院 指控 2015 年 3 月 28 日 被告人 李某 在 乌鲁木齐市 乌拉 泊 公安 检查站 因涉嫌 吸食毒品 被 乌鲁木齐市 公安局 天山区 分局 赛马场 派出所 民警 查获 并 带回 派出所 调查 在 对   <e1>   李某   </e1>   进行 检查 时 当场 从 其 身上 搜出 白色 塑料袋 包装 的 白色晶体 10 包 红色 塑料袋 包装 的 白色晶体 8 包经 鉴定 18 包 白色晶体 均 含有   <e2>   甲基苯丙胺   </e2>   成分 净重 1 0.1克 经 尿液 毒品 检测 在 李军 尿液 中 检出 甲基苯丙胺 成分,2
NA,乌鲁木齐市 天山区 人民检察院 指控 2015 年 3 月 28 日 被告人 李某 在 乌鲁木齐市 乌拉 泊 公安 检查站 因涉嫌 吸食毒品 被 乌鲁木齐市 公安局 天山区 分局 赛马场 派出所 民警 查获 并 带回 派出所 调查 在 对   <e1>   李某   </e1>   进行 检查 时 当场 从 其 身上 搜出 白色 塑料袋 包装 的 白色晶体 10 包 红色 塑料袋 包装 的 白色晶体 8 包经 鉴定 18 包 白色 晶   <e2>   甲基苯丙胺   </e2>   基 苯丙胺 成分 净重 1 0.1克 经 尿液 毒品 检测 在 李军 尿液 中 检出 甲基苯丙胺 成分,4
NA,乌鲁木齐市 天山区 人民检察院 指控 2015 年 3 月 28 日 被告人   <e1>   李某   </e1>   在 乌鲁木齐市 乌拉 泊 公安 检查站 因涉嫌 吸食毒品 被 乌鲁木齐市 公安局 天山区 分局 赛马场 派出所 民警 查获 并 带回 派出所 调查 在 对 李某 进行 检查 时 当场 从 其 身上 搜出 白色 塑料袋 包装 的 白色晶体 10 包 红色 塑料袋 包装 的 白色晶体 8 包经 鉴定 18 包 白色晶体 均 含有 甲基苯丙胺 成分 净重 1 0.1克 经 尿液 毒品 检测 在 李军 尿   <e2>   甲基苯丙胺   </e2>   基 苯丙胺 成分,4
traffic_in,公诉 机关 指控 2014年10月 20 日 20 时许 被告人   <e1>   蔡某某   </e1>   在 阳西县 上洋镇 福湖 村委会 福湖 村庙 仔后 的 小路 处 贩卖 价值 100 元 的 毒品   <e2>   海洛因   </e2>   给 卢某某 时 被 民警 抓获 并 当场 从 蔡某某 身上 缴获 365 元 人民币 可疑 毒品 0.76克 从 卢某某 身上 缴获 可疑 毒品 0.1克 经 阳江市 公安 司法鉴定 中心 鉴定 缴获 的 可疑 毒品 均 检出 海洛因 成分,0
sell_drugs_to,公诉 机关 指控 2014年10月 20 日 20 时许 被告人   <e1>   蔡某某   </e1>   在 阳西县 上洋镇 福湖 村委会 福湖 村庙 仔后 的 小路 处 贩卖 价值 100 元 的 毒品 海洛因 给   <e2>   卢某某   </e2>   时 被 民警 抓获 并 当场 从 蔡某某 身上 缴获 365 元 人民币 可疑 毒品 0.76克 从 卢某某 身上 缴获 可疑 毒品 0.1克 经 阳江市 公安 司法鉴定 中心 鉴定 缴获 的 可疑 毒品 均 检出 海洛因 成分,1
NA,公诉 机关 指控 2014年10月 20 日 20 时许 被告人 蔡某某 在 阳西县 上洋镇 福湖 村委会 福湖 村庙 仔后 的 小路 处 贩卖 价值 100 元 的 毒品   <e1>   海洛因   < / e   <e2>   卢某某   </e2>   给 卢某某 时 被 民警 抓获 并 当场 从 蔡某某 身上 缴获 365 元 人民币 可疑 毒品 0.76克 从 卢某某 身上 缴获 可疑 毒品 0.1克 经 阳江市 公安 司法鉴定 中心 鉴定 缴获 的 可疑 毒品 均 检出 海洛因 成分,4
NA,公诉 机关 指控 2014年10月 20 日 20 时许 被告人   <e1>   蔡某某   </e1>   在 阳西县 上洋镇 福湖 村委会 福湖 村庙 仔后 的 小路 处 贩卖 价值 100 元 的 毒品   <e2>   海洛因   </e2>   给 卢某某 时 被 民警 抓获 并 当场 从 蔡某某 身上 缴获 365 元 人民币 可疑 毒品 0.76克 从 卢某某 身上 缴获 可疑 毒品 0.1克 经 阳江市 公安 司法鉴定 中心 鉴定 缴获 的 可疑 毒品 均 检出 海洛因 成分,4
provide_shelter_for,公诉 机关 指控 2015年10月 13 日至 19 日 期间 被告人   <e1>   卢某   </e1>   在 其 租住 的 佛山市南海区大沥镇盐步河西新德村新填地32号出租屋 内 三次 容留   <e2>   谭记标   </e2>   在 房间 吸食毒品 海洛因 10 月 19 日 民警 在 上述 出租屋 抓获 卢某 谭记标 当场 从 卢某 处 起获 吸管 锡纸 等 吸毒 工具,3
NA,公诉 机关 指控 2015年10月 13 日至 19 日 期间 被告人 卢某 在 其 租住 的 佛山市南海区大沥镇盐步河西新德村新填地32号出租屋 内 三次 容留   <e1>   谭记标   </e1>   在 房间 吸食毒品 海洛因 10 月 19 日 民警 在 上述 出租屋 抓获 卢某 谭记标   <e2>   卢某   </e2>   场 从 卢某 处 起获 吸管 锡纸 等 吸毒 工具,4
NA,公诉 机关 指控 2015年10月 13 日至 19 日 期间 被告人 卢某 在 其 租住 的   <e1>   佛山市南海区大沥镇盐步河西新德村新填地32号出租屋   </e1>   内 三次 容留 谭记标 在 房间 吸食毒品 海洛因 10 月 19 日 民警 在 上述 出租屋 抓获   <e2>   卢某   </e2>   谭记标 当场 从 卢某 处 起获 吸管 锡纸 等 吸毒 工具,4
posess,广西壮族自治区 柳州市鱼峰区 人民检察院 指控 2014年11月5日中午 被告人 卢某 将 其 购买 的 一 小袋 毒品 甲基苯丙胺 俗称 冰毒 藏匿于 柳州市鱼峰区 某路 某 号 某 集团 有限责任 公司 生活区 单车 棚内 同日 卢某 因 吸食毒品 被 柳州市 公安局 鱼峰 分局 依法 送至 柳州市 强制 隔离 戒毒所 执行 行政拘留 及 强制 隔离 戒毒 同月 18 日   <e1>   卢某   </e1>   主动 向 戒毒所 交代 了 自己 非法 持有 毒品 的 犯罪事实 后 协助 办案 人员 到 上述 地点 查获 其所 藏匿 的 毒品 经 鉴定 查获 的 毒品 净重 10克 检出   <e2>   甲基苯丙胺   </e2>   成分,2
NA,广西壮族自治区 柳州市鱼峰区 人民检察院 指控 2014年11月5日中午 被告人 卢某 将 其 购买 的 一 小袋 毒品   <e1>   甲基苯丙胺   </e1>   俗称 冰毒 藏匿于   <e2>   柳州市鱼峰区   </e2>   某路 某 号 某 集团 有限责任 公司 生活区 单车 棚内 同日 卢某 因 吸食毒品 被 柳州市 公安局 鱼峰 分局 依法 送至 柳州市 强制 隔离 戒毒所 执行 行政拘留 及 强制 隔离 戒毒 同月 18 日 卢某 主动 向 戒毒所 交代 了 自己 非法 持有 毒品 的 犯罪事实 后 协助 办案 人员 到 上述 地点 查获 其所 藏匿 的 毒品 经 鉴定 查获 的 毒品 净重 10克 检出 甲基苯丙胺 成分,4
NA,广西壮族自治区 柳州市鱼峰区 人民检察院 指控   <e1>   2014年11月5日中午   </e1>     <e2>   卢某   </e2>   告人 卢某 将 其 购买 的 一 小袋 毒品 甲基苯丙胺 俗称 冰毒 藏匿于 柳州市鱼峰区 某路 某 号 某 集团 有限责任 公司 生活区 单车 棚内 同日 卢某 因 吸食毒品 被 柳州市 公安局 鱼峰 分局 依法 送至 柳州市 强制 隔离 戒毒所 执行 行政拘留 及 强制 隔离 戒毒 同月 18 日 卢某 主动 向 戒毒所 交代 了 自己 非法 持有 毒品 的 犯罪事实 后 协助 办案 人员 到 上述 地点 查获 其所 藏匿 的 毒品 经 鉴定 查获 的 毒品 净重 10克 检出 甲基苯丙胺 成分,4
provide_shelter_for,黄山市 屯溪区 人民检察院 指控 2014 年 11月 22 日 22 时许 被告人   <e1>   徐某某   </e1>   在 其 家中 二楼 的 卧室 内 与   <e2>   毕某某   </e2>   姚某某 汤某某 一起 吸食 了 甲基苯丙胺 冰毒,3
provide_shelter_for,黄山市 屯溪区 人民检察院 指控 2014 年 11月 22 日 22 时许 被告人   <e1>   徐某某   </e1>   在 其 家中 二楼 的 卧室 内 与 毕某某 姚某某   <e2>   汤某某   </e2>   一起 吸食 了 甲基苯丙胺 冰毒,3
provide_shelter_for,黄山市 屯溪区 人民检察院 指控 2014 年 11月 22 日 22 时许 被告人   <e1>   徐某某   </e1>   在 其 家中 二楼 的 卧室 内 与 毕某某   <e2>   姚某某   </e2>   汤某某 一起 吸食 了 甲基苯丙胺 冰毒,3
NA,黄山市 屯溪区 人民检察院 指控 2014 年 11月 22 日 22 时许 被告人   <e1>   徐某某   </e1>   在 其 家中 二楼 的 卧   <e2>   毕某某   </e2>   与 毕某某 姚某某 汤某某 一起 吸食 了 甲基苯丙胺 冰毒,4
NA,黄山市 屯溪区 人民检察院 指控 2014 年 11月 22 日 22 时许 被告人 徐某某 在 其 家中 二楼 的 卧室 内 与 毕某某   <e1>   姚某某   </e1>   汤某某 一起 吸食 了 甲基   <e2>   冰毒   </e2>   胺 冰毒,4
provide_shelter_for,杭州市 下 城区 人民检察院 指控 2012年6月4日17时 许 被告人 吴某 入住 杭州市 下 城区 绍兴 路 400 号汉高 酒店 8812 房间 入住 后 其 在 房间内 以 自制 工具 吸食 冰毒 当日20时 至 次日12时 期间 被告人   <e1>   吴某   </e1>   提供 冰毒 及 自制 吸毒 工具 在 该 房 内容 留   <e2>   郑某   </e2>   姚某 廖某 均 另案处理 三人 吸食 冰毒 次日12时 许 被告人 吴某 及 三名 吸毒 人员 被 公安民警 当场 抓获,3
provide_shelter_for,杭州市 下 城区 人民检察院 指控 2012年6月4日17时 许 被告人 吴某 入住 杭州市 下 城区 绍兴 路 400 号汉高 酒店 8812 房间 入住 后 其 在 房间内 以 自制 工具 吸食 冰毒 当日20时 至 次日12时 期间 被告人   <e1>   吴某   </e1>   提供 冰毒 及 自制 吸毒 工具 在 该 房 内容 留 郑某   <e2>   姚某   </e2>   廖某 均 另案处理 三人 吸食 冰毒 次日12时 许 被告人 吴某 及 三名 吸毒 人员 被 公安民警 当场 抓获,3
provide_shelter_for,杭州市 下 城区 人民检察院 指控 2012年6月4日17时 许 被告人 吴某 入住 杭州市 下 城区 绍兴 路 400 号汉高 酒店 8812 房间 入住 后 其 在 房间内 以 自制 工具 吸食 冰毒 当日20时 至 次日12时 期间 被告人   <e1>   吴某   </e1>   提供 冰毒 及 自制 吸毒 工具 在 该 房 内容 留 郑某 姚某   <e2>   廖某   </e2>   均 另案处理 三人 吸食 冰毒 次日12时 许 被告人 吴某 及 三名 吸毒 人员 被 公安民警 当场 抓获,3
NA,杭州市 下 城区 人民检察院 指控 2012年6月4日17时 许 被告人 吴某 入住 杭州市 下 城区 绍兴 路 400 号汉高 酒店 8812 房间 入住 后 其 在 房间内 以 自制 工具 吸食 冰毒 当日20时 至   <e1>   次日12时   </e1>   期间   <e2>   吴某   </e2>   告人 吴某 提供 冰毒 及 自制 吸毒 工具 在 该 房 内容 留 郑某 姚某 廖某 均 另案处理 三人 吸食 冰毒 次日12时 许 被告人 吴某 及 三名 吸毒 人员 被 公安民警 当场 抓获,4
NA,杭州市 下 城区 人民检察院 指控   <e1>   2012年6月4日17时   </e1>   许 被告人 吴某 入住 杭州市 下 城区 绍兴 路 400 号汉高 酒店 8812 房间 入住 后 其 在 房间内 以 自制 工具 吸食   <e2>   冰毒   </e2>   当日20时 至 次日12时 期间 被告人 吴某 提供 冰毒 及 自制 吸毒 工具 在 该 房 内容 留 郑某 姚某 廖某 均 另案处理 三人 吸食 冰毒 次日12时 许 被告人 吴某 及 三名 吸毒 人员 被 公安民警 当场 抓获,4
posess,福州市 鼓楼区 人民检察院 指控 2014年10月23日下午3时 许 被告人   <e1>   文某   </e1>   在 福州市 晋安区 岳峰 镇 台西 140 号 民房 内 被 公安民警 抓获 公安人员 当场 从 其 背包 内 及其 停放在 楼下 的 闽 a 小车 内 缴获 重 29.9 克 的   <e2>   甲基苯丙胺   </e2>   冰毒,2
NA,福州市 鼓楼区 人民检察院 指控 2014年10月23日下午3时 许 被告人   <e1>   文某   </e1>   在 福州市 晋安区 岳峰 镇 台西 140 号 民房 内 被 公安民警 抓获 公安人员 当场 从 其 背包 内 及其 停放在 楼下 的 闽 a 小车 内 缴获 重 29.9 克 的 甲基   <e2>   冰毒   </e2>   胺 冰毒,4
NA,福州市 鼓楼区 人民检察院 指控   <e1>   2014年10月23日下午3时   </e1>   许 被告人   <e2>   文某   </e2>   在 福州市 晋安区 岳峰 镇 台西 140 号 民房 内 被 公安民警 抓获 公安人员 当场 从 其 背包 内 及其 停放在 楼下 的 闽 a 小车 内 缴获 重 29.9 克 的 甲基苯丙胺 冰毒,4
traffic_in,公诉 机关 指控 12014 年 8 月份 的 一天 晚上 李某某 打电话 给 黄毛 另案处理 说 要 购买 冰毒 于是   <e1>   黄毛   </e1>   让 被告人 曹某某 带 着   <e2>   冰毒   </e2>   到 武 山镇 交给 李某某 并 收取 150 元 人民币 但 曹某某 将 冰毒 交给 李某某 时 李某某 只 给 曹某某 100 元 人民币,0
sell_drugs_to,公诉 机关 指控 12014 年 8 月份 的 一天 晚上 李某某 打电话 给 黄毛 另案处理 说 要 购买 冰毒 于是   <e1>   黄毛   </e1>   让 被告人 曹某某 带 着 冰毒 到 武 山镇 交给   <e2>   李某某   </e2>   并 收取 150 元 人民币 但 曹某某 将 冰毒 交给 李某某 时 李某某 只 给 曹某某 100 元 人民币,1
NA,公诉 机关 指控 12014 年 8 月份 的 一天 晚上 李某某 打电话 给 黄毛 另案处理 说 要 购买 冰毒 于是 黄毛 让 被告人 曹某某 带 着 冰毒 到 武 山镇 交给 李某某 并 收取 150 元 人民币 但 曹某某 将   <e1>   冰毒   < / e1   <e2>   李某某   </e2>   给 李某某 时 李某某 只 给 曹某某 100 元 人民币,4
NA,公诉 机关 指控 12014 年 8 月份 的 一天 晚上 李某某 打电话 给 黄毛 另案处理 说 要 购买 冰毒 于是   <e1>   黄毛   </e1>   让 被告人 曹某某 带 着 冰毒 到 武 山镇 交给 李某某 并 收取 150 元 人民币 但 曹某某 将   <e2>   冰毒   </e2>   交给 李某某 时 李某某 只 给 曹某某 100 元 人民币,4
sell_drugs_to,经 审理 查明 被告人   <e1>   曾某   </e1>   分别 于 2016 年 11月 2 4日 12月5日 12月6日 先后 三次 在 其 自己 家中 免费 提供 毒品 甲基苯丙胺 冰毒 与 吸毒 人员   <e2>   彭某某   </e2>   共同 吸食,1
NA,经 审理 查明 被告人 曾某 分别 于 2016 年 11月 2 4日 12月5日 12月6日 先后 三次 在 其 自己 家中 免费 提供 毒品   <e1>   甲基苯丙胺   </e1>   冰毒 与 吸毒 人员   <e2>   彭某某   </e2>   共同 吸食,4
NA,经 审理 查明 被告人 曾某 分别 于 2016 年 11月 2 4日   <e1>   12月5日   </e1>     <e2>   12月6日   </e2>   先后 三次 在 其 自己 家中 免费 提供 毒品 甲基苯丙胺 冰毒 与 吸毒 人员 彭某某 共同 吸食,4
sell_drugs_to,公诉 机关 指控 2015年10月 份始 被告人   <e1>   邓李添   </e1>   在 博罗县 石湾镇 石湾 路口 附近 贩卖毒品 给   <e2>   林某   </e2>   同年 10月30日 邓李添 携带 毒品 海洛因 及 甲基苯丙胺 冰毒 去 到 博罗县 石湾镇 石湾 路口 附近 当其 准备 再次 贩卖毒品 给 林某 时 被 公安机关 当场 抓获 并 当场 从 其 身上 缴获 24.18 克 海洛因 及 9.7 2克 甲基苯丙胺,1
traffic_in,公诉 机关 指控 2015年10月 份始 被告人 邓李添 在 博罗县 石湾镇 石湾 路口 附近 贩卖毒品 给 林某 同年 10月30日   <e1>   邓李添   </e1>   携带 毒品   <e2>   海洛因   </e2>   及 甲基苯丙胺 冰毒 去 到 博罗县 石湾镇 石湾 路口 附近 当其 准备 再次 贩卖毒品 给 林某 时 被 公安机关 当场 抓获 并 当场 从 其 身上 缴获 24.18 克 海洛因 及 9.7 2克 甲基苯丙胺,0
traffic_in,公诉 机关 指控 2015年10月 份始 被告人 邓李添 在 博罗县 石湾镇 石湾 路口 附近 贩卖毒品 给 林某 同年 10月30日   <e1>   邓李添   </e1>   携带 毒品 海洛因 及   <e2>   甲基苯丙胺   </e2>   冰毒 去 到 博罗县 石湾镇 石湾 路口 附近 当其 准备 再次 贩卖毒品 给 林某 时 被 公安机关 当场 抓获 并 当场 从 其 身上 缴获 24.18 克 海洛因 及 9.7 2克 甲基苯丙胺,0
traffic_in,公诉 机关 指控 2015年10月 份始 被告人 邓李添 在 博罗县 石湾镇 石湾 路口 附近 贩卖毒品 给 林某 同年 10月30日   <e1>   邓李添   </e1>   携带 毒品 海洛因 及 甲基苯丙胺   <e2>   冰毒   </e2>   去 到 博罗县 石湾镇 石湾 路口 附近 当其 准备 再次 贩卖毒品 给 林某 时 被 公安机关 当场 抓获 并 当场 从 其 身上 缴获 24.18 克 海洛因 及 9.7 2克 甲基苯丙胺,0
NA,公诉 机关 指控 2015年10月 份始 被告人 邓李添 在 博罗县 石湾镇 石湾 路口 附近 贩卖毒品 给   <e1>   林某   </e1>   <e2>   10月30日   </e2>   月 30 日 邓李添 携带 毒品 海洛因 及 甲基苯丙胺 冰毒 去 到 博罗县 石湾镇 石湾 路口 附近 当其 准备 再次 贩卖毒品 给 林某 时 被 公安机关 当场 抓获 并 当场 从 其 身上 缴获 24.18 克 海洛因 及 9.7 2克 甲基苯丙胺,4
NA,公诉 机关 指控 2015年10月 份始 被告人 邓李添 在 博罗县 石湾镇 石湾 路口 附近 贩卖毒品 给 林某 同年   <e1>   10月30日   </e1>   邓李添   <e2>   海洛因   </e2>   品 海洛因 及 甲基苯丙胺 冰毒 去 到 博罗县 石湾镇 石湾 路口 附近 当其 准备 再次 贩卖毒品 给 林某 时 被 公安机关 当场 抓获 并 当场 从 其 身上 缴获 24.18 克 海洛因 及 9.7 2克 甲基苯丙胺,4
provide_shelter_for,沈阳市 和平区 人民检察院 指控 一 2014年12月22日 被告人   <e1>   秦某   </e1>   在 其 租住 的 沈阳市 和平区 砂山街 x 号 433 室 容留 吸毒 人员   <e2>   徐某   </e2>   另案处理 吸食 冰毒,3
NA,沈阳市 和平区 人民检察院 指控 一 2014年12月22日 被告人   <e1>   秦某   </e1>   在 其 租住 的 沈阳市 和平区 砂山街 x 号 433 室 容留 吸毒 人员 徐某 另案 处   <e2>   冰毒   </e2>   吸食 冰毒,4
NA,沈阳市 和平区 人民检察院 指控 一   <e1>   2014年12月22日   </e1>   被告人   <e2>   秦某   </e2>   在 其 租住 的 沈阳市 和平区 砂山街 x 号 433 室 容留 吸毒 人员 徐某 另案处理 吸食 冰毒,4
sell_drugs_to,深圳市 龙岗区 人民检察院 指控 2016 年 2 月 21 日   <e1>   陈某某   </e1>     <e2>   唐某某   </e2>   人 唐某某 达成 了 购买 毒品 的 交易 意愿 当日19时 许 被告人 唐某某 携带 毒品 甲基苯丙胺 俗称 01lydyh01 冰毒 01lydyh01 驾车 到 深圳市 坪 山 新区 坑梓 街道 某 百货商店 附近 与 陈某某 见面 唐某某 在 车上 将 毒品 交给 陈某某 陈某某 下车 后 将 现金 交给 唐某某 交易 完毕 后 民警 将 被告人 唐某某 抓获 并 当场 从 陈某某 处 缴获 唐某某 贩卖 给 其 的 毒品 甲基苯丙胺 一小包 在 被告人 唐某某 身上 缴获 其 自称 用于 自己 吸食 的 毒品 甲基苯丙胺 两 小包 经 鉴定 该 三 小包 毒品 共重 2.49 克均 检出 甲基苯丙胺 成分,1
traffic_in,深圳市 龙岗区 人民检察院 指控 2016 年 2 月 21 日 陈某某 与 被告人 唐某某 达成 了 购买 毒品 的 交易 意愿 当日19时 许 被告人   <e1>   唐某某   </e1>   携带 毒品   <e2>   甲基苯丙胺   </e2>   俗称 01lydyh01 冰毒 01lydyh01 驾车 到 深圳市 坪 山 新区 坑梓 街道 某 百货商店 附近 与 陈某某 见面 唐某某 在 车上 将 毒品 交给 陈某某 陈某某 下车 后 将 现金 交给 唐某某 交易 完毕 后 民警 将 被告人 唐某某 抓获 并 当场 从 陈某某 处 缴获 唐某某 贩卖 给 其 的 毒品 甲基苯丙胺 一小包 在 被告人 唐某某 身上 缴获 其 自称 用于 自己 吸食 的 毒品 甲基苯丙胺 两 小包 经 鉴定 该 三 小包 毒品 共重 2.49 克均 检出 甲基苯丙胺 成分,0
NA,深圳市 龙岗区 人民检察院 指控 2016 年 2 月 21 日 陈某某 与 被告人 唐某某 达成 了 购买 毒品 的 交易 意愿 当日19时 许 被告人 唐某某 携带 毒品 甲基苯丙胺 俗称 01lydyh01 冰毒 01lydyh01 驾车 到 深圳市 坪 山 新区 坑梓 街道 某 百货商店 附近 与 陈某某 见面   <e1>   唐某某   </e1>   在 车上 将 毒品 交给 陈某某 陈某某 下车 后 将 现金 交给 唐某某 交易 完毕 后 民警 将 被告人 唐某某 抓获 并 当场 从 陈某某 处 缴获 唐某某 贩卖 给 其 的 毒品   <e2>   甲基苯丙胺   </e2>   一小包 在 被告人 唐某某 身上 缴获 其 自称 用于 自己 吸食 的 毒品 甲基苯丙胺 两 小包 经 鉴定 该 三 小包 毒品 共重 2.49 克均 检出 甲基苯丙胺 成分,4
NA,深圳市 龙岗区 人民检察院 指控 2016 年 2 月 21 日   <e1>   陈某某   </e1>   与 被告人 唐某某 达成 了 购买 毒品 的 交易 意愿 当日19时 许 被告人 唐某某 携带 毒品 甲基苯丙胺 俗称 01lydyh01 冰毒 01lydyh01 驾车 到 深圳市 坪 山 新区 坑梓 街道 某 百货商店 附近 与 陈某某 见面 唐某某 在 车上 将 毒品 交给 陈某某 陈某某 下车 后 将 现金 交给   <e2>   唐某某   </e2>   交易 完毕 后 民警 将 被告人 唐某某 抓获 并 当场 从 陈某某 处 缴获 唐某某 贩卖 给 其 的 毒品 甲基苯丙胺 一小包 在 被告人 唐某某 身上 缴获 其 自称 用于 自己 吸食 的 毒品 甲基苯丙胺 两 小包 经 鉴定 该 三 小包 毒品 共重 2.49 克均 检出 甲基苯丙胺 成分,4
sell_drugs_to,府谷县 人民检察院 指控 2016 年 1 月 10 日 被告人 高某某 在 府谷县 府谷 镇 农贸市场 外向 一 陌生 男子 以 180 元 的 价格 购买 了 8 块 安钠咖 放在 其 在 府谷县西山电石厂门房开设的小卖部 内 准备 贩卖 2016 年 1 月 20 日 下午 15 时许   <e1>   高某某   </e1>   在 该 小卖部 内以 50 元 的 价格 向   <e2>   王某某   </e2>   出售 安钠咖 1 块 重约 42.24 克 当日 高某某 即 被 府谷县 公安局 禁毒 大队 民警 查获 在 其 小卖部 内 查获 安钠咖 6 块 经 称重 为 153.14克 经 榆林市 公安 司法鉴定 中心 检验 从 高某某 和 王某某 查获 的 可疑 毒品 安钠咖 中均 检出 咖啡因 成分 公诉 机关 一并 提交 了 赃款 人民币 50 元 到案 经过 扣押 决定书 扣押 清单 收缴 物品 清单 毒品 收据 行政处罚 决定书 证人 王某某 的 证言 榆 公司法 鉴字 2016752 号 毒品 检验 鉴定 报告 称量 笔录 辨认 笔录 以及 被告人 高某某 的 供述 与 辩解 等 证据 予以 证实 据此 公诉 机关 认为 被告人 高某某 的 行为 触犯 中华人民共和国 刑法 第三 百 四十七 条 之 规定 构成 贩卖毒品 罪 请求 依法 予以 惩处 并 建议 对 被告人 高某某 犯 贩卖毒品 罪 判处 两个 月 至 三个 月 拘役 并 处罚金,1
traffic_in,府谷县 人民检察院 指控 2016 年 1 月 10 日 被告人 高某某 在 府谷县 府谷 镇 农贸市场 外向 一 陌生 男子 以 180 元 的 价格 购买 了 8 块 安钠咖 放在 其 在 府谷县西山电石厂门房开设的小卖部 内 准备 贩卖 2016 年 1 月 20 日 下午 15 时许   <e1>   高某某   </e1>   在 该 小卖部 内以 50 元 的 价格 向 王某某 出售   <e2>   安钠咖   </e2>   1 块 重约 42.24 克 当日 高某某 即 被 府谷县 公安局 禁毒 大队 民警 查获 在 其 小卖部 内 查获 安钠咖 6 块 经 称重 为 153.14克 经 榆林市 公安 司法鉴定 中心 检验 从 高某某 和 王某某 查获 的 可疑 毒品 安钠咖 中均 检出 咖啡因 成分 公诉 机关 一并 提交 了 赃款 人民币 50 元 到案 经过 扣押 决定书 扣押 清单 收缴 物品 清单 毒品 收据 行政处罚 决定书 证人 王某某 的 证言 榆 公司法 鉴字 2016752 号 毒品 检验 鉴定 报告 称量 笔录 辨认 笔录 以及 被告人 高某某 的 供述 与 辩解 等 证据 予以 证实 据此 公诉 机关 认为 被告人 高某某 的 行为 触犯 中华人民共和国 刑法 第三 百 四十七 条 之 规定 构成 贩卖毒品 罪 请求 依法 予以 惩处 并 建议 对 被告人 高某某 犯 贩卖毒品 罪 判处 两个 月 至 三个 月 拘役 并 处罚金,0
NA,府谷县 人民检察院 指控 2016 年 1 月 10 日 被告人 高某某 在 府谷县 府谷 镇 农贸市场 外向 一 陌生 男子 以 180 元 的 价格 购买 了 8 块   <e1>   安钠咖   </e1>     <e2>   府谷县西山电石厂门房开设的小卖部   </e2>   的 小卖部 内 准备 贩卖 2016 年 1 月 20 日 下午 15 时许 高某某 在 该 小卖部 内以 50 元 的 价格 向 王某某 出售 安钠咖 1 块 重约 42.24 克 当日 高某某 即 被 府谷县 公安局 禁毒 大队 民警 查获 在 其 小卖部 内 查获 安钠咖 6 块 经 称重 为 153.14克 经 榆林市 公安 司法鉴定 中心 检验 从 高某某 和 王某某 查获 的 可疑 毒品 安钠咖 中均 检出 咖啡因 成分 公诉 机关 一并 提交 了 赃款 人民币 50 元 到案 经过 扣押 决定书 扣押 清单 收缴 物品 清单 毒品 收据 行政处罚 决定书 证人 王某某 的 证言 榆 公司法 鉴字 2016752 号 毒品 检验 鉴定 报告 称量 笔录 辨认 笔录 以及 被告人 高某某 的 供述 与 辩解 等 证据 予以 证实 据此 公诉 机关 认为 被告人 高某某 的 行为 触犯 中华人民共和国 刑法 第三 百 四十七 条 之 规定 构成 贩卖毒品 罪 请求 依法 予以 惩处 并 建议 对 被告人 高某某 犯 贩卖毒品 罪 判处 两个 月 至 三个 月 拘役 并 处罚金,4
NA,府谷县 人民检察院 指控 2016 年 1 月 10 日 被告人 高某某 在 府谷县 府谷 镇 农贸市场 外向 一 陌生 男子 以 180 元 的 价格 购买 了 8 块 安钠咖 放在 其 在 府谷县西山电石厂门房开设的小卖部 内 准备 贩卖 2016 年 1 月 20 日 下午 15 时许 高某某 在 该 小卖部 内以 50 元 的 价格 向 王某某 出售 安钠咖 1 块 重约 42.24 克 当日 高某某 即 被 府谷县 公安局 禁毒 大队 民警 查获 在 其 小卖部 内 查获 安钠咖 6 块 经 称重 为   <e1>   153.14克   </e1>   经 榆林市 公安 司法鉴定 中心 检验 从 高某某 和 王某某 查获 的 可疑 毒品 安钠咖   <e2>   咖啡因   </e2>   出 咖啡因 成分 公诉 机关 一并 提交 了 赃款 人民币 50 元 到案 经过 扣押 决定书 扣押 清单 收缴 物品 清单 毒品 收据 行政处罚 决定书 证人 王某某 的 证言 榆 公司法 鉴字 2016752 号 毒品 检验 鉴定 报告 称量 笔录 辨认 笔录 以及 被告人 高某某 的 供述 与 辩解 等 证据 予以 证实 据此 公诉 机关 认为 被告人 高某某 的 行为 触犯 中华人民共和国 刑法 第三 百 四十七 条 之 规定 构成 贩卖毒品 罪 请求 依法 予以 惩处 并 建议 对 被告人 高某某 犯 贩卖毒品 罪 判处 两个 月 至 三个 月 拘役 并 处罚金,4
sell_drugs_to,柳州市 城中区 人民检察院 指控 2013年3月 12 日 2 时许 被告人   <e1>   谢XX   </e1>   在 XXX 酒吧 大门 旁 宵夜 摊 将 一袋 含有 氯胺酮 成分 的 重 5.61克 的 K粉 以 人民币 300 元 的 价格 贩卖 给 购毒 人员   <e2>   陈某某   </e2>   被告人 谢XX 与 陈某某 进行 毒品 交易 后 即 被 公安人员 抓获归案 被告人 谢XX 的 行为 构成 贩卖毒品 罪 提请 人民法院 依法 判处,1
traffic_in,柳州市 城中区 人民检察院 指控 2013年3月 12 日 2 时许 被告人   <e1>   谢XX   </e1>   在 XXX 酒吧 大门 旁 宵夜 摊 将 一袋 含有   <e2>   氯胺酮   </e2>   成分 的 重 5.61克 的 K粉 以 人民币 300 元 的 价格 贩卖 给 购毒 人员 陈某某 被告人 谢XX 与 陈某某 进行 毒品 交易 后 即 被 公安人员 抓获归案 被告人 谢XX 的 行为 构成 贩卖毒品 罪 提请 人民法院 依法 判处,0
NA,柳州市 城中区 人民检察院 指控 2013年3月 12 日 2 时许 被告人 谢XX 在 XXX 酒吧 大门 旁 宵夜 摊 将 一袋 含有 氯胺酮 成分 的 重 5.61克 的 K粉 以 人民币 300 元 的 价格 贩卖 给 购毒 人员 陈某某 被告人   <e1>   谢XX   </e1>   与 陈某某 进行 毒品 交易 后 即 被 公安人员 抓获归案   <e2>   谢XX   </e2>   人 谢XX 的 行为 构成 贩卖毒品 罪 提请 人民法院 依法 判处,4
NA,柳州市 城中区 人民检察院 指控 2013年3月 12 日 2 时许 被告人 谢XX 在 XXX 酒吧 大门 旁 宵夜 摊 将 一袋 含有 氯胺酮 成分 的 重   <e1>   5.61克   </e1>   的 K粉 以 人民币 300 元 的 价格 贩卖 给 购毒 人员 陈某某 被告人   <e2>   谢XX   </e2>   与 陈某某 进行 毒品 交易 后 即 被 公安人员 抓获归案 被告人 谢XX 的 行为 构成 贩卖毒品 罪 提请 人民法院 依法 判处,4
provide_shelter_for,惠来县 人民检察院 指控 2015 年 12 月份 被告人   <e1>   黄某彬   </e1>   先后 20 多次 在 其位 家中 容留 吸毒 人员   <e2>   吴某治   </e2>   与其 一起 吸食毒品 2015年3月16日 黄某彬 在 其 家中 容留 吸毒 人员 王某城 詹某叶 与其 一起 吸食毒品 同年 3 月 1 7日 黄某彬 在 其 家中 容留 吴某治 王某城 吸食毒品 时 被 惠来县 公安局 抓获,3
provide_shelter_for,惠来县 人民检察院 指控 2015 年 12 月份 被告人 黄某彬 先后 20 多次 在 其位 家中 容留 吸毒 人员 吴某治 与其 一起 吸食毒品 2015年3月16日   <e1>   黄某彬   </e1>   在 其 家中 容留 吸毒 人员   <e2>   王某城   </e2>   詹某叶 与其 一起 吸食毒品 同年 3 月 1 7日 黄某彬 在 其 家中 容留 吴某治 王某城 吸食毒品 时 被 惠来县 公安局 抓获,3
provide_shelter_for,惠来县 人民检察院 指控 2015 年 12 月份 被告人 黄某彬 先后 20 多次 在 其位 家中 容留 吸毒 人员 吴某治 与其 一起 吸食毒品 2015年3月16日   <e1>   黄某彬   </e1>   在 其 家中 容留 吸毒 人员 王某城   <e2>   詹某叶   </e2>   与其 一起 吸食毒品 同年 3 月 1 7日 黄某彬 在 其 家中 容留 吴某治 王某城 吸食毒品 时 被 惠来县 公安局 抓获,3
provide_shelter_for,惠来县 人民检察院 指控 2015 年 12 月份 被告人 黄某彬 先后 20 多次 在 其位 家中 容留 吸毒 人员 吴某治 与其 一起 吸食毒品 2015年3月16日 黄某彬 在 其 家中 容留 吸毒 人员 王某城 詹某叶 与其 一起 吸食毒品 同年 3 月 1 7日   <e1>   黄某彬   </e1>   在 其 家中 容留   <e2>   吴某治   </e2>   王某城 吸食毒品 时 被 惠来县 公安局 抓获,3
provide_shelter_for,惠来县 人民检察院 指控 2015 年 12 月份 被告人 黄某彬 先后 20 多次 在 其位 家中 容留 吸毒 人员 吴某治 与其 一起 吸食毒品 2015年3月16日 黄某彬 在 其 家中 容留 吸毒 人员 王某城 詹某叶 与其 一起 吸食毒品 同年 3 月 1 7日   <e1>   黄某彬   </e1>   在 其 家中 容留 吴某治   <e2>   王某城   </e2>   吸食毒品 时 被 惠来县 公安局 抓获,3
NA,惠来县 人民检察院 指控 2015 年 12 月份 被告人 黄某彬 先后 20 多次 在 其位 家中 容留 吸毒 人员 吴某治 与其 一起 吸食毒品   <e1>   2015年3月16日   < / e   <e2>   黄某彬   </e2>   黄某彬 在 其 家中 容留 吸毒 人员 王某城 詹某叶 与其 一起 吸食毒品 同年 3 月 1 7日 黄某彬 在 其 家中 容留 吴某治 王某城 吸食毒品 时 被 惠来县 公安局 抓获,4
NA,惠来县 人民检察院 指控 2015 年 12 月份 被告人 黄某彬 先后 20 多次 在 其位 家中 容留 吸毒 人员   <e1>   吴某治   </e1>   与其 一起 吸食毒品 2015年3月16日 黄某彬 在 其 家中 容留 吸毒 人员 王某城 詹某叶 与其 一起 吸食毒品 同年 3 月 1 7日 黄某彬 在 其 家中 容留 吴某治   <e2>   王某城   </e2>   吸食毒品 时 被 惠来县 公安局 抓获,4
traffic_in,乌鲁木齐市 天山区 人民检察院 指控 2012年2月24日中午13时 许 被告人   <e1>   马某   </e1>   在 其 位于 乌鲁木齐市 天山区 金坤 小区 一号 楼二 单元 201 室 的 住所 内向 他人 贩卖毒品 时 被 公安机关 抓获 当场 缴获 其 贩卖 的 白色 可疑 粉末 两 小包 后 又 从 其 住所 客厅 茶几 上 查获 白色 可疑 粉末 一包 经 鉴定 其 贩卖 的 白色 可疑 粉末 检出 毒品   <e2>   海洛因   </e2>   成份 净重 0.4克 从 其 住所 客厅 茶几 上 查获 的 白色 可疑 粉末 检出 毒品 海洛因 成份 净重 2.7克,0
NA,乌鲁木齐市 天山区 人民检察院 指控   <e1>   2012年2月24日中午13时   </e1>   许 被告人   <e2>   马某   </e2>   在 其 位于 乌鲁木齐市 天山区 金坤 小区 一号 楼二 单元 201 室 的 住所 内向 他人 贩卖毒品 时 被 公安机关 抓获 当场 缴获 其 贩卖 的 白色 可疑 粉末 两 小包 后 又 从 其 住所 客厅 茶几 上 查获 白色 可疑 粉末 一包 经 鉴定 其 贩卖 的 白色 可疑 粉末 检出 毒品 海洛因 成份 净重 0.4克 从 其 住所 客厅 茶几 上 查获 的 白色 可疑 粉末 检出 毒品 海洛因 成份 净重 2.7克,4
NA,乌鲁木齐市 天山区 人民检察院 指控   <e1>   2012年2月24日中午13时   </e1>   许 被告人 马某 在 其 位于 乌鲁木齐市 天山区 金坤 小区 一号 楼二 单元 201 室 的 住所 内向 他人 贩卖毒品 时 被 公安机关 抓获 当场 缴获 其 贩卖 的 白色 可疑 粉末 两 小包 后 又 从 其 住所 客厅 茶几 上 查获 白色 可疑 粉末 一包 经 鉴定 其 贩卖 的 白色 可疑 粉末 检出 毒品 海洛因 成份 净重   <e2>   0.4克   </e2>   从 其 住所 客厅 茶几 上 查获 的 白色 可疑 粉末 检出 毒品 海洛因 成份 净重 2.7克,4
traffic_in,平阳县 人民检察院 指控 2015年10月 13 日 零时 10 分许 被告人   <e1>   胡某某   </e1>   在 平阳县山门镇兴安路19号前 将 1 包 毒品   <e2>   甲基苯丙胺   </e2>   冰毒 以 人民币 200 元 的 价格 贩卖 给 王某 后 被 公安机关 查获 经 鉴定 交易 的 毒品 重 0.4克 检出 甲基苯丙胺 成分,0
sell_drugs_to,平阳县 人民检察院 指控 2015年10月 13 日 零时 10 分许 被告人   <e1>   胡某某   </e1>   在 平阳县山门镇兴安路19号前 将 1 包 毒品 甲基苯丙胺 冰毒 以 人民币 200 元 的 价格 贩卖 给   <e2>   王某   </e2>   后 被 公安机关 查获 经 鉴定 交易 的 毒品 重 0.4克 检出 甲基苯丙胺 成分,1
NA,平阳县 人民检察院 指控 2015年10月 13 日 零时 10 分许 被告人   <e1>   胡某某   </e1>   在 平阳县山门镇兴安路19号前 将 1 包 毒品 甲基苯丙胺 冰毒 以 人民币 200 元 的 价格 贩卖 给   <e2>   王某   </e2>   后 被 公安机关 查获 经 鉴定 交易 的 毒品 重 0.4克 检出 甲基苯丙胺 成分,4
NA,平阳县 人民检察院 指控 2015年10月 13 日 零时 10 分许 被告人   <e1>   胡某某   </e1>   在   <e2>   平阳县山门镇兴安路19号前   </e2>   将 1 包 毒品 甲基苯丙胺 冰毒 以 人民币 200 元 的 价格 贩卖 给 王某 后 被 公安机关 查获 经 鉴定 交易 的 毒品 重 0.4克 检出 甲基苯丙胺 成分,4
posess,公诉 机关 指控 2016年8月30日0时 贵阳市 公安局 经济 技术开发区 分局 民警 在 贵阳市云岩区 宅吉路 尚客 优 快捷酒店 512 房内 抓获 被告人   <e1>   周某   </e1>   当场 从 其 携带 背包 内 查获   <e2>   甲基苯丙胺   </e2>   共计 21.51克,2
NA,公诉 机关 指控   <e1>   2016年8月30日0时   </e1>   贵阳市 公安局 经济 技术开发区 分局 民警 在 贵阳市云岩区 宅吉路 尚客 优 快捷酒店 512 房内 抓获 被告人 周某 当场 从 其 携带 背包 内 查获 甲基 苯   <e2>   21.51克   </e2>   . 5 1克,4
NA,公诉 机关 指控 2016年8月30日0时 贵阳市 公安局 经济 技术开发区 分局 民警 在   <e1>   贵阳市云岩区   </e1>   宅吉路 尚客 优 快捷酒店 512 房内 抓获 被告人 周某 当场 从 其 携带 背包 内 查获 甲基 苯   <e2>   21.51克   </e2>   . 5 1克,4
posess,长沙市 开福区 人民检察院 指控 2012年7月4日凌晨3时 许 被告人   <e1>   彭新文   </e1>   在 长沙市 开福区 铂 宫 大酒店 1188 房 被 公安人员 抓获 并 当场 缴获 其 疑似   <e2>   麻古   </e2>   105 粒 疑似 冰毒 3 大袋 13 小袋 及 塑料瓶 等 吸毒 工具 经 鉴定 上述 物品 中 红色 药丸 及 白色晶体 总 净重 88.898克 中 检出 甲基苯丙胺 成分,2
posess,长沙市 开福区 人民检察院 指控 2012年7月4日凌晨3时 许 被告人   <e1>   彭新文   </e1>   在 长沙市 开福区 铂 宫 大酒店 1188 房 被 公安人员 抓获 并 当场 缴获 其 疑似 麻古 105 粒 疑似   <e2>   冰毒   </e2>   3 大袋 13 小袋 及 塑料瓶 等 吸毒 工具 经 鉴定 上述 物品 中 红色 药丸 及 白色晶体 总 净重 88.898克 中 检出 甲基苯丙胺 成分,2
NA,长沙市 开福区 人民检察院 指控   <e1>   2012年7月4日凌晨3时   </e1>   许 被告人   <e2>   彭新文   </e2>   在 长沙市 开福区 铂 宫 大酒店 1188 房 被 公安人员 抓获 并 当场 缴获 其 疑似 麻古 105 粒 疑似 冰毒 3 大袋 13 小袋 及 塑料瓶 等 吸毒 工具 经 鉴定 上述 物品 中 红色 药丸 及 白色晶体 总 净重 88.898克 中 检出 甲基苯丙胺 成分,4
NA,长沙市 开福区 人民检察院 指控 2012年7月4日凌晨3时 许 被告人 彭新文 在 长沙市 开福区 铂 宫 大酒店 1188 房 被 公安人员 抓获 并 当场 缴获 其 疑似 麻古 105 粒 疑似 冰毒 3 大袋 13 小袋 及 塑料瓶 等 吸毒 工具 经 鉴定 上述 物品 中 红色 药丸 及 白色晶体 总 净重   <e1>   88.898克   </e1>   中 检出   <e2>   甲基苯丙胺   </e2>   成分,4
posess,经 审理 查明 2015 年 12 月 30 日 17 时许 被告人   <e1>   罗某某   </e1>   将 摩托车 停放在 合江县 荔城名 都 电梯 公寓 小区 后门 巷道 内 侦查人员 从 该 摩托车 坐垫 箱内 当场 查获   <e2>   甲基苯丙胺片剂   </e2>   俗称 麻古 疑似 物 一包 净重 28.2 6克 经 鉴定 查获 的 甲基苯丙胺片剂 俗称 麻古 疑似 物中 检出 甲基苯丙胺 成分 被告人 罗某某 归案 后 如实 供述 了 自己 的 犯罪事实 涉案 毒品 已 被 公安机关 扣押 在案,2
NA,经 审理 查明 2015 年 12 月 30 日 17 时许 被告人 罗某某 将 摩托车 停放在 合江县 荔城名 都 电梯 公寓 小区 后门 巷道 内 侦查人员 从 该 摩托车 坐垫 箱内 当场 查获   <e1>   甲基苯丙胺片剂   </e1>   俗称 麻古 疑似 物 一包 净重 28.2 6克 经 鉴定 查获 的 甲基苯丙胺片剂 俗称 麻古 疑似 物中 检出 甲基苯丙胺 成分   <e2>   罗某某   </e2>   人 罗某某 归案 后 如实 供述 了 自己 的 犯罪事实 涉案 毒品 已 被 公安机关 扣押 在案,4
NA,经 审理 查明 2015 年 12 月 30 日 17 时许 被告人   <e1>   罗某某   </e1>   将 摩托车 停放在 合江县 荔城名 都 电梯 公寓 小区 后门 巷道 内 侦查人员 从 该 摩托车 坐垫 箱内 当场 查获   <e2>   甲基苯丙胺片剂   </e2>   俗称 麻古 疑似 物 一包 净重 28.2 6克 经 鉴定 查获 的 甲基苯丙胺片剂 俗称 麻古 疑似 物中 检出 甲基苯丙胺 成分 被告人 罗某某 归案 后 如实 供述 了 自己 的 犯罪事实 涉案 毒品 已 被 公安机关 扣押 在案,4
posess,经 审理 查明 被告人 童某 暂住 于 武汉市 新洲区 汪集 街 陈墩 村 附近 一 废弃 的 加油站 内 2015年2月26日下午13时 许 公安民警 接到 群众 举报 称 汪集 街 陈墩 村 附近 一 废弃 的 加油站 内 有人 吸食毒品 遂 出警 到 该 加油站 内 进行 检查 公安民警 从   <e1>   童某   </e1>   卧室 内 搜出   <e2>   甲基苯丙胺片剂   </e2>   俗称 麻果 150 颗 从 童某 的 情人 王某 身上 搜出 童某 交给 王某 的 甲基苯丙胺片剂 74 颗 民警 当日 将 童某 口头 传唤 至 公安机关 次日 将 其 刑事拘留 经 武汉市公安局 毒品 检测 中心 鉴定 从 童某 卧室 内 和 王某 身上 搜出 的 甲基苯丙胺片剂 净重 20.9 克均 为 毒品 甲基苯丙胺,2
posess,经 审理 查明 被告人 童某 暂住 于 武汉市 新洲区 汪集 街 陈墩 村 附近 一 废弃 的 加油站 内 2015年2月26日下午13时 许 公安民警 接到 群众 举报 称 汪集 街 陈墩 村 附近 一 废弃 的 加油站 内 有人 吸食毒品 遂 出警 到 该 加油站 内 进行 检查 公安民警 从 童某 卧室 内 搜出 甲基苯丙胺片剂 俗称 麻果 150 颗 从 童某 的 情人   <e1>   王某   </e1>   身上 搜出 童某 交给 王某 的   <e2>   甲基苯丙胺片剂   </e2>   74 颗 民警 当日 将 童某 口头 传唤 至 公安机关 次日 将 其 刑事拘留 经 武汉市公安局 毒品 检测 中心 鉴定 从 童某 卧室 内 和 王某 身上 搜出 的 甲基苯丙胺片剂 净重 20.9 克均 为 毒品 甲基苯丙胺,2
NA,经 审理 查明 被告人 童某 暂住 于 武汉市 新洲区 汪集 街 陈墩 村 附近 一 废弃 的 加油站 内   <e1>   2015年2月26日下午13时   </e1>   许 公安民警 接到 群众 举报 称 汪集 街 陈墩 村 附近 一 废弃 的 加油站 内 有人 吸食毒品 遂 出警 到 该 加油站 内 进行 检查 公安民警 从 童某 卧室 内 搜出 甲基苯丙胺片剂 俗称 麻果 150 颗 从 童某 的 情人 王某 身上 搜出 童某 交给 王某 的 甲基苯丙胺片剂 74 颗 民警 当日 将 童某 口头 传唤 至 公安机关 次日 将 其 刑事拘留 经 武汉市公安局 毒品 检测 中心 鉴定 从   <e2>   童某   </e2>   卧室 内 和 王某 身上 搜出 的 甲基苯丙胺片剂 净重 20.9 克均 为 毒品 甲基苯丙胺,4
NA,经 审理 查明 被告人 童某 暂住 于 武汉市 新洲区 汪集 街 陈墩 村 附近 一 废弃 的 加油站 内 2015年2月26日下午13时 许 公安民警 接到 群众 举报 称 汪集 街 陈墩 村 附近 一 废弃 的 加油站 内 有人 吸食毒品 遂 出警 到 该 加油站 内 进行 检查 公安民警 从   <e1>   童某   </e1>   卧室 内 搜出 甲基苯丙胺片剂 俗称 麻果 150 颗 从 童某 的 情人 王某 身上 搜出 童某 交给 王某 的   <e2>   甲基苯丙胺片剂   </e2>   74 颗 民警 当日 将 童某 口头 传唤 至 公安机关 次日 将 其 刑事拘留 经 武汉市公安局 毒品 检测 中心 鉴定 从 童某 卧室 内 和 王某 身上 搜出 的 甲基苯丙胺片剂 净重 20.9 克均 为 毒品 甲基苯丙胺,4
traffic_in,雷州市 人民检察院 指控 2016 年 6 月 12 日 12 时许 吸毒 人员 王某 和 陈某 到 雷州市 雷城马 草桥街 颜文明 的 租 住宅 找 被告人   <e1>   陈某某   </e1>   购买 100 元   <e2>   海洛因   </e2>   毒品 王某 拿出 100 元 人民币 交给 陈某某 陈某某 从 身上 拿出 颜文明 交给 他 贩卖 的 2 小包 毒品 贩卖 给 王某 王某 与 陈某 当场 吸食 了 其中 1 小包 不久 公安民警 在 颜文明 的 租 住宅 抓获 被告人 陈某某 缴获 王某 向 陈某某 购买 的 2 小包 毒品 中 吸食 剩下 的 1 小包 毒品 经 称量 净 重0.06克 经 湛江市 公安 司法鉴定 中心 鉴定 检出 海洛因 成分,0
sell_drugs_to,雷州市 人民检察院 指控 2016 年 6 月 12 日 12 时许 吸毒 人员 王某 和   <e1>   陈某   </e1>   到 雷州市 雷城马 草桥街 颜文明 的 租 住宅   <e2>   陈某某   </e2>   人 陈某某 购买 100 元 海洛因 毒品 王某 拿出 100 元 人民币 交给 陈某某 陈某某 从 身上 拿出 颜文明 交给 他 贩卖 的 2 小包 毒品 贩卖 给 王某 王某 与 陈某 当场 吸食 了 其中 1 小包 不久 公安民警 在 颜文明 的 租 住宅 抓获 被告人 陈某某 缴获 王某 向 陈某某 购买 的 2 小包 毒品 中 吸食 剩下 的 1 小包 毒品 经 称量 净 重0.06克 经 湛江市 公安 司法鉴定 中心 鉴定 检出 海洛因 成分,1
sell_drugs_to,雷州市 人民检察院 指控 2016 年 6 月 12 日 12 时许 吸毒 人员   <e1>   王某   </e1>   和 陈某 到 雷州市 雷城马 草桥街 颜文明 的 租 住宅   <e2>   陈某某   </e2>   人 陈某某 购买 100 元 海洛因 毒品 王某 拿出 100 元 人民币 交给 陈某某 陈某某 从 身上 拿出 颜文明 交给 他 贩卖 的 2 小包 毒品 贩卖 给 王某 王某 与 陈某 当场 吸食 了 其中 1 小包 不久 公安民警 在 颜文明 的 租 住宅 抓获 被告人 陈某某 缴获 王某 向 陈某某 购买 的 2 小包 毒品 中 吸食 剩下 的 1 小包 毒品 经 称量 净 重0.06克 经 湛江市 公安 司法鉴定 中心 鉴定 检出 海洛因 成分,1
sell_drugs_to,雷州市 人民检察院 指控 2016 年 6 月 12 日 12 时许 吸毒 人员 王某 和 陈某 到 雷州市 雷城马 草桥街 颜文明 的 租 住宅 找 被告人 陈某某 购买 100 元 海洛因 毒品 王某 拿出 100 元 人民币 交给 陈某某   <e1>   陈某某   </e1>   从 身上 拿出 颜文明 交给 他 贩卖 的 2 小包 毒品 贩卖 给   <e2>   王某   </e2>   王某 与 陈某 当场 吸食 了 其中 1 小包 不久 公安民警 在 颜文明 的 租 住宅 抓获 被告人 陈某某 缴获 王某 向 陈某某 购买 的 2 小包 毒品 中 吸食 剩下 的 1 小包 毒品 经 称量 净 重0.06克 经 湛江市 公安 司法鉴定 中心 鉴定 检出 海洛因 成分,1
NA,雷州市 人民检察院 指控 2016 年 6 月 12 日 12 时许 吸毒 人员 王某 和 陈某 到 雷州市 雷城马 草桥街 颜文明 的 租 住宅 找 被告人 陈某某 购买 100 元 海洛因 毒品 王某 拿出 100 元 人民币 交给 陈某某 陈某某 从 身上 拿出   <e1>   颜文明   </e1>   交给 他 贩卖 的 2 小包 毒品 贩卖 给 王某 王某 与   <e2>   陈某   </e2>   当场 吸食 了 其中 1 小包 不久 公安民警 在 颜文明 的 租 住宅 抓获 被告人 陈某某 缴获 王某 向 陈某某 购买 的 2 小包 毒品 中 吸食 剩下 的 1 小包 毒品 经 称量 净 重0.06克 经 湛江市 公安 司法鉴定 中心 鉴定 检出 海洛因 成分,4
NA,雷州市 人民检察院 指控 2016 年 6 月 12 日 12 时许 吸毒 人员 王某 和 陈某 到 雷州市 雷城马 草桥街 颜文明 的 租 住宅 找 被告人 陈某某 购买 100 元 海洛因 毒品 王某 拿出 100 元 人民币 交给 陈某某 陈某某 从 身上 拿出 颜文明 交给 他 贩卖 的 2 小包 毒品 贩卖 给   <e1>   王某   </e1>   王某 与 陈某 当场 吸食 了 其中 1 小包 不久 公安民警 在 颜文明 的 租 住宅 抓获 被告人 陈某   <e2>   王某   </e2>   缴获 王某 向 陈某某 购买 的 2 小包 毒品 中 吸食 剩下 的 1 小包 毒品 经 称量 净 重0.06克 经 湛江市 公安 司法鉴定 中心 鉴定 检出 海洛因 成分,4
traffic_in,上海市浦东新区 人民检察院 指控 2013 年 9 月 3 日 22 时 30 分许 被告人   <e1>   余某某   </e1>   携带 50 克   <e2>   冰毒   </e2>   至 上海市 闵行区 平南 一村 XXX 号 贩卖 时 被 守候 在 此 的 民警 抓获 当场 缴获 疑似 毒品 的 晶体 50余克 后经 对 被告人 余某某 在 上海市 杨浦区 济宁 路 XXX 弄 XXX 号 XXX 室 的 住处 依法 搜查 查获 疑似 毒品 的 晶体 以及 红色 粉末 共计 70余克 经 鉴定 被告人 余某某 的 121.82克 白色晶体 0.69 克 红色 碎块 以及 粉末 中均 检出 甲基苯丙胺 成分 为 证实 指控 事实 公诉 机关 提供 了 相关 证据 据此 认为 被告人 余某某 的 行为 已触犯 中华人民共和国 刑法 第三 百 四十七 条 之 规定 应当 以 贩卖毒品 罪 追究其 刑事责任,0
NA,上海市浦东新区 人民检察院 指控 2013 年 9 月 3 日 22 时 30 分许 被告人 余某某 携带 50 克 冰毒 至 上海市 闵行区 平南 一村 XXX 号 贩卖 时 被 守候 在 此 的 民警 抓获 当场 缴获 疑似 毒品 的 晶体 50余克 后经 对 被告人 余某某 在 上海市 杨浦区 济宁 路 XXX 弄 XXX 号 XXX 室 的 住处 依法 搜查 查获 疑似 毒品 的 晶体 以及 红色 粉末 共计   <e1>   70余克   </e1>   经 鉴定 被告人 余某某 的 121.82克 白色晶体 0.69 克 红色 碎块 以及 粉末 中均 检出 甲基苯丙胺 成分 为 证实 指控 事实 公诉 机关 提供 了 相关 证据 据此 认为   <e2>   余某某   </e2>   人 余某某 的 行为 已触犯 中华人民共和国 刑法 第三 百 四十七 条 之 规定 应当 以 贩卖毒品 罪 追究其 刑事责任,4
NA,上海市浦东新区 人民检察院 指控 2013 年 9 月 3 日 22 时 30 分许 被告人 余某某 携带 50 克 冰毒 至 上海市 闵行区 平南 一村 XXX 号 贩卖 时 被 守候 在 此 的 民警 抓获 当场 缴获 疑似 毒品 的 晶体   <e1>   50余克   </e1>   后经 对 被告人 余某某 在 上海市 杨浦区 济宁 路 XXX 弄 XXX 号 XXX 室 的 住处 依法 搜查 查获 疑似 毒品 的 晶体 以及 红色 粉末 共计 70余克 经 鉴定 被告人 余某某 的   <e2>   121.82克   </e2>   白色晶体 0.69 克 红色 碎块 以及 粉末 中均 检出 甲基苯丙胺 成分 为 证实 指控 事实 公诉 机关 提供 了 相关 证据 据此 认为 被告人 余某某 的 行为 已触犯 中华人民共和国 刑法 第三 百 四十七 条 之 规定 应当 以 贩卖毒品 罪 追究其 刑事责任,4
provide_shelter_for,公诉 机关 指控 2014年12月2日或3日某天23时许 被告人   <e1>   黄某   </e1>   在 上海市浦东新区 浙桥 路 XXX 号 青年 汇 公寓 0701 室 容留 吸毒 人员   <e2>   夏伟青   </e2>   以 烫 吸 的 方式 吸食毒品 冰毒,3
NA,公诉 机关 指控   <e1>   2014年12月2日或3日某天23时许   </e1>   被告人 黄某 在 上海市浦东新区 浙桥 路 XXX 号 青年 汇 公寓 0701 室 容留 吸毒 人员 夏伟青 以 烫 吸 的 方式 吸食毒品   <e2>   冰毒   </e2>  ,4
NA,公诉 机关 指控 2014年12月2日或3日某天23时许 被告人   <e1>   黄某   </e1>   在 上海市浦东新区 浙桥 路 XXX 号 青年 汇 公寓 0701 室 容留 吸毒 人员   <e2>   夏伟青   </e2>   以 烫 吸 的 方式 吸食毒品 冰毒,4
provide_shelter_for,经 审理 查明 2016 年 8 月 26 日至 29 日间 被告人   <e1>   吴某某   </e1>   在 紫金县 古竹 镇潮 沙村 皇家 乡村 俱乐部 4 栋 别墅 内容 留 吸毒 人员   <e2>   翁某某   </e2>   蔡某某 许某甲 叶某某 唐某某 等 人 吸食毒品 同年 8 月 29 日 上午 公安民警 将 被告人 吴某某 及 上述 吸毒 人员 抓获 经 现场 检测 上述 人员 尿液 甲基 安非他明 均 呈 阳性反应,3
provide_shelter_for,经 审理 查明 2016 年 8 月 26 日至 29 日间 被告人   <e1>   吴某某   </e1>   在 紫金县 古竹 镇潮 沙村 皇家 乡村 俱乐部 4 栋 别墅 内容 留 吸毒 人员 翁某某   <e2>   蔡某某   </e2>   许某甲 叶某某 唐某某 等 人 吸食毒品 同年 8 月 29 日 上午 公安民警 将 被告人 吴某某 及 上述 吸毒 人员 抓获 经 现场 检测 上述 人员 尿液 甲基 安非他明 均 呈 阳性反应,3
provide_shelter_for,经 审理 查明 2016 年 8 月 26 日至 29 日间 被告人   <e1>   吴某某   </e1>   在 紫金县 古竹 镇潮 沙村 皇家 乡村 俱乐部 4 栋 别墅 内容 留 吸毒 人员 翁某某 蔡某某   <e2>   许某甲   </e2>   叶某某 唐某某 等 人 吸食毒品 同年 8 月 29 日 上午 公安民警 将 被告人 吴某某 及 上述 吸毒 人员 抓获 经 现场 检测 上述 人员 尿液 甲基 安非他明 均 呈 阳性反应,3
provide_shelter_for,经 审理 查明 2016 年 8 月 26 日至 29 日间 被告人   <e1>   吴某某   </e1>   在 紫金县 古竹 镇潮 沙村 皇家 乡村 俱乐部 4 栋 别墅 内容 留 吸毒 人员 翁某某 蔡某某 许某甲   <e2>   叶某某   </e2>   唐某某 等 人 吸食毒品 同年 8 月 29 日 上午 公安民警 将 被告人 吴某某 及 上述 吸毒 人员 抓获 经 现场 检测 上述 人员 尿液 甲基 安非他明 均 呈 阳性反应,3
provide_shelter_for,经 审理 查明 2016 年 8 月 26 日至 29 日间 被告人   <e1>   吴某某   </e1>   在 紫金县 古竹 镇潮 沙村 皇家 乡村 俱乐部 4 栋 别墅 内容 留 吸毒 人员 翁某某 蔡某某 许某甲 叶某某   <e2>   唐某某   </e2>   等 人 吸食毒品 同年 8 月 29 日 上午 公安民警 将 被告人 吴某某 及 上述 吸毒 人员 抓获 经 现场 检测 上述 人员 尿液 甲基 安非他明 均 呈 阳性反应,3
NA,经 审理 查明 2016 年 8 月 26 日至 29 日间 被告人 吴某某 在 紫金县 古竹 镇潮 沙村 皇家 乡村 俱乐部 4 栋 别墅 内容 留 吸毒 人员 翁某某 蔡某某   <e1>   许某甲   </e1>     <e2>   唐某某   </e2>   唐某某 等 人 吸食毒品 同年 8 月 29 日 上午 公安民警 将 被告人 吴某某 及 上述 吸毒 人员 抓获 经 现场 检测 上述 人员 尿液 甲基 安非他明 均 呈 阳性反应,4
NA,经 审理 查明 2016 年 8 月 26 日至 29 日间 被告人   <e1>   吴某某   </e1>   在 紫金县 古竹 镇潮 沙村 皇家 乡村 俱乐部 4 栋 别墅 内容 留 吸毒 人员   <e2>   翁某某   </e2>   蔡某某 许某甲 叶某某 唐某某 等 人 吸食毒品 同年 8 月 29 日 上午 公安民警 将 被告人 吴某某 及 上述 吸毒 人员 抓获 经 现场 检测 上述 人员 尿液 甲基 安非他明 均 呈 阳性反应,4
posess,湘乡市 人民检察院 指控 2015年10月 被告人 周某某 1 从 他人 处 购得 大量 冰毒 和 麻古 准备 用于 贩卖 以 牟取 非法 利益 2015年10月 29 日 0 时许 被告人 周某某 1 在 湘乡市 剧院 后边 菜市场 小区 门口 欲 与 他人 商量 毒品 交易 的 事宜 在 等 人 的 过程 中 被 湘乡市 公安局 民警 抓获 经 现场 检查 民警 在 被告人 周某某 1 的 身上 查获 一小包 白色晶体 状物质 和 一粒 红色 粒状 物质 后 又 对 被告人   <e1>   周某某   </e1>   1 所 租住 的 房屋 进行 搜查 查获 疑似 冰毒 物 123.8 1克 疑似 麻古 物 202 粒重 21.71克 经 检验 疑似 冰毒 物中 检测 出   <e2>   甲基苯丙胺   </e2>   成份 疑似 麻古 物中 检测 出 甲基苯丙胺 和 咖啡因 成分,2
posess,湘乡市 人民检察院 指控 2015年10月 被告人 周某某 1 从 他人 处 购得 大量 冰毒 和 麻古 准备 用于 贩卖 以 牟取 非法 利益 2015年10月 29 日 0 时许 被告人 周某某 1 在 湘乡市 剧院 后边 菜市场 小区 门口 欲 与 他人 商量 毒品 交易 的 事宜 在 等 人 的 过程 中 被 湘乡市 公安局 民警 抓获 经 现场 检查 民警 在 被告人 周某某 1 的 身上 查获 一小包 白色晶体 状物质 和 一粒 红色 粒状 物质 后 又 对 被告人   <e1>   周某某   </e1>   1 所 租住 的 房屋 进行 搜查 查获 疑似 冰毒 物 123.8 1克 疑似 麻古 物 202 粒重 21.71克 经 检验 疑似 冰毒 物中 检测 出 甲基苯丙胺 成份 疑似 麻古 物中 检测 出 甲基苯丙胺 和   <e2>   咖啡因   </e2>   成分,2
NA,湘乡市 人民检察院 指控 2015年10月 被告人 周某某 1 从 他人 处 购得 大量 冰毒 和 麻古 准备 用于 贩卖 以 牟取 非法 利益 2015年10月 29 日 0 时许 被告人 周某某 1 在 湘乡市 剧院 后边 菜市场 小区 门口 欲 与 他人 商量 毒品 交易 的 事宜 在 等 人 的 过程 中 被 湘乡市 公安局 民警 抓获 经 现场 检查 民警 在 被告人 周某某 1 的 身上 查获 一小包 白色晶体 状物质 和 一粒 红色 粒状 物质 后 又 对 被告人 周某某 1 所 租住 的 房屋 进行 搜查 查获 疑似 冰毒 物 123.8 1克 疑似 麻古 物 202 粒重   <e1>   21.71克   </e1>   经 检验 疑似 冰毒 物中 检测 出 甲基苯丙胺 成份 疑似 麻古 物中 检测 出   <e2>   甲基苯丙胺   </e2>   和 咖啡因 成分,4
NA,湘乡市 人民检察院 指控 2015年10月 被告人 周某某 1 从 他人 处 购得 大量 冰毒 和 麻古 准备 用于 贩卖 以 牟取 非法 利益 2015年10月 29 日 0 时许 被告人 周某某 1 在 湘乡市 剧院 后边 菜市场 小区 门口 欲 与 他人 商量 毒品 交易 的 事宜 在 等 人 的 过程 中 被 湘乡市 公安局 民警 抓获 经 现场 检查 民警 在 被告人   <e1>   周某某   </e1>   1 的 身上 查获 一小包 白色晶体 状物质 和 一粒 红色 粒状 物质 后 又 对 被告人 周某某 1 所 租住 的 房屋 进行 搜查 查获 疑似 冰毒 物 123.8 1克 疑似 麻古 物 202 粒重 21.71克 经检   <e2>   冰毒   </e2>   疑似 冰毒 物中 检测 出 甲基苯丙胺 成份 疑似 麻古 物中 检测 出 甲基苯丙胺 和 咖啡因 成分,4
posess,公诉 机关 指控 2015 年 1 月 6 日 12 时许 被告人 叶某某 为 吸食毒品 而 以 600 元 的 价格 向 绰号 高佬 的 男子 购买 了 2 小包 毒品 冰毒 之后 叶某某 就 将 所 购买 的 冰毒 带回 其 家中 收藏 在 一个 红色 的 铁制 茶叶 盒内   <e1>   叶某某   </e1>   担心 被 家人 发现 其 藏有 毒品 便 将 藏 放在 茶叶 盒里 的   <e2>   冰毒   </e2>   带到 其 村边 一栋 被 废弃 的 拆迁房 内 的 一根 塑料 水管 内 2015 年 1 月 7日 14 时许 叶某某 因 吸食毒品 被 公安民警 抓获 同日 被 行政拘留 在 被 行政拘留 期间 其 主动 向 拘留所 的 民警 交代 其 藏有 冰毒 的 事实 2015 年 1 月 16 日 在 叶某某 的 指认 下 公安民警 搜出 叶某某 藏放 的 2 小包 毒品 经 毒品 鉴定 叶某某 被 缴获 的 2 小包 毒品 含 甲基苯丙胺 成分 净重 10克,2
sell_drugs_to,公诉 机关 指控 2015 年 1 月 6 日 12 时许 被告人   <e1>   叶某某   </e1>   为 吸食毒品 而 以 600 元 的 价格   <e2>   高佬   </e2>   号 高佬 的 男子 购买 了 2 小包 毒品 冰毒 之后 叶某某 就 将 所 购买 的 冰毒 带回 其 家中 收藏 在 一个 红色 的 铁制 茶叶 盒内 叶某某 担心 被 家人 发现 其 藏有 毒品 便 将 藏 放在 茶叶 盒里 的 冰毒 带到 其 村边 一栋 被 废弃 的 拆迁房 内 的 一根 塑料 水管 内 2015 年 1 月 7日 14 时许 叶某某 因 吸食毒品 被 公安民警 抓获 同日 被 行政拘留 在 被 行政拘留 期间 其 主动 向 拘留所 的 民警 交代 其 藏有 冰毒 的 事实 2015 年 1 月 16 日 在 叶某某 的 指认 下 公安民警 搜出 叶某某 藏放 的 2 小包 毒品 经 毒品 鉴定 叶某某 被 缴获 的 2 小包 毒品 含 甲基苯丙胺 成分 净重 10克,1
traffic_in,公诉 机关 指控 2015 年 1 月 6 日 12 时许 被告人 叶某某 为 吸食毒品 而 以 600 元 的 价格 向 绰号   <e1>   高佬   </e1>   的 男子 购买 了 2 小包 毒品   <e2>   冰毒   </e2>   之后 叶某某 就 将 所 购买 的 冰毒 带回 其 家中 收藏 在 一个 红色 的 铁制 茶叶 盒内 叶某某 担心 被 家人 发现 其 藏有 毒品 便 将 藏 放在 茶叶 盒里 的 冰毒 带到 其 村边 一栋 被 废弃 的 拆迁房 内 的 一根 塑料 水管 内 2015 年 1 月 7日 14 时许 叶某某 因 吸食毒品 被 公安民警 抓获 同日 被 行政拘留 在 被 行政拘留 期间 其 主动 向 拘留所 的 民警 交代 其 藏有 冰毒 的 事实 2015 年 1 月 16 日 在 叶某某 的 指认 下 公安民警 搜出 叶某某 藏放 的 2 小包 毒品 经 毒品 鉴定 叶某某 被 缴获 的 2 小包 毒品 含 甲基苯丙胺 成分 净重 10克,0
NA,公诉 机关 指控 2015 年 1 月 6 日 12 时许 被告人   <e1>   叶某某   </e1>   为 吸食毒品 而 以 600 元 的 价格 向 绰号 高佬 的 男子 购买 了 2 小包 毒品 冰毒 之后 叶某某 就 将 所 购买 的 冰毒 带回 其 家中 收藏 在 一个 红色 的 铁制 茶叶 盒内 叶某某 担心 被 家人 发现 其 藏有 毒品 便 将 藏 放在 茶叶 盒里 的 冰毒 带到 其 村边 一栋 被 废弃 的 拆迁房 内 的 一根 塑料 水管 内 2015 年 1 月 7日 14 时许 叶某某 因 吸食毒品 被 公安民警 抓获 同日 被 行政拘留 在 被 行政拘留 期间 其 主动 向 拘留所 的 民警 交代 其 藏有 冰毒 的 事实 2015 年 1 月 16 日 在 叶某某 的 指认 下 公安民警 搜出 叶某某 藏放 的 2 小包 毒品 经 毒品 鉴定 叶某某 被 缴获 的 2 小   <e2>   甲基苯丙胺   </e2>   基 苯丙胺 成分 净重 10克,4
NA,公诉 机关 指控 2015 年 1 月 6 日 12 时许 被告人 叶某某 为 吸食毒品 而 以 600 元 的 价格 向 绰号 高佬 的 男子 购买 了 2 小包 毒品 冰毒 之后 叶某某 就 将 所 购买 的   <e1>   冰毒   </e1>   带回 其 家中 收藏 在 一个 红色 的 铁制 茶叶 盒内 叶某某 担心 被 家人 发现 其 藏有 毒品 便 将 藏 放在 茶   <e2>   冰毒   </e2>   里 的 冰毒 带到 其 村边 一栋 被 废弃 的 拆迁房 内 的 一根 塑料 水管 内 2015 年 1 月 7日 14 时许 叶某某 因 吸食毒品 被 公安民警 抓获 同日 被 行政拘留 在 被 行政拘留 期间 其 主动 向 拘留所 的 民警 交代 其 藏有 冰毒 的 事实 2015 年 1 月 16 日 在 叶某某 的 指认 下 公安民警 搜出 叶某某 藏放 的 2 小包 毒品 经 毒品 鉴定 叶某某 被 缴获 的 2 小包 毒品 含 甲基苯丙胺 成分 净重 10克,4
sell_drugs_to,公诉 机关 指控 2015年9月 4日 晚 被告人   <e1>   唐某   </e1>   经 事先 与   <e2>   张虎文   </e2>   另处 联系 在 本市 奉贤区南桥镇人民中路xxx号 处 将 约 0.5克 毒品 冰毒 以 人民币 300 元 的 价格 贩卖 给 张虎文 朱龙吉 另处,1
traffic_in,公诉 机关 指控 2015年9月 4日 晚 被告人   <e1>   唐某   </e1>   经 事先 与 张虎文 另处 联系 在 本市 奉贤区南桥镇人民中路xxx号 处 将 约 0.5克 毒品   <e2>   冰毒   </e2>   以 人民币 300 元 的 价格 贩卖 给 张虎文 朱龙吉 另处,0
sell_drugs_to,公诉 机关 指控 2015年9月 4日 晚 被告人   <e1>   唐某   </e1>   经 事先 与 张虎文 另处 联系 在 本市 奉贤区南桥镇人民中路xxx号 处 将 约 0.5克 毒品 冰毒 以 人民币 300 元 的 价格 贩卖 给 张虎文   <e2>   朱龙吉   </e2>   另处,1
NA,公诉 机关 指控 2015年9月 4日 晚 被告人   <e1>   唐某   </e1>   经 事先 与 张虎文 另处 联系 在 本市 奉贤区南桥镇人民中路xxx号 处 将 约 0.5克 毒品 冰毒 以 人民币 300 元 的 价格 贩卖 给 张虎文   <e2>   朱龙吉   </e2>   另处,4
NA,公诉 机关 指控 2015年9月 4日 晚 被告人   <e1>   唐某   </e1>   经 事先 与 张虎文 另处 联系 在 本市   <e2>   奉贤区南桥镇人民中路xxx号   </e2>   处 将 约 0.5克 毒品 冰毒 以 人民币 300 元 的 价格 贩卖 给 张虎文 朱龙吉 另处,4
sell_drugs_to,江山市 人民检察院 指控 2013年6月 5 日 晚上 被告人 汪章胜 驾驶 皖 R 小车 带 着 朱某 来到 福建省厦门市 被告人   <e1>   汪章胜   </e1>   意外 碰到 以   <e2>   陈国栋   </e2>   友 陈国栋 另案处理 并花 了 1 万元 人民币 从 陈国栋 处 买来 一盒 毒品 打算 用于 自己 吸食 当 被告人 汪章胜 驾车 带 着 买来 的 毒品 返回 安徽 途经 京台 高速 枫岭 关卡 点时 被 民警 查获 经 鉴定 查获 的 204.49 克 白色晶体 4.538 克 红色 颗粒 中均 含 甲基苯丙胺 成份 29.6 2克 白色 粉末 中含 氯胺酮 成份 26.963 克 疑似 大麻叶 中含 四氢大麻酚 成分,1
posess,江山市 人民检察院 指控 2013年6月 5 日 晚上 被告人 汪章胜 驾驶 皖 R 小车 带 着 朱某 来到 福建省厦门市 被告人 汪章胜 意外 碰到 以前 的 朋友 陈国栋 另案处理 并花 了 1 万元 人民币 从 陈国栋 处 买来 一盒 毒品 打算 用于 自己 吸食 当 被告人   <e1>   汪章胜   </e1>   驾车 带 着 买来 的 毒品 返回 安徽 途经 京台 高速 枫岭 关卡 点时 被 民警 查获 经 鉴定 查获 的 204.49 克 白色晶体 4.538 克 红色 颗粒 中均 含   <e2>   甲基苯丙胺   </e2>   成份 29.6 2克 白色 粉末 中含 氯胺酮 成份 26.963 克 疑似 大麻叶 中含 四氢大麻酚 成分,2
posess,江山市 人民检察院 指控 2013年6月 5 日 晚上 被告人 汪章胜 驾驶 皖 R 小车 带 着 朱某 来到 福建省厦门市 被告人 汪章胜 意外 碰到 以前 的 朋友 陈国栋 另案处理 并花 了 1 万元 人民币 从 陈国栋 处 买来 一盒 毒品 打算 用于 自己 吸食 当 被告人   <e1>   汪章胜   </e1>   驾车 带 着 买来 的 毒品 返回 安徽 途经 京台 高速 枫岭 关卡 点时 被 民警 查获 经 鉴定 查获 的 204.49 克 白色晶体 4.538 克 红色 颗粒 中均 含 甲基苯丙胺 成份 29.6 2克 白色 粉末 中含   <e2>   氯胺酮   </e2>   成份 26.963 克 疑似 大麻叶 中含 四氢大麻酚 成分,2
posess,江山市 人民检察院 指控 2013年6月 5 日 晚上 被告人 汪章胜 驾驶 皖 R 小车 带 着 朱某 来到 福建省厦门市 被告人 汪章胜 意外 碰到 以前 的 朋友 陈国栋 另案处理 并花 了 1 万元 人民币 从 陈国栋 处 买来 一盒 毒品 打算 用于 自己 吸食 当 被告人   <e1>   汪章胜   </e1>   驾车 带 着 买来 的 毒品 返回 安徽 途经 京台 高速 枫岭 关卡 点时 被 民警 查获 经 鉴定 查获 的 204.49 克 白色晶体 4.538 克 红色 颗粒 中均 含 甲基苯丙胺 成份 29.6 2克 白色 粉末 中含 氯胺酮 成份 26.963 克 疑似   <e2>   大麻叶   </e2>   中含 四氢大麻酚 成分,2
NA,江山市 人民检察院 指控 2013年6月 5 日 晚上 被告人 汪章胜 驾驶 皖 R 小车 带 着   <e1>   朱某   </e1>   来到 福建省厦门市   <e2>   汪章胜   </e2>   人 汪章胜 意外 碰到 以前 的 朋友 陈国栋 另案处理 并花 了 1 万元 人民币 从 陈国栋 处 买来 一盒 毒品 打算 用于 自己 吸食 当 被告人 汪章胜 驾车 带 着 买来 的 毒品 返回 安徽 途经 京台 高速 枫岭 关卡 点时 被 民警 查获 经 鉴定 查获 的 204.49 克 白色晶体 4.538 克 红色 颗粒 中均 含 甲基苯丙胺 成份 29.6 2克 白色 粉末 中含 氯胺酮 成份 26.963 克 疑似 大麻叶 中含 四氢大麻酚 成分,4
NA,江山市 人民检察院 指控 2013年6月 5 日 晚上 被告人 汪章胜 驾驶 皖 R 小车 带 着 朱某 来到   <e1>   福建省厦门市   </e1>   被告人 汪章胜 意外 碰到 以前 的 朋友 陈国栋 另案处理 并花 了 1 万元 人民币 从 陈国栋 处 买来 一盒 毒品 打算 用于 自己 吸食   <e2>   汪章胜   </e2>   人 汪章胜 驾车 带 着 买来 的 毒品 返回 安徽 途经 京台 高速 枫岭 关卡 点时 被 民警 查获 经 鉴定 查获 的 204.49 克 白色晶体 4.538 克 红色 颗粒 中均 含 甲基苯丙胺 成份 29.6 2克 白色 粉末 中含 氯胺酮 成份 26.963 克 疑似 大麻叶 中含 四氢大麻酚 成分,4
sell_drugs_to,公诉 机关 指控 2014 年 4 月 2 日 17 时许 被告人   <e1>   余某   </e1>   在 本市 云岩区金关村下五扎大林超市 附近 贩卖毒品 给   <e2>   王某某   </e2>   时 被 公安机关 抓获 当场 收缴 毒品 0.4克 经 贵阳市 公安局 毒品 鉴定中心 鉴定 为 海洛因,1
traffic_in,公诉 机关 指控 2014 年 4 月 2 日 17 时许 被告人   <e1>   余某   </e1>   在 本市 云岩区金关村下五扎大林超市 附近 贩卖毒品 给 王某某 时 被 公安机关 抓获 当场 收缴 毒品 0.4克 经 贵阳市 公安局 毒品 鉴定中心 鉴定 为   <e2>   海洛因   </e2>  ,0
NA,公诉 机关 指控 2014 年 4 月 2 日 17 时许 被告人 余某 在 本市   <e1>   云岩区金关村下五扎大林超市   </e1>   附近 贩卖毒品 给 王某某 时 被 公安机关 抓获 当场 收缴 毒品 0.4克 经 贵阳市 公安局 毒品 鉴定中心 鉴定 为   <e2>   海洛因   </e2>  ,4
NA,公诉 机关 指控 2014 年 4 月 2 日 17 时许 被告人   <e1>   余某   </e1>   在 本市   <e2>   云岩区金关村下五扎大林超市   </e2>   附近 贩卖毒品 给 王某某 时 被 公安机关 抓获 当场 收缴 毒品 0.4克 经 贵阳市 公安局 毒品 鉴定中心 鉴定 为 海洛因,4
sell_drugs_to,灌阳县 人民检察院 指控 被告人   <e1>   卿某某   </e1>   系 吸毒 人员 2013 年 2 月 23 日晚 其以 2220 元 的 价格 在 一个   <e2>   老旺仔   </e2>   老旺仔 的 人处 购买 了 冰毒 14 个 同时 获 赠送 麻古 六粒 2013 年 2 月 2 7日 傍晚 公安民警 在 灌阳 镇 老 电影院 门前 将 卿某某 依法 传唤 并 从 其 身上 搜出 疑似 冰毒 十七 小包 净重 10.15 克 麻古 六粒 净重 0.5 6克 经 鉴定 上述 两种 物品 中均 含有 甲基苯丙胺 成分,1
traffic_in,灌阳县 人民检察院 指控 被告人 卿某某 系 吸毒 人员 2013 年 2 月 23 日晚 其以 2220 元 的 价格 在 一个 外号 叫   <e1>   老旺仔   </e1>   的 人处 购买 了   <e2>   冰毒   </e2>   14 个 同时 获 赠送 麻古 六粒 2013 年 2 月 2 7日 傍晚 公安民警 在 灌阳 镇 老 电影院 门前 将 卿某某 依法 传唤 并 从 其 身上 搜出 疑似 冰毒 十七 小包 净重 10.15 克 麻古 六粒 净重 0.5 6克 经 鉴定 上述 两种 物品 中均 含有 甲基苯丙胺 成分,0
traffic_in,灌阳县 人民检察院 指控 被告人 卿某某 系 吸毒 人员 2013 年 2 月 23 日晚 其以 2220 元 的 价格 在 一个 外号 叫   <e1>   老旺仔   </e1>   的 人处 购买 了 冰毒 14 个 同时 获 赠送   <e2>   麻古   </e2>   六粒 2013 年 2 月 2 7日 傍晚 公安民警 在 灌阳 镇 老 电影院 门前 将 卿某某 依法 传唤 并 从 其 身上 搜出 疑似 冰毒 十七 小包 净重 10.15 克 麻古 六粒 净重 0.5 6克 经 鉴定 上述 两种 物品 中均 含有 甲基苯丙胺 成分,0
posess,灌阳县 人民检察院 指控 被告人 卿某某 系 吸毒 人员 2013 年 2 月 23 日晚 其以 2220 元 的 价格 在 一个 外号 叫 老旺仔 的 人处 购买 了 冰毒 14 个 同时 获 赠送 麻古 六粒 2013 年 2 月 2 7日 傍晚 公安民警 在 灌阳 镇 老 电影院 门前 将   <e1>   卿某某   </e1>   依法 传唤 并 从 其 身上 搜出 疑似   <e2>   冰毒   </e2>   十七 小包 净重 10.15 克 麻古 六粒 净重 0.5 6克 经 鉴定 上述 两种 物品 中均 含有 甲基苯丙胺 成分,2
posess,灌阳县 人民检察院 指控 被告人 卿某某 系 吸毒 人员 2013 年 2 月 23 日晚 其以 2220 元 的 价格 在 一个 外号 叫 老旺仔 的 人处 购买 了 冰毒 14 个 同时 获 赠送 麻古 六粒 2013 年 2 月 2 7日 傍晚 公安民警 在 灌阳 镇 老 电影院 门前 将   <e1>   卿某某   </e1>   依法 传唤 并 从 其 身上 搜出 疑似 冰毒 十七 小包 净重 10.15 克   <e2>   麻古   </e2>   六粒 净重 0.5 6克 经 鉴定 上述 两种 物品 中均 含有 甲基苯丙胺 成分,2
NA,灌阳县 人民检察院 指控 被告人   <e1>   卿某某   </e1>   系 吸毒 人员 2013 年 2 月 23 日晚 其以 2220 元 的 价格 在 一个 外号 叫 老旺仔 的 人处 购买 了 冰毒 14 个 同时 获 赠送 麻古 六粒 2013 年 2 月 2 7日 傍晚 公安民警 在 灌阳 镇 老 电影院 门前 将 卿某某 依法 传唤 并 从 其 身上 搜出 疑似 冰毒 十七 小包 净重 10.15 克   <e2>   麻古   </e2>   六粒 净重 0.5 6克 经 鉴定 上述 两种 物品 中均 含有 甲基苯丙胺 成分,4
NA,灌阳县 人民检察院 指控 被告人 卿某某 系 吸毒 人员 2013 年 2 月 23 日晚 其以 2220 元 的 价格 在 一个 外号 叫 老旺仔 的 人处 购买 了 冰毒 14 个 同时 获 赠送 麻古 六粒 2013 年 2 月 2 7日 傍晚 公安民警 在 灌阳 镇 老 电影院 门前 将 卿某某 依法 传唤 并 从 其 身上 搜出 疑似   <e1>   冰毒   </e1>   十七 小包 净重 10.15 克   <e2>   麻古   </e2>   六粒 净重 0.5 6克 经 鉴定 上述 两种 物品 中均 含有 甲基苯丙胺 成分,4
posess,浙江省 宁波市 海曙区 人民检察院 指控 2016年4月19日14时30分 许 公安机关 在 被告人 程建海 居住 的 本市 海曙区 永丰 西路 672 号 78 房间内 抓获   <e1>   程建海   </e1>   后 从 该 房间内 查获 净重 共计 79.1892克 的   <e2>   甲基苯丙胺   </e2>   冰毒 净重 0.1429 克 的 甲基苯丙胺片剂 俗称 麻古 具体 如下,2
NA,浙江省 宁波市 海曙区 人民检察院 指控   <e1>   2016年4月19日14时30分   </e1>   许 公安机关 在 被告人 程建海 居住 的 本市 海曙区 永丰 西路 672 号 78 房间内 抓获 程建海 后 从 该 房间内 查获 净重 共计 79.1892克 的 甲基   <e2>   冰毒   </e2>   胺 冰毒 净重 0.1429 克 的 甲基苯丙胺片剂 俗称 麻古 具体 如下,4
NA,浙江省 宁波市 海曙区 人民检察院 指控 2016年4月19日14时30分 许 公安机关 在 被告人 程建海 居住 的 本市 海曙区 永丰 西路 672 号 78 房间内 抓获 程建海 后 从 该 房间内 查获 净重 共计   <e1>   79.1892克   </e1>   的   <e2>   甲基苯丙胺   </e2>   冰毒 净重 0.1429 克 的 甲基苯丙胺片剂 俗称 麻古 具体 如下,4
sell_drugs_to,深圳市 福田区 人民检察院 指控 2014年3月 2 4日 16 时许 被告人   <e1>   张某   </e1>   来到 本市福田区皇岗吉龙一村88栋401房 将 一小包 白色 固体 晶体 和 两粒 红色 药丸 以 人民币 700 元 贩卖 给   <e2>   李某凤   </e2>   毒品 交易 完成 后 民警 将 被告人 张某 抓获 涉案 毒品 和 毒资 亦 被 缴获 经 鉴定 一小包 白色 固体 晶体 重 3.46克 从中 检出 甲基苯丙胺 两粒 红色 药丸 重 0.15 克 从中 检出 甲基苯丙胺 咖啡因,1
traffic_in,深圳市 福田区 人民检察院 指控 2014年3月 2 4日 16 时许 被告人   <e1>   张某   </e1>   来到 本市福田区皇岗吉龙一村88栋401房 将 一小包 白色 固体 晶体 和 两粒 红色 药丸 以 人民币 700 元 贩卖 给 李某凤 毒品 交易 完成 后 民警 将 被告人 张某 抓获 涉案 毒品 和 毒资 亦 被 缴获 经 鉴定 一小包 白色 固体 晶体 重 3.46克 从中 检出   <e2>   甲基苯丙胺   </e2>   两粒 红色 药丸 重 0.15 克 从中 检出 甲基苯丙胺 咖啡因,0
traffic_in,深圳市 福田区 人民检察院 指控 2014年3月 2 4日 16 时许 被告人   <e1>   张某   </e1>   来到 本市福田区皇岗吉龙一村88栋401房 将 一小包 白色 固体 晶体 和 两粒 红色 药丸 以 人民币 700 元 贩卖 给 李某凤 毒品 交易 完成 后 民警 将 被告人 张某 抓获 涉案 毒品 和 毒资 亦 被 缴获 经 鉴定 一小包 白色 固体 晶体 重 3.46克 从中 检出 甲基苯丙胺 两粒 红色 药丸 重 0.15 克 从中 检出 甲基苯丙胺   <e2>   咖啡因   </e2>  ,0
traffic_in,深圳市 福田区 人民检察院 指控 2014年3月 2 4日 16 时许 被告人   <e1>   张某   </e1>   来到 本市福田区皇岗吉龙一村88栋401房 将 一小包 白色 固体 晶体 和 两粒 红色 药丸 以 人民币 700 元 贩卖 给 李某凤 毒品 交易 完成 后 民警 将 被告人 张某 抓获 涉案 毒品 和 毒资 亦 被 缴获 经 鉴定 一小包 白色 固体 晶体 重 3.46克 从中 检出 甲基苯丙胺 两粒 红色 药丸 重 0.15 克 从中 检出   <e2>   甲基苯丙胺   </e2>   咖啡因,0
NA,深圳市 福田区 人民检察院 指控 2014年3月 2 4日 16 时许 被告人 张某 来到   <e1>   本市福田区皇岗吉龙一村88栋401房   </e1>   将 一小包 白色 固体 晶体 和 两粒 红色 药丸 以 人民币 700 元 贩卖 给 李某凤 毒品 交易 完成 后 民警 将 被告人 张某 抓获 涉案 毒品 和 毒资 亦 被 缴获 经 鉴定 一小包 白色 固   <e2>   3.46克   </e2>   . 4 6克 从中 检出 甲基苯丙胺 两粒 红色 药丸 重 0.15 克 从中 检出 甲基苯丙胺 咖啡因,4
NA,深圳市 福田区 人民检察院 指控 2014年3月 2 4日 16 时许 被告人 张某 来到 本市福田区皇岗吉龙一村88栋401房 将 一小包 白色 固体 晶体 和 两粒 红色 药丸 以 人民币 700 元 贩卖 给   <e1>   李某凤   </e1>   毒品 交易 完成 后 民警 将 被告人 张某 抓获 涉案 毒品 和 毒资 亦 被 缴获 经 鉴定 一小包 白色 固体 晶体 重 3.46克 从中 检出 甲基苯丙胺 两粒 红色 药丸 重 0.15 克 从中 检出 甲基苯丙胺   <e2>   咖啡因   </e2>  ,4
posess,广州市 海珠区 人民检察院 指控 被告人 许某甲 与 同案 人 孙文霞 另案处理 于 2015年5月 起 2015 年 6 月 2 4日 18 时许 民警 在 上址 抓获 被告人 许某甲 同案 人 孙某 甲 吸毒 人员 王某 杨某甲 杨某乙 刘某 吴某 并 在 上址 缴获 吸毒 工具 自制 吸壶 2 个 黑色 皮袋 1 个 电子称 1 个 及 大量 毒品 净重 4.74克 的 红色 药丸 45 颗 净重 0.75 克 的 白色晶体 1 小包 净重 3.67 克 的 白色晶体 1 瓶 净重 1.17 克 白色 粉末 1 小瓶 净重 124.99 克 的 白色晶体 1 包 净重 37.87 克 的 白色晶体 1 包 净重 5.13 克 的 红色 药丸 52 颗 净重 4.8 6克 的 红色 药丸 49 颗 净重 6.85 克 的 白色晶体 22 小包 以上 物品 均 检出   <e1>   甲基苯丙胺   </e1>   成分   <e2>   许某   </e2>   告人 许某甲 随身携带 的 黑色 挎包 内 缴获 毒品 净重 6.43 克 的 白色晶体 33 包 净重 2.54 克 的 蓝色 药丸 1 颗 净重 1.55 克 的 红色 药丸 40 颗 净重 1.8 1克 的 白色晶体 9 小包,2
NA,广州市 海珠区 人民检察院 指控 被告人 许某甲 与 同案 人 孙文霞 另案处理 于 2015年5月 起 2015 年 6 月 2 4日 18 时许 民警 在 上址 抓获 被告人 许某甲 同案 人 孙某 甲 吸毒 人员 王某 杨某甲 杨某乙   <e1>   刘某   </e1>   吴某 并 在 上址 缴获 吸毒 工具 自制 吸壶 2 个 黑色 皮袋 1 个 电子称 1 个 及 大量 毒   <e2>   4.74克   </e2>   . 74 克 的 红色 药丸 45 颗 净重 0.75 克 的 白色晶体 1 小包 净重 3.67 克 的 白色晶体 1 瓶 净重 1.17 克 白色 粉末 1 小瓶 净重 124.99 克 的 白色晶体 1 包 净重 37.87 克 的 白色晶体 1 包 净重 5.13 克 的 红色 药丸 52 颗 净重 4.8 6克 的 红色 药丸 49 颗 净重 6.85 克 的 白色晶体 22 小包 以上 物品 均 检出 甲基苯丙胺 成分 在 被告人 许某甲 随身携带 的 黑色 挎包 内 缴获 毒品 净重 6.43 克 的 白色晶体 33 包 净重 2.54 克 的 蓝色 药丸 1 颗 净重 1.55 克 的 红色 药丸 40 颗 净重 1.8 1克 的 白色晶体 9 小包,4
NA,广州市 海珠区 人民检察院 指控 被告人   <e1>   许某   </e1>   甲 与 同案 人 孙文霞 另案处理 于 2015年5月 起 2015 年 6 月 2 4日 18 时许 民警 在 上址 抓获 被告人 许某甲 同案 人 孙某 甲 吸毒人   <e2>   杨某甲   </e2>   杨某甲 杨某乙 刘某 吴某 并 在 上址 缴获 吸毒 工具 自制 吸壶 2 个 黑色 皮袋 1 个 电子称 1 个 及 大量 毒品 净重 4.74克 的 红色 药丸 45 颗 净重 0.75 克 的 白色晶体 1 小包 净重 3.67 克 的 白色晶体 1 瓶 净重 1.17 克 白色 粉末 1 小瓶 净重 124.99 克 的 白色晶体 1 包 净重 37.87 克 的 白色晶体 1 包 净重 5.13 克 的 红色 药丸 52 颗 净重 4.8 6克 的 红色 药丸 49 颗 净重 6.85 克 的 白色晶体 22 小包 以上 物品 均 检出 甲基苯丙胺 成分 在 被告人 许某甲 随身携带 的 黑色 挎包 内 缴获 毒品 净重 6.43 克 的 白色晶体 33 包 净重 2.54 克 的 蓝色 药丸 1 颗 净重 1.55 克 的 红色 药丸 40 颗 净重 1.8 1克 的 白色晶体 9 小包,4
sell_drugs_to,晋江市 人民检察院 指控 2015年3月19日3时 许 被告人   <e1>   邵某   </e1>   在 晋江市 磁灶 镇钱坡 村金 钻 娱乐 会所 门口 以 人民币 1200 元 的 价格 贩卖 3 包共重 2.23 克 的 毒品 甲基苯丙胺 冰毒 给   <e2>   李某某   </e2>   后 被 公安机关 抓获 公安机关 当场 查获 上述 毒品 现金 人民币 1200 元及 用于 联系 交易 的 红色 NOKIA 手机 1 部 案发后 上述 毒品 已 被 上缴 至 晋江市 禁毒 委员会 办公室,1
traffic_in,晋江市 人民检察院 指控 2015年3月19日3时 许 被告人   <e1>   邵某   </e1>   在 晋江市 磁灶 镇钱坡 村金 钻 娱乐 会所 门口 以 人民币 1200 元 的 价格 贩卖 3 包共重 2.23 克 的 毒品   <e2>   甲基苯丙胺   </e2>   冰毒 给 李某某 后 被 公安机关 抓获 公安机关 当场 查获 上述 毒品 现金 人民币 1200 元及 用于 联系 交易 的 红色 NOKIA 手机 1 部 案发后 上述 毒品 已 被 上缴 至 晋江市 禁毒 委员会 办公室,0
traffic_in,晋江市 人民检察院 指控 2015年3月19日3时 许 被告人   <e1>   邵某   </e1>   在 晋江市 磁灶 镇钱坡 村金 钻 娱乐 会所 门口 以 人民币 1200 元 的 价格 贩卖 3 包共重 2.23 克 的 毒品 甲基苯丙胺   <e2>   冰毒   </e2>   给 李某某 后 被 公安机关 抓获 公安机关 当场 查获 上述 毒品 现金 人民币 1200 元及 用于 联系 交易 的 红色 NOKIA 手机 1 部 案发后 上述 毒品 已 被 上缴 至 晋江市 禁毒 委员会 办公室,0
NA,晋江市 人民检察院 指控   <e1>   2015年3月19日3时   </e1>   许 被告人   <e2>   邵某   </e2>   在 晋江市 磁灶 镇钱坡 村金 钻 娱乐 会所 门口 以 人民币 1200 元 的 价格 贩卖 3 包共重 2.23 克 的 毒品 甲基苯丙胺 冰毒 给 李某某 后 被 公安机关 抓获 公安机关 当场 查获 上述 毒品 现金 人民币 1200 元及 用于 联系 交易 的 红色 NOKIA 手机 1 部 案发后 上述 毒品 已 被 上缴 至 晋江市 禁毒 委员会 办公室,4
NA,晋江市 人民检察院 指控 2015年3月19日3时 许 被告人 邵某 在   <e1>   晋江市 磁灶 镇钱坡 村金 钻 娱乐 会所 门   </e1>   口以 人民币 1200 元 的 价格 贩卖 3 包共重 2.23 克 的 毒品   <e2>   甲基苯丙胺   </e2>   冰毒 给 李某某 后 被 公安机关 抓获 公安机关 当场 查获 上述 毒品 现金 人民币 1200 元及 用于 联系 交易 的 红色 NOKIA 手机 1 部 案发后 上述 毒品 已 被 上缴 至 晋江市 禁毒 委员会 办公室,4
posess,陆丰市 人民检察院 指控 陆丰市 公安局 于 2016年8月24日上午9时 许对 本市 碣石镇玄武山 大酒店 执行 清查 任务 时 在 酒店 1412 房 抓获 被告人   <e1>   廖某甲   </e1>   从 其 随身携带 的 一个 蓝色 布料 制胸 包里 查获 一 圆形 塑料 小 盒内 有 结晶 状物 疑似 毒品 净重 3.4 克一 蓝色 小 铁盒 内 有用 蓝色 塑料袋 包装 的 疑似 毒品 颗粒状 药丸 137 颗 红色 135 颗 绿色 2 颗 净重 计 13.3 克及 三张 银行卡 现金 人民币 5500 元 在 房间 东南角 一 床头柜 上 查获 一 透明 封 口袋 袋内 装有 3 个 沾有 微量 疑似 毒品 的 封 口袋 在 房间 南侧 一 茶几 上 查获 白纸 一张 纸上 有 结晶状 疑似 毒品 3 小块 净重 计 1克 一 陶制 小 茶杯 杯里 有 疑似 毒品 呈 液体 状 净重 计 6.4 克及 吸毒 工具 一套 经 鉴定 缴获 的 疑似 毒品 均 检出   <e2>   甲基苯丙胺   </e2>   成分,2
NA,陆丰市 人民检察院 指控 陆丰市 公安局 于   <e1>   2016年8月24日上午9时   </e1>   许对 本市 碣石镇玄武山 大酒店 执行 清查 任务 时 在 酒店 1412 房 抓获 被告人 廖某甲 从 其 随身携带 的 一个 蓝色 布料 制胸 包里 查获 一 圆形 塑料 小 盒内 有 结晶 状物 疑似 毒品 净重 3.4 克一 蓝色 小 铁盒 内 有用 蓝色 塑料袋 包装 的 疑似 毒品 颗粒状 药丸 137 颗 红色 135 颗 绿色 2 颗 净重 计 13.3 克及 三张 银行卡 现金 人民币 5500 元 在 房间 东南角 一 床头柜 上 查获 一 透明 封 口袋 袋内 装有 3 个 沾有 微量 疑似 毒品 的 封 口袋 在 房间 南侧 一 茶几 上 查获 白纸 一张 纸上 有 结晶状 疑似 毒品 3 小块 净重 计   <e2>   1克   </e2>   一 陶制 小 茶杯 杯里 有 疑似 毒品 呈 液体 状 净重 计 6.4 克及 吸毒 工具 一套 经 鉴定 缴获 的 疑似 毒品 均 检出 甲基苯丙胺 成分,4
NA,陆丰市 人民检察院 指控 陆丰市 公安局 于 2016年8月24日上午9时 许对 本市   <e1>   碣石镇玄武山   </e1>   大酒店 执行 清查 任务 时 在 酒店 1412 房 抓   <e2>   廖某甲   </e2>   人 廖某甲 从 其 随身携带 的 一个 蓝色 布料 制胸 包里 查获 一 圆形 塑料 小 盒内 有 结晶 状物 疑似 毒品 净重 3.4 克一 蓝色 小 铁盒 内 有用 蓝色 塑料袋 包装 的 疑似 毒品 颗粒状 药丸 137 颗 红色 135 颗 绿色 2 颗 净重 计 13.3 克及 三张 银行卡 现金 人民币 5500 元 在 房间 东南角 一 床头柜 上 查获 一 透明 封 口袋 袋内 装有 3 个 沾有 微量 疑似 毒品 的 封 口袋 在 房间 南侧 一 茶几 上 查获 白纸 一张 纸上 有 结晶状 疑似 毒品 3 小块 净重 计 1克 一 陶制 小 茶杯 杯里 有 疑似 毒品 呈 液体 状 净重 计 6.4 克及 吸毒 工具 一套 经 鉴定 缴获 的 疑似 毒品 均 检出 甲基苯丙胺 成分,4
sell_drugs_to,公诉 机关 指控 2014 年 9 月 15 日 下午 17 时许 被告人 何某 和 吸毒 人员 焦某某 唐某某 在 本市 天海 宾馆 8378 号 房间 交易 完 毒品 后 被 侦查人员 当场 抓获 当场 从 被告人 何某 身上 扣缴 贩卖毒品 所得 毒资 八百元 人民币 从 购毒 人员   <e1>   焦某某   </e1>   唐某某 处 扣缴 刚   <e2>   何某   </e2>   告人 何某 手中 购买 的 二包 白色晶体 可疑 物经 鉴定 扣缴 的 二包 白色晶体 可疑 物 净重 1.8335 克 并 检出 甲基苯丙胺 成份 在 被告人 何某 及 购毒 人员 焦某某 唐某某 尿液 中 检出 甲基 安非他明 成份 公诉 机关 认为 被告人 的 行为 触犯 中华人民共和国 刑法 第三 百 四十七 条 第四款 之 规定 构成 贩卖毒品 罪 建议 法庭 判处 被告人 何某 有期徒刑 六个月 至 一年 六个月 并 处罚金,1
sell_drugs_to,公诉 机关 指控 2014 年 9 月 15 日 下午 17 时许 被告人 何某 和 吸毒 人员 焦某某 唐某某 在 本市 天海 宾馆 8378 号 房间 交易 完 毒品 后 被 侦查人员 当场 抓获 当场 从 被告人 何某 身上 扣缴 贩卖毒品 所得 毒资 八百元 人民币 从 购毒 人员 焦某某   <e1>   唐某某   </e1>   处 扣缴 刚   <e2>   何某   </e2>   告人 何某 手中 购买 的 二包 白色晶体 可疑 物经 鉴定 扣缴 的 二包 白色晶体 可疑 物 净重 1.8335 克 并 检出 甲基苯丙胺 成份 在 被告人 何某 及 购毒 人员 焦某某 唐某某 尿液 中 检出 甲基 安非他明 成份 公诉 机关 认为 被告人 的 行为 触犯 中华人民共和国 刑法 第三 百 四十七 条 第四款 之 规定 构成 贩卖毒品 罪 建议 法庭 判处 被告人 何某 有期徒刑 六个月 至 一年 六个月 并 处罚金,1
traffic_in,公诉 机关 指控 2014 年 9 月 15 日 下午 17 时许 被告人 何某 和 吸毒 人员 焦某某 唐某某 在 本市 天海 宾馆 8378 号 房间 交易 完 毒品 后 被 侦查人员 当场 抓获 当场 从 被告人 何某 身上 扣缴 贩卖毒品 所得 毒资 八百元 人民币 从 购毒 人员 焦某某 唐某某 处 扣缴 刚 从 被告人   <e1>   何某   </e1>   手中 购买 的 二包 白色晶体 可疑 物经 鉴定 扣缴 的 二包 白色晶体 可疑 物 净重 1.8335 克 并 检出   <e2>   甲基苯丙胺   </e2>   成份 在 被告人 何某 及 购毒 人员 焦某某 唐某某 尿液 中 检出 甲基 安非他明 成份 公诉 机关 认为 被告人 的 行为 触犯 中华人民共和国 刑法 第三 百 四十七 条 第四款 之 规定 构成 贩卖毒品 罪 建议 法庭 判处 被告人 何某 有期徒刑 六个月 至 一年 六个月 并 处罚金,0
NA,公诉 机关 指控 2014 年 9 月 15 日 下午 17 时许 被告人   <e1>   何某   </e1>   和 吸毒 人员   <e2>   唐某某   </e2>   唐某某 在 本市 天海 宾馆 8378 号 房间 交易 完 毒品 后 被 侦查人员 当场 抓获 当场 从 被告人 何某 身上 扣缴 贩卖毒品 所得 毒资 八百元 人民币 从 购毒 人员 焦某某 唐某某 处 扣缴 刚 从 被告人 何某 手中 购买 的 二包 白色晶体 可疑 物经 鉴定 扣缴 的 二包 白色晶体 可疑 物 净重 1.8335 克 并 检出 甲基苯丙胺 成份 在 被告人 何某 及 购毒 人员 焦某某 唐某某 尿液 中 检出 甲基 安非他明 成份 公诉 机关 认为 被告人 的 行为 触犯 中华人民共和国 刑法 第三 百 四十七 条 第四款 之 规定 构成 贩卖毒品 罪 建议 法庭 判处 被告人 何某 有期徒刑 六个月 至 一年 六个月 并 处罚金,4
NA,公诉 机关 指控 2014 年 9 月 15 日 下午 17 时许 被告人   <e1>   何某   </e1>   和 吸毒 人员 焦某某 唐某某 在 本市 天海 宾馆 8378 号 房间 交易 完 毒品 后 被 侦查人员 当场 抓获 当场 从 被告人 何某 身上 扣缴 贩卖毒品 所得 毒资 八百元 人民币 从 购毒 人员 焦某某 唐某某 处 扣缴 刚 从 被告人 何某 手中 购买 的 二包 白色晶体 可疑 物经 鉴定 扣缴 的 二包 白色晶体 可疑 物 净重 1.8335 克 并 检出 甲基苯丙胺 成份 在 被告人 何某 及 购毒 人员   <e2>   唐某某   </e2>   唐某某 尿液 中 检出 甲基 安非他明 成份 公诉 机关 认为 被告人 的 行为 触犯 中华人民共和国 刑法 第三 百 四十七 条 第四款 之 规定 构成 贩卖毒品 罪 建议 法庭 判处 被告人 何某 有期徒刑 六个月 至 一年 六个月 并 处罚金,4
sell_drugs_to,公诉 机关 指控 2013年12月6日16时 许 被告人   <e1>   潘某某   </e1>   到 福州市 晋安区 中庚 帝国 大苑 1 号楼 楼下 将 1.2克 的 冰毒 以 500 元 人民币 的 价格 贩卖 给   <e2>   廖某某   </e2>   后 被 公安机关 抓获 案发后 民警 从 被告人 潘某某 身上 提取 到 毒资 500 元 人民币 从 廖某某 处 提取 到 冰毒 两 小袋 净重 1.2克 经 鉴定 提取 到 的 毒品 中均 检出 甲基苯丙胺 成分,1
traffic_in,公诉 机关 指控 2013年12月6日16时 许 被告人   <e1>   潘某某   </e1>   到 福州市 晋安区 中庚 帝国 大苑 1 号楼 楼下 将 1.2克 的   <e2>   冰毒   </e2>   以 500 元 人民币 的 价格 贩卖 给 廖某某 后 被 公安机关 抓获 案发后 民警 从 被告人 潘某某 身上 提取 到 毒资 500 元 人民币 从 廖某某 处 提取 到 冰毒 两 小袋 净重 1.2克 经 鉴定 提取 到 的 毒品 中均 检出 甲基苯丙胺 成分,0
NA,公诉 机关 指控 2013年12月6日16时 许 被告人 潘某某 到 福州市 晋安区 中庚 帝国 大苑 1 号楼 楼下 将 1.2克 的 冰毒 以 500 元 人民币 的 价格 贩卖 给   <e1>   廖某某   </e1>   后 被 公安机关 抓获 案发后 民警 从 被告人 潘某某 身上 提取 到 毒资 500 元 人民币 从 廖某某 处 提取 到   <e2>   冰毒   </e2>   两 小袋 净重 1.2克 经 鉴定 提取 到 的 毒品 中均 检出 甲基苯丙胺 成分,4
NA,公诉 机关 指控   <e1>   2013年12月6日16时   </e1>   许 被告人 潘某某 到 福州市 晋安区 中庚 帝国 大苑 1 号   <e2>   1.2克   </e2>   1.2克 的 冰毒 以 500 元 人民币 的 价格 贩卖 给 廖某某 后 被 公安机关 抓获 案发后 民警 从 被告人 潘某某 身上 提取 到 毒资 500 元 人民币 从 廖某某 处 提取 到 冰毒 两 小袋 净重 1.2克 经 鉴定 提取 到 的 毒品 中均 检出 甲基苯丙胺 成分,4
sell_drugs_to,上林县 人民检察院 指控 2016 年 5 月 4日 5 月 13 日 5 月 1 4日 被告人   <e1>   石某某   </e1>   分别 将 1 小包 毒品 海洛因 贩卖 给 吸毒 人员   <e2>   蓝某   </e2>   2016 年 5 月 16 日 下午 石某某 在 上林县 乔贤镇 龙华 街 与 蓝某 进行 毒品 交易 时 被 公安机关 当场 抓获 公安民警 从 石某某 身上 查获 毒品 疑似 物 19 小包 共 净重 0.7 克及 毒资 人民币 100 元经 鉴定 从 石某某 处 查获 的 毒品 可疑 物中 检出 海洛因 对 指控 的 事实 公诉 机关 向 法庭 宣读 和 出示 了 书证 证人 证言 被告人 的 供述 与 辩解 鉴定 意见 辨认 笔录 及 指认 照片 现场 方位 示意图 等 证据 据此 认为 被告人 石某某 明知 是 毒品 而 多次 贩卖 情节严重 其 行为 触犯 了 中华人民共和国 刑法 第三 百 四十七 条 第四款 的 规定 构成 贩卖毒品 罪 提请 本院 依法 判处 被告人 石某某 对 公诉 机关 指控 的 犯罪事实 及 罪名 没有 异议,1
traffic_in,上林县 人民检察院 指控 2016 年 5 月 4日 5 月 13 日 5 月 1 4日 被告人   <e1>   石某某   </e1>   分别 将 1 小包 毒品   <e2>   海洛因   </e2>   贩卖 给 吸毒 人员 蓝某 2016 年 5 月 16 日 下午 石某某 在 上林县 乔贤镇 龙华 街 与 蓝某 进行 毒品 交易 时 被 公安机关 当场 抓获 公安民警 从 石某某 身上 查获 毒品 疑似 物 19 小包 共 净重 0.7 克及 毒资 人民币 100 元经 鉴定 从 石某某 处 查获 的 毒品 可疑 物中 检出 海洛因 对 指控 的 事实 公诉 机关 向 法庭 宣读 和 出示 了 书证 证人 证言 被告人 的 供述 与 辩解 鉴定 意见 辨认 笔录 及 指认 照片 现场 方位 示意图 等 证据 据此 认为 被告人 石某某 明知 是 毒品 而 多次 贩卖 情节严重 其 行为 触犯 了 中华人民共和国 刑法 第三 百 四十七 条 第四款 的 规定 构成 贩卖毒品 罪 提请 本院 依法 判处 被告人 石某某 对 公诉 机关 指控 的 犯罪事实 及 罪名 没有 异议,0
NA,上林县 人民检察院 指控 2016 年 5 月 4日 5 月 13 日 5 月 1 4日 被告人 石某某 分别 将 1 小包 毒品 海洛因 贩卖 给 吸毒 人员 蓝某 2016 年 5 月 16 日 下午 石某某 在 上林县 乔贤镇 龙华 街 与   <e1>   蓝某   </e1>   进行 毒品 交易 时 被 公安机关 当场 抓获 公安民警 从 石某某 身上 查获 毒品 疑似 物 19 小包 共 净重 0.7 克及 毒资 人民币 100 元经 鉴定 从 石某某 处 查获 的 毒品 可疑 物中 检出 海洛因 对 指控 的 事实 公诉 机关 向 法庭 宣读 和 出示 了 书证 证人 证言 被告人 的 供述 与 辩解 鉴定 意见 辨认 笔录 及 指认 照片 现场 方位 示意图 等 证据 据此 认为   <e2>   石某某   </e2>   人 石某某 明知 是 毒品 而 多次 贩卖 情节严重 其 行为 触犯 了 中华人民共和国 刑法 第三 百 四十七 条 第四款 的 规定 构成 贩卖毒品 罪 提请 本院 依法 判处 被告人 石某某 对 公诉 机关 指控 的 犯罪事实 及 罪名 没有 异议,4
NA,上林县 人民检察院 指控 2016 年 5 月 4日 5 月 13 日 5 月 1 4日 被告人 石某某 分别 将 1 小包 毒品 海洛因 贩卖 给 吸毒 人员   <e1>   蓝某   </e1>   2016 年 5 月 16 日 下午 石某某 在 上林县 乔贤镇 龙华 街 与   <e2>   蓝某   </e2>   进行 毒品 交易 时 被 公安机关 当场 抓获 公安民警 从 石某某 身上 查获 毒品 疑似 物 19 小包 共 净重 0.7 克及 毒资 人民币 100 元经 鉴定 从 石某某 处 查获 的 毒品 可疑 物中 检出 海洛因 对 指控 的 事实 公诉 机关 向 法庭 宣读 和 出示 了 书证 证人 证言 被告人 的 供述 与 辩解 鉴定 意见 辨认 笔录 及 指认 照片 现场 方位 示意图 等 证据 据此 认为 被告人 石某某 明知 是 毒品 而 多次 贩卖 情节严重 其 行为 触犯 了 中华人民共和国 刑法 第三 百 四十七 条 第四款 的 规定 构成 贩卖毒品 罪 提请 本院 依法 判处 被告人 石某某 对 公诉 机关 指控 的 犯罪事实 及 罪名 没有 异议,4
sell_drugs_to,鹰潭市 人民检察院 指控 2014 年 5 月 23 日 下午 涉毒 人员   <e1>   谢某   </e1>   另案处理 因 需要 毒品 抵押 赌债 便   <e2>   陈某甲   </e2>   人 陈某甲 取得联系 要求 从 陈某甲 处 购买 毒品 两人 约定 在 鹰潭市 院里 路 米莱 酒店 附近 见面 两人 在 院里 路 十字路口 见面 后 陈某甲 上 了 谢某 的 车 在 车上 谢某 将 10000 元 现金 交给 陈某甲 并 对 陈某甲 说 除去 其 所欠 的 钱 之外 剩下 的 钱 向 陈某甲 购买 毒品 陈某甲 拿到 钱后 称 毒品 未带 在 身上 叫 谢某 开车 去 其 住处 拿 毒品 谢某 便 驾车 带 着 陈某甲 前往 陈某甲 位于 鹰潭市 月湖区 二化廉 住房 小区 28 栋 2 单元 3 楼 的 住处 在 陈某甲 的 住处 陈某甲 将 31.429 克 甲基苯丙胺 冰毒 交给 谢某 谢某 拿到 毒品 后 未 称重 就 独自一人 驾车 回 了 余江 次日 余江县 公安局 民警 在 余江县 邓埠镇 将 谢某 抓获,1
traffic_in,鹰潭市 人民检察院 指控 2014 年 5 月 23 日 下午 涉毒 人员 谢某 另案处理 因 需要 毒品 抵押 赌债 便 与 被告人 陈某甲 取得联系 要求 从 陈某甲 处 购买 毒品 两人 约定 在 鹰潭市 院里 路 米莱 酒店 附近 见面 两人 在 院里 路 十字路口 见面 后 陈某甲 上 了 谢某 的 车 在 车上 谢某 将 10000 元 现金 交给 陈某甲 并 对 陈某甲 说 除去 其 所欠 的 钱 之外 剩下 的 钱 向 陈某甲 购买 毒品 陈某甲 拿到 钱后 称 毒品 未带 在 身上 叫 谢某 开车 去 其 住处 拿 毒品 谢某 便 驾车 带 着 陈某甲 前往 陈某甲 位于 鹰潭市 月湖区 二化廉 住房 小区 28 栋 2 单元 3 楼 的 住处 在 陈某甲 的 住处   <e1>   陈某甲   </e1>   将 31.429 克   <e2>   甲基苯丙胺   </e2>   冰毒 交给 谢某 谢某 拿到 毒品 后 未 称重 就 独自一人 驾车 回 了 余江 次日 余江县 公安局 民警 在 余江县 邓埠镇 将 谢某 抓获,0
traffic_in,鹰潭市 人民检察院 指控 2014 年 5 月 23 日 下午 涉毒 人员 谢某 另案处理 因 需要 毒品 抵押 赌债 便 与 被告人 陈某甲 取得联系 要求 从 陈某甲 处 购买 毒品 两人 约定 在 鹰潭市 院里 路 米莱 酒店 附近 见面 两人 在 院里 路 十字路口 见面 后 陈某甲 上 了 谢某 的 车 在 车上 谢某 将 10000 元 现金 交给 陈某甲 并 对 陈某甲 说 除去 其 所欠 的 钱 之外 剩下 的 钱 向 陈某甲 购买 毒品 陈某甲 拿到 钱后 称 毒品 未带 在 身上 叫 谢某 开车 去 其 住处 拿 毒品 谢某 便 驾车 带 着 陈某甲 前往 陈某甲 位于 鹰潭市 月湖区 二化廉 住房 小区 28 栋 2 单元 3 楼 的 住处 在 陈某甲 的 住处   <e1>   陈某甲   </e1>   将 31.429 克 甲基苯丙胺   <e2>   冰毒   </e2>   交给 谢某 谢某 拿到 毒品 后 未 称重 就 独自一人 驾车 回 了 余江 次日 余江县 公安局 民警 在 余江县 邓埠镇 将 谢某 抓获,0
NA,鹰潭市 人民检察院 指控 2014 年 5 月 23 日 下午 涉毒 人员 谢某 另案处理 因 需要 毒品 抵押 赌债 便 与 被告人   <e1>   陈某甲   </e1>   取得联系 要求 从 陈某甲 处 购买 毒品 两人 约定 在 鹰潭市 院里 路 米莱 酒店 附近 见面 两人 在 院里 路 十字路口 见面 后 陈某甲 上 了 谢某 的 车 在 车上 谢某 将 10000 元 现金 交给 陈某甲 并 对 陈某甲 说 除去 其 所欠 的 钱 之外 剩下 的 钱 向 陈某甲 购买 毒品 陈某甲 拿到 钱后 称 毒品 未带 在 身上 叫 谢某 开车 去 其 住处 拿 毒品 谢某 便 驾车 带 着 陈某甲 前往 陈某甲 位于 鹰潭市 月湖区 二化廉 住房 小区 28 栋 2 单元 3 楼 的 住处 在 陈某甲 的 住处 陈某甲 将 31.429 克 甲基   <e2>   冰毒   </e2>   胺 冰毒 交给 谢某 谢某 拿到 毒品 后 未 称重 就 独自一人 驾车 回 了 余江 次日 余江县 公安局 民警 在 余江县 邓埠镇 将 谢某 抓获,4
NA,鹰潭市 人民检察院 指控 2014 年 5 月 23 日 下午 涉毒 人员 谢某 另案处理 因 需要 毒品 抵押 赌债 便 与 被告人 陈某甲 取得联系 要求 从 陈某甲 处 购买 毒品 两人 约定 在 鹰潭市 院里 路 米莱 酒店 附近 见面 两人 在 院里 路 十字路口 见面 后 陈某甲 上 了 谢某 的 车 在 车上 谢某 将 10000 元 现金 交给   <e1>   陈某甲   </e1>   并 对 陈某甲 说 除去 其 所欠 的 钱 之外 剩下 的 钱 向 陈某甲 购买 毒品 陈某甲 拿到 钱后 称 毒品 未带 在 身上 叫 谢某 开车 去 其 住处 拿 毒品 谢某 便 驾车 带 着 陈某甲 前往 陈某甲 位于 鹰潭市 月湖区 二化廉 住房 小区 28 栋 2 单元 3 楼 的 住处 在 陈某甲 的 住处   <e2>   陈某甲   </e2>   将 31.429 克 甲基苯丙胺 冰毒 交给 谢某 谢某 拿到 毒品 后 未 称重 就 独自一人 驾车 回 了 余江 次日 余江县 公安局 民警 在 余江县 邓埠镇 将 谢某 抓获,4
posess,武汉市 江岸区 人民检察院 指控 2013年11月28日晚9时 许 武汉市公安局 硚口区 分局 的 民警 在 本市 江岸区 常阳 永清 城 5 栋 1 单元 2303 号 被告人   <e1>   杨某   </e1>   的 租住 地 查获 一 长方形 的 红色 烟盒 内 装有 疑似 毒品 的 四个 塑料袋 一个 塑料盒 装 红色 片剂 和 塑料袋 装 白色晶体 颗粒 两包 经 鉴定 上述 毒品 疑似 物均 为 毒品   <e2>   甲基苯丙胺   </e2>   共重 49.45克,2
NA,武汉市 江岸区 人民检察院 指控   <e1>   2013年11月28日晚9时   </e1>   许 武汉市公安局 硚口区 分局 的 民警 在 本市 江岸区 常阳 永清 城 5 栋 1 单元 2303 号 被告人 杨某 的 租住 地 查获 一 长方形 的 红色 烟盒 内 装有 疑似 毒品 的 四个 塑料袋 一个 塑料盒 装 红色 片剂 和 塑料袋 装 白色晶体 颗粒 两包 经 鉴定 上述 毒品 疑似 物均 为 毒品   <e2>   甲基苯丙胺   </e2>   共重 49.45克,4
NA,武汉市 江岸区 人民检察院 指控 2013年11月28日晚9时 许 武汉市公安局 硚口区 分局 的 民警 在 本市 江岸区 常阳 永清 城 5 栋 1 单元 2303 号 被告人   <e1>   杨某   </e1>   的 租住 地 查获 一 长方形 的 红色 烟盒 内 装有 疑似 毒品 的 四个 塑料袋 一个 塑料盒 装 红色 片剂 和 塑料袋 装 白色晶体 颗粒 两包 经 鉴定 上述 毒品 疑似 物均 为 毒品 甲基 苯丙   <e2>   49.45克   </e2>   . 45 克,4
traffic_in,公诉 机关 指控 2016 年 4 月 15 日 17 时许 吸毒 人员 钟某 电话 联系 被告人 毛某某 购买 毒品 二人 约定 在 龙泉驿区 香水 城 小区 2 栋 1 单元 803 号 房间 交易 当日18时 许 被告人   <e1>   毛某某   </e1>   到达 上述 约定 地点 将 疑似   <e2>   冰毒   </e2>   的 一 小袋 无色 透明 晶体 净重 1.73克 以 人民币 200 元 的 价格 贩卖 给 钟某 二人 完成 交易 后 被 公安机关 现场 挡 获 公安机关 从 被告人 毛某某 处 查获 毒资 人民币 200 元 从 钟某 处 查获 购买 的 上述 白色晶体 经 鉴定 查获 的 无色 透明 晶体 含有 甲基苯丙胺 成分 毒资及 涉案 毒品 由 成都市 公安局 龙泉驿区 分局 保管,0
sell_drugs_to,公诉 机关 指控 2016 年 4 月 15 日 17 时许 吸毒 人员 钟某 电话 联系 被告人 毛某某 购买 毒品 二人 约定 在 龙泉驿区 香水 城 小区 2 栋 1 单元 803 号 房间 交易 当日18时 许 被告人   <e1>   毛某某   </e1>   到达 上述 约定 地点 将 疑似 冰毒 的 一 小袋 无色 透明 晶体 净重 1.73克 以 人民币 200 元 的 价格 贩卖 给   <e2>   钟某   </e2>   二人 完成 交易 后 被 公安机关 现场 挡 获 公安机关 从 被告人 毛某某 处 查获 毒资 人民币 200 元 从 钟某 处 查获 购买 的 上述 白色晶体 经 鉴定 查获 的 无色 透明 晶体 含有 甲基苯丙胺 成分 毒资及 涉案 毒品 由 成都市 公安局 龙泉驿区 分局 保管,1
NA,公诉 机关 指控 2016 年 4 月 15 日 17 时许 吸毒 人员 钟某 电话 联系 被告人   <e1>   毛某某   </e1>   购买 毒品 二人 约定 在 龙泉驿区 香水 城 小区 2 栋 1 单元 803 号 房间 交易 当日18时 许 被告人 毛某某 到达 上述 约定 地点 将 疑似 冰毒 的 一 小袋 无色 透明 晶体 净重   <e2>   1.73克   </e2>   以 人民币 200 元 的 价格 贩卖 给 钟某 二人 完成 交易 后 被 公安机关 现场 挡 获 公安机关 从 被告人 毛某某 处 查获 毒资 人民币 200 元 从 钟某 处 查获 购买 的 上述 白色晶体 经 鉴定 查获 的 无色 透明 晶体 含有 甲基苯丙胺 成分 毒资及 涉案 毒品 由 成都市 公安局 龙泉驿区 分局 保管,4
NA,公诉 机关 指控 2016 年 4 月 15 日 17 时许 吸毒 人员 钟某 电话 联系 被告人 毛某某 购买 毒品 二人 约定 在 龙泉驿区 香水 城 小区 2 栋 1 单元 803 号 房间 交易   <e1>   当日18时   </e1>   许 被告人 毛某某 到达 上述 约定 地点 将 疑似   <e2>   冰毒   </e2>   的 一 小袋 无色 透明 晶体 净重 1.73克 以 人民币 200 元 的 价格 贩卖 给 钟某 二人 完成 交易 后 被 公安机关 现场 挡 获 公安机关 从 被告人 毛某某 处 查获 毒资 人民币 200 元 从 钟某 处 查获 购买 的 上述 白色晶体 经 鉴定 查获 的 无色 透明 晶体 含有 甲基苯丙胺 成分 毒资及 涉案 毒品 由 成都市 公安局 龙泉驿区 分局 保管,4
sell_drugs_to,台山市 人民检察院 指控 2014年2月19日16时 许 被告人   <e1>   黄某某   </e1>   通过 电话 与 吸毒 人员   <e2>   吴某某   </e2>   联系 好 贩卖毒品 事宜 后 驾驶 摩托车 去 到 台山市台城城北新意网吧门 口处 贩卖毒品 1 小包 给 吴某某 非法 得款 100 元 交易 完毕 后 被 台山市 公安局 民警 当场 抓获 从 被告人 黄某某 身上 缴获 毒资 100 元及 手机 1 台 从 吴某某 身上 缴获 其刚 向 被告人 黄某某 购买 的 毒品 1 小包 重 0.1克 经 检验 检出 海洛因 成分,1
traffic_in,台山市 人民检察院 指控 2014年2月19日16时 许 被告人 黄某某 通过 电话 与 吸毒 人员 吴某某 联系 好 贩卖毒品 事宜 后 驾驶 摩托车 去 到 台山市台城城北新意网吧门 口处 贩卖毒品 1 小包 给 吴某某 非法 得款 100 元 交易 完毕 后 被 台山市 公安局 民警 当场 抓获 从 被告人 黄某某 身上 缴获 毒资 100 元及 手机 1 台 从 吴某某 身上 缴获 其刚 向 被告人   <e1>   黄某某   </e1>   购买 的 毒品 1 小包 重 0.1克 经 检验 检出   <e2>   海洛因   </e2>   成分,0
NA,台山市 人民检察院 指控   <e1>   2014年2月19日16时   </e1>   许 被告人 黄某某 通过 电话 与 吸毒 人员 吴某某 联系 好 贩卖毒品 事宜 后 驾驶 摩托车 去 到 台山市台城城北新意网吧门 口处 贩卖毒品 1 小包 给 吴某某 非法 得款 100 元 交易 完毕 后 被 台山市 公安局 民警 当场 抓获 从 被告人 黄某某 身上 缴获 毒资 100 元及 手机 1 台 从 吴某某 身上 缴获 其刚 向 被告人   <e2>   黄某某   </e2>   购买 的 毒品 1 小包 重 0.1克 经 检验 检出 海洛因 成分,4
NA,台山市 人民检察院 指控   <e1>   2014年2月19日16时   </e1>   许 被告人 黄某某 通过 电话 与 吸毒 人员 吴某某 联系 好 贩卖毒品 事宜 后 驾驶 摩   <e2>   台山市台城城北新意网吧门   </e2>   意 网吧 门口 处 贩卖毒品 1 小包 给 吴某某 非法 得款 100 元 交易 完毕 后 被 台山市 公安局 民警 当场 抓获 从 被告人 黄某某 身上 缴获 毒资 100 元及 手机 1 台 从 吴某某 身上 缴获 其刚 向 被告人 黄某某 购买 的 毒品 1 小包 重 0.1克 经 检验 检出 海洛因 成分,4
traffic_in,公诉 机关 指控 1.2016 年 1 月 6 日 上午 10 时 左右 被告人   <e1>   阿某某某   </e1>   赊 50 元 钱 的 毒品   <e2>   海洛因   </e2>   给 吸毒 人员 赵某某,0
sell_drugs_to,公诉 机关 指控 1.2016 年 1 月 6 日 上午 10 时 左右 被告人   <e1>   阿某某某   </e1>   赊 50 元 钱 的 毒品 海洛因 给 吸毒 人员   <e2>   赵某某   </e2>  ,1
NA,公诉 机关 指控 1.2016 年 1 月 6 日 上午 10 时 左右 被告人 阿某某某 赊 50 元 钱 的 毒品   <e1>   海洛因   </e1>   给 吸毒 人员   <e2>   赵某某   </e2>  ,4
NA,公诉 机关 指控 1.2016 年 1 月 6 日 上午 10 时 左右 被告人   <e1>   阿某某某   </e1>   赊 50 元 钱 的 毒品   <e2>   海洛因   </e2>   给 吸毒 人员 赵某某,4
sell_drugs_to,经 审理 查明 2016 年 3 月 4日 购毒 人员 王某 电话 联系 被告人 张某某 求购 人民币 5700 元 的 毒品 张某某 表示同意 并 提供 一个 中国农业银行 账户 户名 蔡某 账号 为 62 xx xx xx xx xx xx xx x76 给 王某 让 其 先 存入 人民币 1000 元 作为 购毒 定金 王某 按照 张某某 的 要求 将 钱 存入 指定 账户 后 便 致电 约 张某某 见面 进行 毒品 交易 同日 12 时许 因 王某 未能 提供 足额 毒品 交易 款故   <e1>   张某某   </e1>   在 海口市琼山区海府路大众海府路天然气加气站旁的厕所内 将 其 身上 携带 的 毒品 重新 分装 成 3 包 毒品 后以 人民币 3800 元 的 价格 贩卖 2 包 毒品 给   <e2>   王某   </e2>   交易 完毕 后 张某某 走出 厕所 门口 发现 公安民警 守候 便 将 身上 的 1 包 毒品 扔回 厕所 地板 上 随后 张某某 被 公安民警 当场 抓获 从 张某某 身上 缴获 毒资 人民币 3800 元及 手机 一部 从 王某 身上 缴获 2 包 毒品 经 海口市 公安 司法鉴定 中心 鉴定 从 王某 身上 缴获 的 2 包 毒品 净重 3.3223 克 张某某 扔 在 地板 上 的 1 包 毒品 净重 3.1860 克均 检出 海洛因 成分,1
traffic_in,经 审理 查明 2016 年 3 月 4日 购毒 人员 王某 电话 联系 被告人 张某某 求购 人民币 5700 元 的 毒品 张某某 表示同意 并 提供 一个 中国农业银行 账户 户名 蔡某 账号 为 62 xx xx xx xx xx xx xx x76 给 王某 让 其 先 存入 人民币 1000 元 作为 购毒 定金 王某 按照 张某某 的 要求 将 钱 存入 指定 账户 后 便 致电 约 张某某 见面 进行 毒品 交易 同日 12 时许 因 王某 未能 提供 足额 毒品 交易 款故 张某某 在 海口市琼山区海府路大众海府路天然气加气站旁的厕所内 将 其 身上 携带 的 毒品 重新 分装 成 3 包 毒品 后以 人民币 3800 元 的 价格 贩卖 2 包 毒品 给 王某 交易 完毕 后 张某某 走出 厕所 门口 发现 公安民警 守候 便 将 身上 的 1 包 毒品 扔回 厕所 地板 上 随后 张某某 被 公安民警 当场 抓获 从 张某某 身上 缴获 毒资 人民币 3800 元及 手机 一部 从 王某 身上 缴获 2 包 毒品 经 海口市 公安 司法鉴定 中心 鉴定 从 王某 身上 缴获 的 2 包 毒品 净重 3.3223 克   <e1>   张某某   </e1>   扔 在 地板 上 的 1 包 毒品 净重 3.1860 克均 检出   <e2>   海洛因   </e2>   成分,0
NA,经 审理 查明 2016 年 3 月 4日 购毒 人员 王某 电话 联系 被告人 张某某 求购 人民币 5700 元 的 毒品 张某某 表示同意 并 提供 一个 中国农业银行 账户 户名 蔡某 账号 为 62 xx xx xx xx xx xx xx x76 给 王某 让 其 先 存入 人民币 1000 元 作为 购毒 定金 王某 按照 张某某 的 要求 将 钱 存入 指定 账户 后 便 致电 约 张某某 见面 进行 毒品 交易 同日 12 时许 因   <e1>   王某   </e1>   未能 提供 足额 毒品 交易 款故 张某某 在 海口市琼山区海府路大众海府路天然气加气站旁的厕所内 将 其 身上 携带 的 毒品 重新 分装 成 3 包 毒品 后以 人民币 3800 元 的 价格 贩卖 2 包 毒品 给 王某 交易 完毕 后 张某某 走出 厕所 门口 发现 公安民警 守候 便 将 身上 的 1 包 毒品 扔回 厕所 地板 上 随后 张某某 被 公安民警 当场 抓获 从 张某某 身上 缴获 毒资 人民币 3800 元及 手机 一部 从   <e2>   王某   </e2>   身上 缴获 2 包 毒品 经 海口市 公安 司法鉴定 中心 鉴定 从 王某 身上 缴获 的 2 包 毒品 净重 3.3223 克 张某某 扔 在 地板 上 的 1 包 毒品 净重 3.1860 克均 检出 海洛因 成分,4
NA,经 审理 查明 2016 年 3 月 4日 购毒 人员 王某 电话 联系 被告人 张某某 求购 人民币 5700 元 的 毒品 张某某 表示同意 并 提供 一个 中国农业银行 账户 户名 蔡某 账号 为 62 xx xx xx xx xx xx xx x76 给   <e1>   王某   </e1>   让 其 先 存入 人民币 1000 元 作为 购毒 定金 王某 按照 张某某 的 要求 将 钱 存入 指定 账户 后 便 致电 约 张某某 见面 进行 毒品 交易 同日 12 时许 因 王某 未能 提供 足额 毒品 交易 款故   <e2>   海口市琼山区海府路大众海府路天然气加气站旁的厕所内   </e2>   的 厕所 内 将 其 身上 携带 的 毒品 重新 分装 成 3 包 毒品 后以 人民币 3800 元 的 价格 贩卖 2 包 毒品 给 王某 交易 完毕 后 张某某 走出 厕所 门口 发现 公安民警 守候 便 将 身上 的 1 包 毒品 扔回 厕所 地板 上 随后 张某某 被 公安民警 当场 抓获 从 张某某 身上 缴获 毒资 人民币 3800 元及 手机 一部 从 王某 身上 缴获 2 包 毒品 经 海口市 公安 司法鉴定 中心 鉴定 从 王某 身上 缴获 的 2 包 毒品 净重 3.3223 克 张某某 扔 在 地板 上 的 1 包 毒品 净重 3.1860 克均 检出 海洛因 成分,4
sell_drugs_to,新干县 人民检察院 指控 2013年3月 11 日 晚上 被告人 杨某某1 从 新干县 大洋洲 镇 来到 新干县 城 入住 在 刘某某 另案处理 已 预订 好 的 城南 金某 宾馆 403 房 3月12日24时 许 刘某某 驾驶 浙 CYZ9 XX 黑色 现代 小轿车 在 金 某 宾馆 将 杨某某1 接走 在 县城 闲逛 直至 13 日 凌晨 1 时许 刘某某 下车 后 将 浙 CYZ9 XX 黑色 现代 小轿车 交给 杨某某1 驾驶 并 叮嘱 杨某某1 晚上 不要 开车 乱逛 要 将 车 停 在 偏僻 处 车内 有 重要 物品 杨某某1 驾车 回到 金某 宾馆 休息 将车 停放在 金某 宾馆 北侧 人行道 的 树荫 底下 凌晨 2 时许 被告人   <e1>   杨某某   </e1>   1 接 谢某某 电话 后 驾驶 该车 来到 奥宝 宾馆 门口 与 谢某某 见面 给 了   <e2>   谢某某   </e2>   麻古 200 粒 之后 杨某某1 驾驶 车辆 返回 并 将 车辆 停放在 偏僻 处 再 步行 回金 某 宾馆 休息 凌晨 3 时许 杨某某1 因 口渴 从金 某 宾馆 下来 来到 浙 CYZ9 XX 黑色 现代 小轿车 内 拿 东西 吃 时 发现 车内 有 一个 袋子 猜想 是 刘某某 所说 的 重要 物品 于是 将 该 袋子 挪到 车内 隐蔽处 关上 车门 回金 某 宾馆 休息 凌晨 3 时 50 分许 杨某某1 接到 刘某某 要求 接送 的 电话 遂 从 金 某 宾馆 朝 停车 的 地方 行走 不久 被 特 巡警 人员 发现 并 遭 盘查 特 巡警 人员 通过 杨某某1 携带 的 一个 车 钥匙 查找 到 浙 CYZ9 XX 黑色 现代 轿车 发现 该车 内放 有 一 包裹 予以 扣押 经 鉴定 所 缴获 的 包裹 内 物品 疑似 毒品 麻古 中 检出 甲基苯丙胺 和 咖啡因 成分 净重 为 561.4814 克 甲基苯丙胺 含量 为 14.87 针对 上述事实 公诉 机关 向 法庭 提供 了 相应 证据 予以 证实 指控 被告人 杨某某1 的 行为 构成 非法 持有 毒品 罪且 被告人 杨某某1 具有 毒品 再犯 累犯 情节 应 依照 中华人民共和国 刑法 第三 百 四十八条 第 三百五十六 条 第六十五条 第一款 之 规定 予以 惩处,1
traffic_in,新干县 人民检察院 指控 2013年3月 11 日 晚上 被告人 杨某某1 从 新干县 大洋洲 镇 来到 新干县 城 入住 在 刘某某 另案处理 已 预订 好 的 城南 金某 宾馆 403 房 3月12日24时 许 刘某某 驾驶 浙 CYZ9 XX 黑色 现代 小轿车 在 金 某 宾馆 将 杨某某1 接走 在 县城 闲逛 直至 13 日 凌晨 1 时许 刘某某 下车 后 将 浙 CYZ9 XX 黑色 现代 小轿车 交给 杨某某1 驾驶 并 叮嘱 杨某某1 晚上 不要 开车 乱逛 要 将 车 停 在 偏僻 处 车内 有 重要 物品 杨某某1 驾车 回到 金某 宾馆 休息 将车 停放在 金某 宾馆 北侧 人行道 的 树荫 底下 凌晨 2 时许 被告人   <e1>   杨某某   </e1>   1 接 谢某某 电话 后 驾驶 该车 来到 奥宝 宾馆 门口 与 谢某某 见面 给 了 谢某某   <e2>   麻古   </e2>   200 粒 之后 杨某某1 驾驶 车辆 返回 并 将 车辆 停放在 偏僻 处 再 步行 回金 某 宾馆 休息 凌晨 3 时许 杨某某1 因 口渴 从金 某 宾馆 下来 来到 浙 CYZ9 XX 黑色 现代 小轿车 内 拿 东西 吃 时 发现 车内 有 一个 袋子 猜想 是 刘某某 所说 的 重要 物品 于是 将 该 袋子 挪到 车内 隐蔽处 关上 车门 回金 某 宾馆 休息 凌晨 3 时 50 分许 杨某某1 接到 刘某某 要求 接送 的 电话 遂 从 金 某 宾馆 朝 停车 的 地方 行走 不久 被 特 巡警 人员 发现 并 遭 盘查 特 巡警 人员 通过 杨某某1 携带 的 一个 车 钥匙 查找 到 浙 CYZ9 XX 黑色 现代 轿车 发现 该车 内放 有 一 包裹 予以 扣押 经 鉴定 所 缴获 的 包裹 内 物品 疑似 毒品 麻古 中 检出 甲基苯丙胺 和 咖啡因 成分 净重 为 561.4814 克 甲基苯丙胺 含量 为 14.87 针对 上述事实 公诉 机关 向 法庭 提供 了 相应 证据 予以 证实 指控 被告人 杨某某1 的 行为 构成 非法 持有 毒品 罪且 被告人 杨某某1 具有 毒品 再犯 累犯 情节 应 依照 中华人民共和国 刑法 第三 百 四十八条 第 三百五十六 条 第六十五条 第一款 之 规定 予以 惩处,0
NA,新干县 人民检察院 指控 2013年3月 11 日 晚上 被告人 杨某某1 从 新干县 大洋洲 镇 来到 新干县 城 入住 在 刘某某 另案处理 已 预订 好 的 城南 金某 宾馆 403 房   <e1>   3月12日24时   </e1>   许 刘某某 驾驶 浙 CYZ9 XX 黑色 现代 小轿车 在 金 某 宾馆 将 杨某某1 接走 在 县城 闲逛 直至 13 日 凌晨 1 时许 刘某某 下车 后 将 浙 CYZ9 XX 黑色 现代 小轿车 交给 杨某某1 驾驶 并 叮嘱 杨某某1 晚上 不要 开车 乱逛 要 将 车 停 在 偏僻 处 车内 有 重要 物品 杨某某1 驾车 回到 金某 宾馆 休息 将车 停放在 金某 宾馆 北侧 人行道 的 树荫 底下 凌晨 2 时许 被告人 杨某某1 接 谢某某 电话 后 驾驶 该车 来到 奥宝 宾馆 门口 与 谢某某 见面 给 了 谢某某 麻古 200 粒 之后 杨某某1 驾驶 车辆 返回 并 将 车辆 停放在 偏僻 处 再 步行 回金 某 宾馆 休息 凌晨   <e2>   杨某某   </e2>   杨某某1 因 口渴 从金 某 宾馆 下来 来到 浙 CYZ9 XX 黑色 现代 小轿车 内 拿 东西 吃 时 发现 车内 有 一个 袋子 猜想 是 刘某某 所说 的 重要 物品 于是 将 该 袋子 挪到 车内 隐蔽处 关上 车门 回金 某 宾馆 休息 凌晨 3 时 50 分许 杨某某1 接到 刘某某 要求 接送 的 电话 遂 从 金 某 宾馆 朝 停车 的 地方 行走 不久 被 特 巡警 人员 发现 并 遭 盘查 特 巡警 人员 通过 杨某某1 携带 的 一个 车 钥匙 查找 到 浙 CYZ9 XX 黑色 现代 轿车 发现 该车 内放 有 一 包裹 予以 扣押 经 鉴定 所 缴获 的 包裹 内 物品 疑似 毒品 麻古 中 检出 甲基苯丙胺 和 咖啡因 成分 净重 为 561.4814 克 甲基苯丙胺 含量 为 14.87 针对 上述事实 公诉 机关 向 法庭 提供 了 相应 证据 予以 证实 指控 被告人 杨某某1 的 行为 构成 非法 持有 毒品 罪且 被告人 杨某某1 具有 毒品 再犯 累犯 情节 应 依照 中华人民共和国 刑法 第三 百 四十八条 第 三百五十六 条 第六十五条 第一款 之 规定 予以 惩处,4
NA,新干县 人民检察院 指控 2013年3月 11 日 晚上 被告人 杨某某1 从 新干县 大洋洲 镇 来到 新干县 城 入住 在 刘某某 另案处理 已 预订 好 的 城南 金某 宾馆 403 房 3月12日24时 许 刘某某 驾驶 浙 CYZ9 XX 黑色 现代 小轿车 在 金 某 宾馆 将   <e1>   杨某某   </e1>   1 接走 在 县城 闲逛 直至 13 日 凌晨 1 时许 刘某某 下车 后 将 浙 CYZ9 XX 黑色 现代 小轿车 交给 杨某某1 驾驶 并 叮嘱 杨某某1 晚上 不要 开车 乱逛 要 将 车 停 在 偏僻 处 车内 有 重要 物品 杨某某1 驾车 回到 金某 宾馆 休息 将车 停放在 金某 宾馆 北侧 人行道 的 树荫 底下 凌晨 2 时许 被告人 杨某某1 接 谢某某 电话 后 驾驶 该车 来到 奥宝 宾馆 门口 与 谢某某 见面 给 了 谢某某 麻古 200 粒 之后 杨某某1 驾驶 车辆 返回 并 将 车辆 停放在 偏僻 处 再 步行 回金 某 宾馆 休息 凌晨 3 时许 杨某某1 因 口渴 从金 某 宾馆 下来 来到 浙 CYZ9 XX 黑色 现代 小轿车 内 拿 东西 吃 时 发现 车内 有 一个 袋子 猜想 是   <e2>   刘某某   </e2>   所说 的 重要 物品 于是 将 该 袋子 挪到 车内 隐蔽处 关上 车门 回金 某 宾馆 休息 凌晨 3 时 50 分许 杨某某1 接到 刘某某 要求 接送 的 电话 遂 从 金 某 宾馆 朝 停车 的 地方 行走 不久 被 特 巡警 人员 发现 并 遭 盘查 特 巡警 人员 通过 杨某某1 携带 的 一个 车 钥匙 查找 到 浙 CYZ9 XX 黑色 现代 轿车 发现 该车 内放 有 一 包裹 予以 扣押 经 鉴定 所 缴获 的 包裹 内 物品 疑似 毒品 麻古 中 检出 甲基苯丙胺 和 咖啡因 成分 净重 为 561.4814 克 甲基苯丙胺 含量 为 14.87 针对 上述事实 公诉 机关 向 法庭 提供 了 相应 证据 予以 证实 指控 被告人 杨某某1 的 行为 构成 非法 持有 毒品 罪且 被告人 杨某某1 具有 毒品 再犯 累犯 情节 应 依照 中华人民共和国 刑法 第三 百 四十八条 第 三百五十六 条 第六十五条 第一款 之 规定 予以 惩处,4
provide_shelter_for,公诉 机关 指控 2014年10月 28 日晚 被告人   <e1>   钟某   </e1>   在 该 租赁 的 青岛市 市北区 路 号 户 内容 留 吸毒 人员   <e2>   叶某   </e2>   唐某 王某 共同 吸食 甲基苯丙胺 冰毒 当日22时 许 被告人 钟某 被 抓获 到案 当场 缴获 白色晶体 二 包重 2克 检出 甲基苯丙胺 成分,3
provide_shelter_for,公诉 机关 指控 2014年10月 28 日晚 被告人   <e1>   钟某   </e1>   在 该 租赁 的 青岛市 市北区 路 号 户 内容 留 吸毒 人员 叶某   <e2>   唐某   </e2>   王某 共同 吸食 甲基苯丙胺 冰毒 当日22时 许 被告人 钟某 被 抓获 到案 当场 缴获 白色晶体 二 包重 2克 检出 甲基苯丙胺 成分,3
provide_shelter_for,公诉 机关 指控 2014年10月 28 日晚 被告人   <e1>   钟某   </e1>   在 该 租赁 的 青岛市 市北区 路 号 户 内容 留 吸毒 人员 叶某 唐某   <e2>   王某   </e2>   共同 吸食 甲基苯丙胺 冰毒 当日22时 许 被告人 钟某 被 抓获 到案 当场 缴获 白色晶体 二 包重 2克 检出 甲基苯丙胺 成分,3
NA,公诉 机关 指控 2014年10月 28 日晚 被告人 钟某 在 该 租赁 的 青岛市 市北区 路 号 户 内容 留 吸毒 人员 叶某 唐某 王某 共同 吸食   <e1>   甲基苯丙胺   </e1>     <e2>   当日22时   </e2>   日 22 时许 被告人 钟某 被 抓获 到案 当场 缴获 白色晶体 二 包重 2克 检出 甲基苯丙胺 成分,4
NA,公诉 机关 指控 2014年10月 28 日晚 被告人 钟某 在 该 租赁 的   <e1>   青岛市 市北区 路 号 户内   </e1>   容留 吸毒 人员 叶某 唐某 王某   <e2>   甲基苯丙胺   </e2>   基 苯丙胺 冰毒 当日22时 许 被告人 钟某 被 抓获 到案 当场 缴获 白色晶体 二 包重 2克 检出 甲基苯丙胺 成分,4
traffic_in,公诉 机关 指控 2015年3月中旬 的 一天 中午 12 时许 被告人   <e1>   许某松   </e1>   在 澄海区 工商 大楼 后面 科迪 网吧 内 将 重 1克 的 毒品   <e2>   甲基苯丙胺   </e2>   以 人民币 500 元 的 价格 贩卖 给 吸毒 人员 陈某远 已作 行政处罚 被告人 许某松 于 2015 年 4 月 7日 被 抓获归案,0
sell_drugs_to,公诉 机关 指控 2015年3月中旬 的 一天 中午 12 时许 被告人   <e1>   许某松   </e1>   在 澄海区 工商 大楼 后面 科迪 网吧 内 将 重 1克 的 毒品 甲基苯丙胺 以 人民币 500 元 的 价格 贩卖 给 吸毒 人员   <e2>   陈某远   </e2>   已作 行政处罚 被告人 许某松 于 2015 年 4 月 7日 被 抓获归案,1
NA,公诉 机关 指控   <e1>   2015年3月中旬   </e1>   的 一天 中午 12 时许 被告人 许某松 在 澄海区 工商 大楼 后面 科迪 网吧 内 将 重 1克 的 毒品 甲基苯丙胺 以 人民币 500 元 的 价格 贩卖 给 吸毒 人员 陈某远 已作 行政处罚 被告人   <e2>   许某松   </e2>   于 2015 年 4 月 7日 被 抓获归案,4
NA,公诉 机关 指控 2015年3月中旬 的 一天 中午 12 时许 被告人 许某松 在 澄海区 工商 大楼 后面 科迪 网吧 内 将 重   <e1>   1克   </e1>   的 毒品 甲基苯丙胺 以 人民币 500 元 的 价格 贩卖 给 吸毒 人员 陈某远 已作 行政处罚 被告人   <e2>   许某松   </e2>   于 2015 年 4 月 7日 被 抓获归案,4
provide_shelter_for,公诉 机关 指控 2015年5月份 的 一天 晚上 被告人   <e1>   张某   </e1>   在 其 位于 延平区 八 一路 的 家中 容留   <e2>   郑某   </e2>   吸食 甲基苯丙胺,3
NA,公诉 机关 指控 2015年5月份 的 一天 晚上 被告人 张某 在 其 位于 延平区 八 一路 的 家中 容留   <e1>   郑某   </e1>   吸食   <e2>   甲基苯丙胺   </e2>  ,4
NA,公诉 机关 指控   <e1>   2015年5月份   </e1>   的 一天 晚上 被告人   <e2>   张某   </e2>   在 其 位于 延平区 八 一路 的 家中 容留 郑某 吸食 甲基苯丙胺,4
traffic_in,经 审理 查明 2014年1月25日 21 时许 被告人   <e1>   万某甲   </e1>   在 其 居住 的 武汉市 洪山区 现代 花园 17 栋 402 室以 每颗 50 元 的 价格 将   <e2>   甲基苯丙胺片剂   </e2>   4 颗 俗称 麻果 出售 给 万某乙 后 被 万某乙 及 曾某甲 另案 已 判决 王某 曾某乙 侯某 等 人 在 曾某甲 家 打牌 期间 吸食 次日凌晨1时 许 曾某甲 王某 曾某乙 侯某 等 人 被 公安机关 查获,0
sell_drugs_to,经 审理 查明 2014年1月25日 21 时许 被告人   <e1>   万某甲   </e1>   在 其 居住 的 武汉市 洪山区 现代 花园 17 栋 402 室以 每颗 50 元 的 价格 将 甲基苯丙胺片剂 4 颗 俗称 麻果 出售 给   <e2>   万某乙   </e2>   后 被 万某乙 及 曾某甲 另案 已 判决 王某 曾某乙 侯某 等 人 在 曾某甲 家 打牌 期间 吸食 次日凌晨1时 许 曾某甲 王某 曾某乙 侯某 等 人 被 公安机关 查获,1
NA,经 审理 查明 2014年1月25日 21 时许 被告人 万某甲 在 其 居住 的 武汉市 洪山区 现代 花园 17 栋 402 室以 每颗 50 元 的 价格 将 甲基苯丙胺片剂 4 颗 俗称 麻果 出售 给 万某乙 后 被 万某乙 及   <e1>   曾某甲   </e1>   另案 已 判决   <e2>   曾某乙   </e2>   曾某乙 侯某 等 人 在 曾某甲 家 打牌 期间 吸食 次日凌晨1时 许 曾某甲 王某 曾某乙 侯某 等 人 被 公安机关 查获,4
NA,经 审理 查明 2014年1月25日 21 时许 被告人 万某甲 在 其 居住 的 武汉市 洪山区 现代 花园 17 栋 402 室以 每颗 50 元 的 价格 将 甲基苯丙胺片剂 4 颗 俗称 麻果 出售 给 万某乙 后 被 万某乙 及 曾某甲 另案 已 判决 王某   <e1>   曾某乙   </e1>   侯某 等 人 在 曾某甲 家 打牌 期间 吸食 次日凌晨1时 许   <e2>   王某   </e2>   甲 王某 曾某乙 侯某 等 人 被 公安机关 查获,4
sell_drugs_to,经 审理 查明 2014年3月4日17时 许 吸毒 人员   <e1>   朱某   </e1>   通过 电话 联   <e2>   陆某某   </e2>   人 陆某某 二人 谈妥 了 交易 毒品 冰毒 的 数量 和 价格 当天 19时 许 陆某某 到 黎平县 某 宾馆 8402 号 房间内 找 朱某某 将 三袋 毒品 卖 给 朱某某 得 现金 人民币 800 元 陆某某 和 朱某某 当场 被 黎平县 公安民警 抓获 查获 了 陆某某 贩卖 给 朱某某 的 毒品 疑似 物 三袋 从 陆某某 身上 查获 毒品 疑似 物 一袋 经 称量 净重 共计 3.5 克经 贵州省 公安 司法鉴定 中心 鉴定 从 查获 的 毒品 疑似 物中 检出 甲基苯丙胺 成分,1
traffic_in,经 审理 查明 2014年3月4日17时 许 吸毒 人员 朱某 通过 电话 联系 被告人   <e1>   陆某某   </e1>   二人 谈妥 了 交易 毒品   <e2>   冰毒   </e2>   的 数量 和 价格 当天 19时 许 陆某某 到 黎平县 某 宾馆 8402 号 房间内 找 朱某某 将 三袋 毒品 卖 给 朱某某 得 现金 人民币 800 元 陆某某 和 朱某某 当场 被 黎平县 公安民警 抓获 查获 了 陆某某 贩卖 给 朱某某 的 毒品 疑似 物 三袋 从 陆某某 身上 查获 毒品 疑似 物 一袋 经 称量 净重 共计 3.5 克经 贵州省 公安 司法鉴定 中心 鉴定 从 查获 的 毒品 疑似 物中 检出 甲基苯丙胺 成分,0
NA,经 审理 查明 2014年3月4日17时 许 吸毒 人员 朱某 通过 电话 联系 被告人 陆某某 二人 谈妥 了 交易 毒品 冰毒 的 数量 和 价格 当天 19时 许 陆某某 到 黎平县 某 宾馆 8402 号 房间内 找 朱某某 将 三袋 毒品 卖 给 朱某某 得 现金 人民币 800 元   <e1>   陆某某   </e1>   和 朱某某 当场 被 黎平县 公安民警 抓获 查获 了 陆某某 贩卖 给 朱某某 的 毒品 疑似 物 三袋 从 陆某某 身上 查获 毒品 疑似 物 一袋 经 称量 净重 共计 3.5 克经 贵州省 公安 司法鉴定 中心 鉴定 从 查获 的 毒品 疑似   <e2>   甲基苯丙胺   </e2>   基 苯丙胺 成分,4
NA,经 审理 查明   <e1>   2014年3月4日17时   </e1>   许 吸毒 人员 朱某 通过 电话 联系 被告人 陆某某 二人 谈妥 了   <e2>   冰毒   </e2>   毒品 冰毒 的 数量 和 价格 当天 19时 许 陆某某 到 黎平县 某 宾馆 8402 号 房间内 找 朱某某 将 三袋 毒品 卖 给 朱某某 得 现金 人民币 800 元 陆某某 和 朱某某 当场 被 黎平县 公安民警 抓获 查获 了 陆某某 贩卖 给 朱某某 的 毒品 疑似 物 三袋 从 陆某某 身上 查获 毒品 疑似 物 一袋 经 称量 净重 共计 3.5 克经 贵州省 公安 司法鉴定 中心 鉴定 从 查获 的 毒品 疑似 物中 检出 甲基苯丙胺 成分,4
sell_drugs_to,公诉 机关 指控 2016年11月30日16时 许 被告人   <e1>   谭堪刘   </e1>   在 徐闻县南山镇北潭村委会东寮村东水泥路段 处 贩卖 80 元 毒品 海洛因 给 吸毒 人员   <e2>   何某   </e2>   尔后 公安民警 当场 抓获 二人 并 缴获 2 小包 可疑 毒品 海洛因 经 称量 扣押 的 可疑 毒品 净重 分别 为 0.03克 和 0.07克 经理 化 检验 均 检出 海洛因 成分,1
traffic_in,公诉 机关 指控 2016年11月30日16时 许 被告人   <e1>   谭堪刘   </e1>   在 徐闻县南山镇北潭村委会东寮村东水泥路段 处 贩卖 80 元 毒品   <e2>   海洛因   </e2>   给 吸毒 人员 何某 尔后 公安民警 当场 抓获 二人 并 缴获 2 小包 可疑 毒品 海洛因 经 称量 扣押 的 可疑 毒品 净重 分别 为 0.03克 和 0.07克 经理 化 检验 均 检出 海洛因 成分,0
NA,公诉 机关 指控 2016年11月30日16时 许 被告人 谭堪刘 在 徐闻县南山镇北潭村委会东寮村东水泥路段 处 贩卖 80 元 毒品 海洛因 给 吸毒 人员 何某 尔后 公安民警 当场 抓获 二人 并 缴获 2 小包 可疑 毒品 海洛因 经 称量 扣押 的 可疑 毒品 净重 分别 为   <e1>   0.03克   < / e   <e2>   0.07克   </e2>   . 07 克 经理 化 检验 均 检出 海洛因 成分,4
NA,公诉 机关 指控   <e1>   2016年11月30日16时   </e1>   许 被告人 谭堪刘 在   <e2>   徐闻县南山镇北潭村委会东寮村东水泥路段   </e2>   处 贩卖 80 元 毒品 海洛因 给 吸毒 人员 何某 尔后 公安民警 当场 抓获 二人 并 缴获 2 小包 可疑 毒品 海洛因 经 称量 扣押 的 可疑 毒品 净重 分别 为 0.03克 和 0.07克 经理 化 检验 均 检出 海洛因 成分,4
posess,经 审理 查明 2013 年 1 月 4日 15 时许 被告人   <e1>   潘某某   </e1>   携带 两瓶 毒品   <e2>   神仙水   </e2>   净重 共计 34.61克 去 到 南宁市 良庆区 大 沙田 五象 大道 前进 警务 站 旁边 的 中国农业银行 时 被 公安人员 人赃俱获 经 检验 从 被 缴获 的 神仙水 中 检出 甲基苯丙胺 咖啡因 氯胺酮,2
NA,经 审理 查明 2013 年 1 月 4日 15 时许 被告人 潘某某 携带 两瓶 毒品   <e1>   神仙水   </e1>   净重 共计 34.61克 去 到 南宁市 良庆区 大 沙田 五象 大道 前进 警务 站 旁边 的 中国农业银行 时 被 公安人员 人赃俱获 经 检验 从 被 缴获 的 神仙水 中 检出 甲基苯丙胺   <e2>   氯胺酮   </e2>   氯胺酮,4
NA,经 审理 查明 2013 年 1 月 4日 15 时许 被告人 潘某某 携带 两瓶 毒品 神仙水 净重 共计   <e1>   34.61克   </e1>   去 到 南宁市 良庆区 大 沙田 五象 大道 前进 警务 站 旁边 的 中国农业银行 时 被 公安人员 人赃俱获 经 检验 从 被 缴获 的 神仙水 中 检出   <e2>   甲基苯丙胺   </e2>   咖啡因 氯胺酮,4
traffic_in,佛山市 顺德区 人民检察院 指控 称 2014 年 6 月 16 日 15 时许 叶某某 通过 电话 联系 被告人 吕某某 称要 购买 人民币 200 元 的 冰毒 双方 约定 在 佛山市顺德区容桂街道容桂大道中天逸公寓门口 交易 双方 来到 约定 地点 后 进入 天逸 公寓 一楼 至 二楼 的 楼梯间   <e1>   吕某某   </e1>   收取 了 叶某某 人民币 200 元 将 一包 用 透明 密封胶 袋 包装 的   <e2>   冰毒   </e2>   交给 叶某某 双方 进行 完 毒品 交易 离开 时 被 预伏 的 民警 抓获 民警 从 吕某某 身上 缴获 涉案 毒资 人民币 200 元 通讯 手机 两部 号码 分别 为 13923231306076 从 涉案人员 叶某某 手上 缴获 其刚 向 吕某某 购得 的 一包 用 透明 密封胶 袋 包装 的 冰毒 经 鉴定 净重 0.6 6克 检出 甲基苯丙胺 成分,0
sell_drugs_to,佛山市 顺德区 人民检察院 指控 称 2014 年 6 月 16 日 15 时许 叶某某 通过 电话 联系 被告人 吕某某 称要 购买 人民币 200 元 的 冰毒 双方 约定 在 佛山市顺德区容桂街道容桂大道中天逸公寓门口 交易 双方 来到 约定 地点 后 进入 天逸 公寓 一楼 至 二楼 的 楼梯间   <e1>   吕某某   </e1>   收取 了 叶某某 人民币 200 元 将 一包 用 透明 密封胶 袋 包装 的 冰毒 交给   <e2>   叶某某   </e2>   双方 进行 完 毒品 交易 离开 时 被 预伏 的 民警 抓获 民警 从 吕某某 身上 缴获 涉案 毒资 人民币 200 元 通讯 手机 两部 号码 分别 为 13923231306076 从 涉案人员 叶某某 手上 缴获 其刚 向 吕某某 购得 的 一包 用 透明 密封胶 袋 包装 的 冰毒 经 鉴定 净重 0.6 6克 检出 甲基苯丙胺 成分,1
NA,佛山市 顺德区 人民检察院 指控 称 2014 年 6 月 16 日 15 时许   <e1>   叶某某   </e1>   通过 电话 联系 被告人 吕某某 称要 购买 人民币 200 元 的 冰毒 双方 约定 在 佛山市顺德区容桂街道容桂大道中天逸公寓门口 交易 双方 来到 约定 地点 后 进入 天逸 公寓 一楼 至 二楼 的 楼梯间 吕某某 收取 了 叶某某 人民币 200 元 将 一包 用 透明 密封胶 袋 包装 的 冰毒 交给 叶某某 双方 进行 完 毒品 交易 离开 时 被 预伏 的 民警 抓获 民警 从 吕某某 身上 缴获 涉案 毒资 人民币 200 元 通讯 手机 两部 号码 分别 为 13923231306076 从 涉案人员 叶某某 手上 缴获 其刚 向   <e2>   吕某某   </e2>   购得 的 一包 用 透明 密封胶 袋 包装 的 冰毒 经 鉴定 净重 0.6 6克 检出 甲基苯丙胺 成分,4
NA,佛山市 顺德区 人民检察院 指控 称 2014 年 6 月 16 日 15 时许 叶某某 通过 电话 联系 被告人 吕某某 称要 购买 人民币 200 元 的 冰毒 双方 约定 在   <e1>   佛山市顺德区容桂街道容桂大道中天逸公寓门口   </e1>   交易 双方 来到 约定 地点 后 进入 天逸 公寓 一楼 至 二楼 的 楼梯间 吕某某 收取 了 叶某某 人民币 200 元 将 一包 用 透明 密封胶 袋 包装 的 冰毒 交给 叶某某 双方 进行 完 毒品 交易 离开 时 被 预伏 的 民警 抓获 民警 从   <e2>   吕   </e2>   某某 身上 缴获 涉案 毒资 人民币 200 元 通讯 手机 两部 号码 分别 为 13923231306076 从 涉案人员 叶某某 手上 缴获 其刚 向 吕某某 购得 的 一包 用 透明 密封胶 袋 包装 的 冰毒 经 鉴定 净重 0.6 6克 检出 甲基苯丙胺 成分,4
sell_drugs_to,广西壮族自治区 武宣县 人民检察院 指控 2014年12月16日21时 许 被告人   <e1>   覃某   </e1>   在 武宣县 武宣 镇丽 光路 的 一条 巷道 内 贩卖毒品 给 吸毒 人员   <e2>   林某   </e2>   时 被 公安民警 发现 并 抓获 民警 从 覃某 身上 搜出 氯胺酮 俗称 k粉 可疑 物 9 小包 净重 8.49克 毒资 人民币 400 元经 检验 从 覃某 身上 查获 的 毒品 可疑 物中 检出 氯胺酮 成分,1
traffic_in,广西壮族自治区 武宣县 人民检察院 指控 2014年12月16日21时 许 被告人 覃某 在 武宣县 武宣 镇丽 光路 的 一条 巷道 内 贩卖毒品 给 吸毒 人员 林某 时 被 公安民警 发现 并 抓获 民警 从   <e1>   覃某   </e1>   身上 搜出   <e2>   氯胺酮   </e2>   俗称 k粉 可疑 物 9 小包 净重 8.49克 毒资 人民币 400 元经 检验 从 覃某 身上 查获 的 毒品 可疑 物中 检出 氯胺酮 成分,0
NA,广西壮族自治区 武宣县 人民检察院 指控 2014年12月16日21时 许 被告人 覃某 在 武宣县 武宣 镇丽 光路 的 一条 巷道 内 贩卖毒品 给 吸毒 人员 林某 时 被 公安民警 发现 并 抓获 民警 从 覃某 身上 搜出 氯胺酮 俗称 k粉 可疑 物 9 小包 净重   <e1>   8.49克   </e1>   毒资 人民币 400 元经 检验 从 覃某 身上 查获 的 毒品 可疑 物中 检出   <e2>   氯胺酮   </e2>   成分,4
NA,广西壮族自治区 武宣县 人民检察院 指控   <e1>   2014年12月16日21时   </e1>   许 被告人 覃某 在 武宣县 武宣 镇丽 光路 的 一条 巷道 内 贩卖毒品 给   <e2>   林某   </e2>   人员 林某 时 被 公安民警 发现 并 抓获 民警 从 覃某 身上 搜出 氯胺酮 俗称 k粉 可疑 物 9 小包 净重 8.49克 毒资 人民币 400 元经 检验 从 覃某 身上 查获 的 毒品 可疑 物中 检出 氯胺酮 成分,4
sell_drugs_to,兰州市 西固区 人民检察院 指控 2014 年 9 月 16 日 14 时许 吸毒 人员   <e1>   王某某   </e1>     <e2>   马某某   </e2>   人 马某某 电话 联系 欲 从 马某某 处 购买 1200 元 的 毒品 海洛因 随后 二人 在 兰州市西固区五金市场北门口 见面 马某某 向 王某某 贩卖毒品 一小包 收取 毒资 600 元 王某某 欠 马某某 600 元 交易 后 二人 被 公安人员 抓获 并 从 马某某 身上 查获 毒资 600 元 贩毒 使用 的 手机 一部 从 王某某 身上 查获 马某某 向 其 贩卖 的 毒品 可疑 物 一小包 经 鉴定 从 王某某 身上 提取 的 毒品 可疑 物 净重 为 2.0 克 检出 海洛因 成份 公诉 机关 认为 被告人 马某某 的 行为 已 构成 贩卖毒品 罪 建议 对 其 判处 六个月 至 一年 六个月 有期徒刑 并 处罚金,1
traffic_in,兰州市 西固区 人民检察院 指控 2014 年 9 月 16 日 14 时许 吸毒 人员 王某某 与 被告人 马某某 电话 联系 欲 从   <e1>   马某某   </e1>   处 购买 1200 元 的 毒品   <e2>   海洛因   </e2>   随后 二人 在 兰州市西固区五金市场北门口 见面 马某某 向 王某某 贩卖毒品 一小包 收取 毒资 600 元 王某某 欠 马某某 600 元 交易 后 二人 被 公安人员 抓获 并 从 马某某 身上 查获 毒资 600 元 贩毒 使用 的 手机 一部 从 王某某 身上 查获 马某某 向 其 贩卖 的 毒品 可疑 物 一小包 经 鉴定 从 王某某 身上 提取 的 毒品 可疑 物 净重 为 2.0 克 检出 海洛因 成份 公诉 机关 认为 被告人 马某某 的 行为 已 构成 贩卖毒品 罪 建议 对 其 判处 六个月 至 一年 六个月 有期徒刑 并 处罚金,0
NA,兰州市 西固区 人民检察院 指控 2014 年 9 月 16 日 14 时许 吸毒 人员 王某某 与 被告人 马某某 电话 联系 欲 从 马某某 处 购买 1200 元 的 毒品 海洛因 随后 二人 在   <e1>   兰州市西固区五金市场北门口   </e1>   见面 马某某 向 王某某 贩卖毒品 一小包 收取 毒资 600 元 王某某 欠 马某某 600 元 交易 后 二人 被 公安人员 抓获 并 从 马某某 身上 查获 毒资 600 元 贩毒 使用 的 手机 一部 从 王某某 身上 查获   <e2>   马某某   </e2>   向 其 贩卖 的 毒品 可疑 物 一小包 经 鉴定 从 王某某 身上 提取 的 毒品 可疑 物 净重 为 2.0 克 检出 海洛因 成份 公诉 机关 认为 被告人 马某某 的 行为 已 构成 贩卖毒品 罪 建议 对 其 判处 六个月 至 一年 六个月 有期徒刑 并 处罚金,4
NA,兰州市 西固区 人民检察院 指控 2014 年 9 月 16 日 14 时许 吸毒 人员   <e1>   王某某   </e1>   与 被告人 马某某 电话 联系 欲 从 马某某 处 购买 1200 元 的 毒品 海洛因 随后 二人 在 兰州市西固区五金市场北门口 见面 马某某 向 王某某 贩卖毒品 一小包 收取 毒资 600 元 王某某 欠 马某某 600 元 交易 后 二人 被 公安人员 抓获 并 从 马某某 身上 查获 毒资 600 元 贩毒 使用 的 手机 一部 从 王某某 身上 查获 马某某 向 其 贩卖 的 毒品 可疑 物 一小包 经 鉴定 从 王某某 身上 提取 的 毒品 可疑 物 净重 为 2.0   <e2>   海洛因   </e2>   出 海洛因 成份 公诉 机关 认为 被告人 马某某 的 行为 已 构成 贩卖毒品 罪 建议 对 其 判处 六个月 至 一年 六个月 有期徒刑 并 处罚金,4
posess,公诉 机关 指控 2014年4月1日 被告人   <e1>   李绍某   </e1>   来到 佛山市 南海区 大沥镇 三鸟 市场 附近 路段 向 一 男子 另案处理 购回   <e2>   甲基苯丙胺   </e2>   海洛因 等 毒品 一批 用于 吸食 同月 2日4时 许 李绍某 在 南海区 狮 山镇 松岗 显 东村 一 出租屋 205 房 楼下 被查获 民警 当场 从 其 身上 起获 疑似 毒品 一批 后 民警 在 李绍某 居住 的 狮 山镇 官窑 黎岗豸 下村 三巷 3 号 住宅 内 搜获 疑似 毒品 一批,2
posess,公诉 机关 指控 2014年4月1日 被告人   <e1>   李绍某   </e1>   来到 佛山市 南海区 大沥镇 三鸟 市场 附近 路段 向 一 男子 另案处理 购回 甲基苯丙胺   <e2>   海洛因   </e2>   等 毒品 一批 用于 吸食 同月 2日4时 许 李绍某 在 南海区 狮 山镇 松岗 显 东村 一 出租屋 205 房 楼下 被查获 民警 当场 从 其 身上 起获 疑似 毒品 一批 后 民警 在 李绍某 居住 的 狮 山镇 官窑 黎岗豸 下村 三巷 3 号 住宅 内 搜获 疑似 毒品 一批,2
NA,公诉 机关 指控   <e1>   2014年4月1日   </e1>   被告人 李绍某 来到 佛山市 南海区 大沥镇 三鸟 市场 附近 路段 向 一 男子 另案处理 购回 甲基苯丙胺 海洛因 等 毒品 一批 用于 吸   <e2>   2日4时   </e2>   2日4时 许 李绍某 在 南海区 狮 山镇 松岗 显 东村 一 出租屋 205 房 楼下 被查获 民警 当场 从 其 身上 起获 疑似 毒品 一批 后 民警 在 李绍某 居住 的 狮 山镇 官窑 黎岗豸 下村 三巷 3 号 住宅 内 搜获 疑似 毒品 一批,4
NA,公诉 机关 指控 2014年4月1日 被告人 李绍某 来到 佛山市 南海区 大沥镇 三鸟 市场 附近 路段 向 一 男子 另案处理 购回 甲基苯丙胺 海洛因 等 毒品 一批 用于 吸食 同月   <e1>   2日4时   </e1>   许   <e2>   李绍某   </e2>   在 南海区 狮 山镇 松岗 显 东村 一 出租屋 205 房 楼下 被查获 民警 当场 从 其 身上 起获 疑似 毒品 一批 后 民警 在 李绍某 居住 的 狮 山镇 官窑 黎岗豸 下村 三巷 3 号 住宅 内 搜获 疑似 毒品 一批,4
provide_shelter_for,经 审理 查明 12014 年 11月 底 的 一天 晚上 被告人   <e1>   陈某某   </e1>   容留 吸毒 人员   <e2>   蔡某乙   </e2>   谭某某 在 其 位于 本市 草桥街 的 租房 卧室 内 共同 吸食 了 毒品,3
provide_shelter_for,经 审理 查明 12014 年 11月 底 的 一天 晚上 被告人   <e1>   陈某某   </e1>   容留 吸毒 人员 蔡某乙   <e2>   谭某某   </e2>   在 其 位于 本市 草桥街 的 租房 卧室 内 共同 吸食 了 毒品,3
NA,经 审理 查明 12014 年 11月 底 的 一天 晚上 被告人 陈某某 容留 吸毒 人员   <e1>   蔡某乙   </e1>   谭某某 在 其 位于 本市   <e2>   草桥街   </e2>   的 租房 卧室 内 共同 吸食 了 毒品,4
NA,经 审理 查明 12014 年 11月 底 的 一天 晚上 被告人 陈某某 容留 吸毒 人员 蔡某乙   <e1>   谭某某   </e1>   在 其   <e2>   草桥街   </e2>   市 草桥街 的 租房 卧室 内 共同 吸食 了 毒品,4
sell_drugs_to,公诉 机关 指控 并 经 本院 审理 查明 2014年2月19日2时 许 群众 陈向 公安机关 举报 被告人 姚志强 贩卖毒品 的 线索 并 通过 电话 方式 向 被告人 姚志强 约购 毒品 并 由 公安机关 在 本市 海淀区 筹集 毒资 人民币 9000 元 当日 11 时许 被告人   <e1>   姚志强   </e1>   在 本市朝阳区华泰饭店 附近 以 人民币 9000 元 的 价格 向 举报人   <e2>   陈   </e2>   贩卖毒品 两包 后 被 民警 当场 抓获 经 鉴定 上述 毒品 检出 甲基苯丙胺 净重 19.5 6克 民警 另 从 被告人 姚志强 的 暂住地 起获 毒品 四包 经 鉴定 检出 甲基苯丙胺 2.25克 被告人 姚志强 到案 后 如实 供述 了 上述事实,1
traffic_in,公诉 机关 指控 并 经 本院 审理 查明 2014年2月19日2时 许 群众 陈向 公安机关 举报 被告人 姚志强 贩卖毒品 的 线索 并 通过 电话 方式 向 被告人 姚志强 约购 毒品 并 由 公安机关 在 本市 海淀区 筹集 毒资 人民币 9000 元 当日 11 时许 被告人   <e1>   姚志强   </e1>   在 本市朝阳区华泰饭店 附近 以 人民币 9000 元 的 价格 向 举报人 陈 贩卖毒品 两包 后 被 民警 当场 抓获 经 鉴定 上述 毒品 检出   <e2>   甲基苯丙胺   </e2>   净重 19.5 6克 民警 另 从 被告人 姚志强 的 暂住地 起获 毒品 四包 经 鉴定 检出 甲基苯丙胺 2.25克 被告人 姚志强 到案 后 如实 供述 了 上述事实,0
NA,公诉 机关 指控 并 经 本院 审理 查明 2014年2月19日2时 许 群众 陈向 公安机关 举报 被告人 姚志强 贩卖毒品 的 线索 并 通过 电话 方式 向 被告人 姚志强 约购 毒品 并 由 公安机关 在 本市 海淀区 筹集 毒资 人民币 9000 元 当日 11 时许 被告人   <e1>   姚志强   </e1>   在 本市朝阳区华泰饭店 附近 以 人民币 9000 元 的 价格 向 举报人 陈 贩卖毒品 两包 后 被 民警 当场 抓获 经 鉴定 上述 毒品 检出 甲基苯丙胺 净重 19.5 6克 民警 另 从 被告人   <e2>   姚志强   </e2>   的 暂住地 起获 毒品 四包 经 鉴定 检出 甲基苯丙胺 2.25克 被告人 姚志强 到案 后 如实 供述 了 上述事实,4
NA,公诉 机关 指控 并 经 本院 审理 查明 2014年2月19日2时 许 群众 陈向 公安机关 举报 被告人   <e1>   姚志强   </e1>   贩卖毒品 的 线索 并 通过 电话 方式 向 被告人 姚志强 约购 毒品 并 由 公安机关 在 本市 海淀区 筹集 毒资 人民币 9000 元 当日 11 时许 被告人 姚志强 在 本市朝阳区华泰饭店 附近 以 人民币 9000 元 的 价格 向 举报人   <e2>   陈   </e2>   贩卖毒品 两包 后 被 民警 当场 抓获 经 鉴定 上述 毒品 检出 甲基苯丙胺 净重 19.5 6克 民警 另 从 被告人 姚志强 的 暂住地 起获 毒品 四包 经 鉴定 检出 甲基苯丙胺 2.25克 被告人 姚志强 到案 后 如实 供述 了 上述事实,4
posess,绥江县 人民检察院 指控 2013年11月 15 日 23 时许 绥江县 公安局 刑侦 大队 民警 在 绥江县 中 城镇 B89 地块 将 王某某 抓获 并 从 其 随身携带 皮包 内 查获 毒品 可疑 物 3 包经 称重 后 分别 净重 6.1克 27.5克 88.8 克经 鉴定 从   <e1>   王某某   </e1>   身上 查获 的 净重 为 6.1克 27.5克 可疑 物中均 检出   <e2>   甲基苯丙胺   </e2>   成分 针对 上述 指控 事实 公诉 机关 当庭 出示 了 受案 登记表 户口 证明 辨认 照片 及 笔录 鉴定 意见 被告人 供述 等 相关 证据 予以 证实,2
NA,绥江县 人民检察院 指控 2013年11月 15 日 23 时许 绥江县 公安局 刑侦 大队 民警 在 绥江县 中 城镇 B89 地块 将 王某某 抓获 并 从 其 随身携带 皮包 内 查获 毒品 可疑 物 3 包经 称重 后 分别 净重 6.1克   <e1>   27.5克   </e1>   88.8 克经 鉴定 从 王某某 身上 查获 的 净重 为   <e2>   6.1克   </e2>   27.5克 可疑 物中均 检出 甲基苯丙胺 成分 针对 上述 指控 事实 公诉 机关 当庭 出示 了 受案 登记表 户口 证明 辨认 照片 及 笔录 鉴定 意见 被告人 供述 等 相关 证据 予以 证实,4
NA,绥江县 人民检察院 指控 2013年11月 15 日 23 时许 绥江县 公安局 刑侦 大队 民警 在 绥江县 中 城镇 B89 地块 将   <e1>   王某某   </e1>   抓获 并 从 其 随身携带 皮包 内 查获 毒品 可疑 物 3 包经 称重 后 分别 净重 6.1克 27.5克 88.8 克经 鉴定 从   <e2>   王某某   </e2>   身上 查获 的 净重 为 6.1克 27.5克 可疑 物中均 检出 甲基苯丙胺 成分 针对 上述 指控 事实 公诉 机关 当庭 出示 了 受案 登记表 户口 证明 辨认 照片 及 笔录 鉴定 意见 被告人 供述 等 相关 证据 予以 证实,4
traffic_in,经 审理 查明 被告人 张某甲 系 出租车 司机 2015 年 7 月 2 4日 晚 张某乙 求 张某甲 帮助 其 购买 冰毒 一包 在   <e1>   张某甲   </e1>   准备 将   <e2>   冰毒   </e2>   交给 张某乙 时 被 公安机关 抓获 当场 缴获 白色晶体 一包 经 鉴定 其中 含 甲基苯丙胺 成分 净重 为 0.65克 张某甲 于 2015 年 7 月 25 日 在 尚志市 尚志 镇 被 公安机关 抓获,0
sell_drugs_to,经 审理 查明 被告人 张某甲 系 出租车 司机 2015 年 7 月 2 4日 晚 张某乙 求 张某甲 帮助 其 购买 冰毒 一包 在   <e1>   张某甲   </e1>   准备 将 冰毒 交给   <e2>   张某乙   </e2>   时 被 公安机关 抓获 当场 缴获 白色晶体 一包 经 鉴定 其中 含 甲基苯丙胺 成分 净重 为 0.65克 张某甲 于 2015 年 7 月 25 日 在 尚志市 尚志 镇 被 公安机关 抓获,1
NA,经 审理 查明 被告人   <e1>   张某甲   </e1>   系 出租车 司机 2015 年 7 月 2 4日 晚 张某乙 求 张某甲 帮助 其 购买 冰毒 一包 在 张某甲 准备 将 冰毒 交给   <e2>   张某乙   </e2>   时 被 公安机关 抓获 当场 缴获 白色晶体 一包 经 鉴定 其中 含 甲基苯丙胺 成分 净重 为 0.65克 张某甲 于 2015 年 7 月 25 日 在 尚志市 尚志 镇 被 公安机关 抓获,4
NA,经 审理 查明 被告人 张某甲 系 出租车 司机 2015 年 7 月 2 4日 晚 张某乙 求 张某甲 帮助 其 购买 冰毒 一包 在 张某甲 准备 将 冰毒 交给 张某乙 时 被 公安机关 抓获 当场 缴获 白色晶体 一包 经 鉴定 其中 含   <e1>   甲基苯丙胺   </e1>   成分 净重 为   <e2>   0.65克   </e2>   张某甲 于 2015 年 7 月 25 日 在 尚志市 尚志 镇 被 公安机关 抓获,4
sell_drugs_to,经 审理 查明 1 2013年11月中旬 一天 晚上 被告人   <e1>   翟某某   </e1>   在 枣阳市 南阳 路 其 租住 房屋内 以 500 元 的 价格 卖 给   <e2>   靳某某   </e2>   冰毒 一袋 重 1.5克,1
traffic_in,经 审理 查明 1 2013年11月中旬 一天 晚上 被告人   <e1>   翟某某   </e1>   在 枣阳市 南阳 路 其 租住 房屋内 以 500 元 的 价格 卖 给 靳某某   <e2>   冰毒   </e2>   一袋 重 1.5克,0
NA,经 审理 查明 1   <e1>   2013年11月中旬   </e1>   一天 晚上   <e2>   翟某某   </e2>   人 翟某某 在 枣阳市 南阳 路 其 租住 房屋内 以 500 元 的 价格 卖 给 靳某某 冰毒 一袋 重 1.5克,4
NA,经 审理 查明 1   <e1>   2013年11月中旬   </e1>   一天 晚上 被告人 翟某某 在 枣阳市 南阳 路 其 租住 房屋内 以 500 元 的 价格 卖 给 靳某某 冰毒   <e2>   1.5克   </e2>   1.5克,4
sell_drugs_to,公诉 机关 指控 2013年11月4日16时 许 被告人   <e1>   彭某   </e1>   在 贵阳市 花溪区 将军 路 大众 相馆 附近 以 100 元 的 价格 向   <e2>   张某   </e2>   贩卖 0.1克 海洛因 时 被 公安民警 抓获 0.1克 海洛因 被 当场 收缴,1
traffic_in,公诉 机关 指控 2013年11月4日16时 许 被告人   <e1>   彭某   </e1>   在 贵阳市 花溪区 将军 路 大众 相馆 附近 以 100 元 的 价格 向 张某 贩卖 0.1克   <e2>   海洛因   </e2>   时 被 公安民警 抓获 0.1克 海洛因 被 当场 收缴,0
NA,公诉 机关 指控   <e1>   2013年11月4日16时   </e1>   许 被告人 彭某 在 贵阳市 花溪区 将军 路 大众 相馆 附近 以 100 元 的 价格 向 张某 贩卖   <e2>   海洛因   </e2>   克 海洛因 时 被 公安民警 抓获 0.1克 海洛因 被 当场 收缴,4
NA,公诉 机关 指控 2013年11月4日16时 许 被告人   <e1>   彭某   </e1>   在 贵阳市 花溪区 将军 路 大众 相馆 附近 以 100 元   <e2>   张某   </e2>   格向 张某 贩卖 0.1克 海洛因 时 被 公安民警 抓获 0.1克 海洛因 被 当场 收缴,4
provide_shelter_for,融安县 人民检察院 指控 被告人 黄某某 从 2013年6月7日 开始 用 自己 的 身份证 先后 入住 融安县 某 宾馆 406 房 306 号房 为 寻求 刺激 分别 于 2013年6月 1 7日 凌晨 3 时许 晚上 23 时 被告人   <e1>   黄某某   </e1>   先后 容留   <e2>   覃某某   </e2>   吴某某 赵某某 等 人 在 其 所 入住 的 房间内 吸食毒品 冰毒 及 冰毒 片剂 麻古,3
provide_shelter_for,融安县 人民检察院 指控 被告人 黄某某 从 2013年6月7日 开始 用 自己 的 身份证 先后 入住 融安县 某 宾馆 406 房 306 号房 为 寻求 刺激 分别 于 2013年6月 1 7日 凌晨 3 时许 晚上 23 时 被告人   <e1>   黄某某   </e1>   先后 容留 覃某某   <e2>   吴某某   </e2>   赵某某 等 人 在 其 所 入住 的 房间内 吸食毒品 冰毒 及 冰毒 片剂 麻古,3
provide_shelter_for,融安县 人民检察院 指控 被告人 黄某某 从 2013年6月7日 开始 用 自己 的 身份证 先后 入住 融安县 某 宾馆 406 房 306 号房 为 寻求 刺激 分别 于 2013年6月 1 7日 凌晨 3 时许 晚上 23 时 被告人   <e1>   黄某某   </e1>   先后 容留 覃某某 吴某某   <e2>   赵某某   </e2>   等 人 在 其 所 入住 的 房间内 吸食毒品 冰毒 及 冰毒 片剂 麻古,3
NA,融安县 人民检察院 指控 被告人 黄某某 从   <e1>   2013年6月7日   </e1>   开始 用 自己 的 身份证 先后 入住 融安县 某 宾馆 406 房 306 号房 为 寻求 刺激 分别 于 2013年6月 1 7日 凌晨 3 时许 晚上 23 时 被告人 黄某某   <e2>   覃某某   </e2>   留 覃某某 吴某某 赵某某 等 人 在 其 所 入住 的 房间内 吸食毒品 冰毒 及 冰毒 片剂 麻古,4
NA,融安县 人民检察院 指控 被告人 黄某某 从 2013年6月7日 开始 用 自己 的 身份证 先后 入住   <e1>   融安县   </e1>   某 宾馆 406 房 306 号房 为 寻求 刺激 分别 于 2013年6月 1 7日 凌晨 3 时许 晚上 23 时 被告人   <e2>   黄某某   </e2>   先后 容留 覃某某 吴某某 赵某某 等 人 在 其 所 入住 的 房间内 吸食毒品 冰毒 及 冰毒 片剂 麻古,4
traffic_in,经 审理 查明 2013年5月7日21时 许买毒 人员 文某财 外号 小文 电话 联系 被告人 黄某 求购 毒品 双方 约定 在 深圳市 龙华 新区 民治 街道 XX 酒店 门口 见面 交易 当晚 23 时许   <e1>   黄某   </e1>   在 XX 酒店 大门口 的 过道 处 将 一小包   <e2>   冰毒   </e2>   以 260 元 人民币 的 价格 卖 给 文某财 在 准备 离开 时 被 民警 当场 抓获 从 黄某 身上 缴获 毒资 260 元 人民币 从 文某财 处 缴获 疑似 毒品 的 固态 晶状 物品 一小包 重0.95克 从中 检出 甲基苯丙胺,0
sell_drugs_to,经 审理 查明 2013年5月7日21时 许买毒 人员 文某财 外号 小文 电话 联系 被告人 黄某 求购 毒品 双方 约定 在 深圳市 龙华 新区 民治 街道 XX 酒店 门口 见面 交易 当晚 23 时许   <e1>   黄某   </e1>   在 XX 酒店 大门口 的 过道 处 将 一小包 冰毒 以 260 元 人民币 的 价格 卖 给   <e2>   文某财   </e2>   在 准备 离开 时 被 民警 当场 抓获 从 黄某 身上 缴获 毒资 260 元 人民币 从 文某财 处 缴获 疑似 毒品 的 固态 晶状 物品 一小包 重0.95克 从中 检出 甲基苯丙胺,1
NA,经 审理 查明 2013年5月7日21时 许买毒 人员 文某财 外号 小文 电话 联系 被告人 黄某 求购 毒品 双方 约定 在 深圳市 龙华 新区 民治 街道 XX 酒店 门口 见面 交易 当晚 23 时许 黄某 在 XX 酒店 大门口 的 过道 处 将 一小包 冰毒 以 260 元 人民币 的 价格 卖 给 文某财 在 准备 离开 时 被 民警 当场 抓获 从 黄某 身上 缴获 毒资 260 元 人民币 从   <e1>   文某财   </e1>   处 缴获 疑似 毒品 的 固态 晶状 物品 一小包   <e2>   重0.95克   </e2>   从中 检出 甲基苯丙胺,4
NA,经 审理 查明   <e1>   2013年5月7日21时   </e1>   许买毒 人员 文某财 外号 小文 电话 联系 被告人 黄某 求购 毒品 双方 约定 在 深圳市 龙华 新区 民治 街道 XX 酒店 门口 见面 交易 当晚 23 时许 黄某 在 XX 酒店 大门口 的 过道 处 将 一小包 冰毒 以 260 元 人民币 的 价格 卖 给 文某财 在 准备 离开 时 被 民警 当场   <e2>   黄某   </e2>   从 黄某 身上 缴获 毒资 260 元 人民币 从 文某财 处 缴获 疑似 毒品 的 固态 晶状 物品 一小包 重0.95克 从中 检出 甲基苯丙胺,4
posess,凯里市 人民检察院 指控 2014年12月 2 日 凌晨 2 时许 凯里市 公安局 民警 依法 对 被告人   <e1>   龚兴华   </e1>   租住 的 凯里市 鑫 鼎 国际 名居鑫 汇居一 单元 28 楼 03 号 进行 搜查 时 从 该 房屋内 搜查 出 呈 绿色 晶体 颗粒状 毒品   <e2>   甲基苯丙胺   </e2>   俗称 冰毒 3 包 净重 19.6克 呈 白色晶体 颗粒状 毒品 甲基苯丙胺 5 包 净重 3 2.9克 及 大量 透明 塑料 卡袋 被告人 龚兴华 被 当场 抓获,2
NA,凯里市 人民检察院 指控 2014年12月 2 日 凌晨 2 时许 凯里市 公安局 民警 依法 对 被告人 龚兴华 租住 的 凯里市 鑫 鼎 国际 名居鑫 汇居一 单元 28 楼 03 号 进行 搜查 时 从 该 房屋内 搜查 出 呈 绿色 晶体 颗粒状 毒品 甲基苯丙胺 俗称   <e1>   冰毒   </e1>   3 包 净重 19.6克 呈 白色晶体 颗粒状 毒品 甲基苯丙胺 5 包 净重 3 2.9克 及 大量 透明 塑料 卡袋   <e2>   龚兴华   </e2>   人 龚兴华 被 当场 抓获,4
NA,凯里市 人民检察院 指控 2014年12月 2 日 凌晨 2 时许 凯里市 公安局 民警 依法 对 被告人   <e1>   龚兴华   </e1>   租住 的 凯里市 鑫 鼎 国际 名居鑫 汇居一 单元 28 楼 03 号 进行 搜查 时 从 该 房屋内 搜查 出 呈 绿色 晶体 颗粒状 毒品 甲基苯丙胺 俗称 冰毒 3 包 净重   <e2>   19.6克   </e2>   呈 白色晶体 颗粒状 毒品 甲基苯丙胺 5 包 净重 3 2.9克 及 大量 透明 塑料 卡袋 被告人 龚兴华 被 当场 抓获,4
provide_shelter_for,江油市 人民检察院 指控 2016年11月15日13时许 被告人   <e1>   李某某   </e1>   容留   <e2>   罗某   </e2>   谢某某 韩某某 三人 在 其 位于 江油 太平镇 某 小区 的 家中 利用 自制 的 吸毒 工具 冰壶 采用 烫 吸 的 方式 四人 共同 吸食 冰毒 同日 16 时许 被 公安机关 查获 2016 年 11月 15 日 被告人 李某某 揭发 他人 贩卖毒品 的 犯罪行为 经 查证 属实,3
provide_shelter_for,江油市 人民检察院 指控 2016年11月15日13时许 被告人   <e1>   李某某   </e1>   容留 罗某   <e2>   谢某某   </e2>   韩某某 三人 在 其 位于 江油 太平镇 某 小区 的 家中 利用 自制 的 吸毒 工具 冰壶 采用 烫 吸 的 方式 四人 共同 吸食 冰毒 同日 16 时许 被 公安机关 查获 2016 年 11月 15 日 被告人 李某某 揭发 他人 贩卖毒品 的 犯罪行为 经 查证 属实,3
provide_shelter_for,江油市 人民检察院 指控 2016年11月15日13时许 被告人   <e1>   李某某   </e1>   容留 罗某 谢某某   <e2>   韩某某   </e2>   三人 在 其 位于 江油 太平镇 某 小区 的 家中 利用 自制 的 吸毒 工具 冰壶 采用 烫 吸 的 方式 四人 共同 吸食 冰毒 同日 16 时许 被 公安机关 查获 2016 年 11月 15 日 被告人 李某某 揭发 他人 贩卖毒品 的 犯罪行为 经 查证 属实,3
NA,江油市 人民检察院 指控   <e1>   2016年11月15日13时许   </e1>   被告人 李某某 容留 罗某 谢某某 韩某某 三人 在 其 位于 江油 太平镇 某 小区 的 家中 利用 自制 的 吸毒 工具 冰壶 采用 烫 吸 的 方式 四人   <e2>   冰毒   </e2>   吸食 冰毒 同日 16 时许 被 公安机关 查获 2016 年 11月 15 日 被告人 李某某 揭发 他人 贩卖毒品 的 犯罪行为 经 查证 属实,4
NA,江油市 人民检察院 指控 2016年11月15日13时许 被告人 李某某 容留   <e1>   罗某   </e1>     <e2>   谢某某   </e2>   韩某某 三人 在 其 位于 江油 太平镇 某 小区 的 家中 利用 自制 的 吸毒 工具 冰壶 采用 烫 吸 的 方式 四人 共同 吸食 冰毒 同日 16 时许 被 公安机关 查获 2016 年 11月 15 日 被告人 李某某 揭发 他人 贩卖毒品 的 犯罪行为 经 查证 属实,4
posess,公诉 机关 指控 2016 年 7 月 19 日 被告人 刘某某 因涉嫌 吸毒 在 其 位于 佛山市三水区乐平镇 的 住处 被 公安人员 当场 查获 经 现场 检查 公安人员 在   <e1>   刘某某   </e1>   身上 查获 2 小瓶 和 2 小包 可疑 白色晶体 并 查获 其 放置 在 该 住处 内 的 7 小包 可疑 白色晶体 经 称量 和 鉴定 上述 查获 的 白色晶体 共重 10.93 克均 检出   <e2>   甲基苯丙胺   </e2>   成分 据此 公诉 机关 以 被告人 刘某某 构成 非法 持有 毒品 罪 建议 本院 对 其 判处 十个月 以下 有期徒刑 并 处罚金,2
NA,公诉 机关 指控 2016 年 7 月 19 日 被告人 刘某某 因涉嫌 吸毒 在 其 位于   <e1>   佛山市三水区乐平镇   </e1>   的 住处 被 公安人员 当场 查获 经 现场 检查 公安人员 在   <e2>   刘某某   </e2>   身上 查获 2 小瓶 和 2 小包 可疑 白色晶体 并 查获 其 放置 在 该 住处 内 的 7 小包 可疑 白色晶体 经 称量 和 鉴定 上述 查获 的 白色晶体 共重 10.93 克均 检出 甲基苯丙胺 成分 据此 公诉 机关 以 被告人 刘某某 构成 非法 持有 毒品 罪 建议 本院 对 其 判处 十个月 以下 有期徒刑 并 处罚金,4
NA,公诉 机关 指控 2016 年 7 月 19 日 被告人   <e1>   刘某某   </e1>   因涉嫌 吸毒 在 其 位于 佛山市三水区乐平镇 的 住处 被 公安人员 当场 查获 经 现场 检查 公安人员 在   <e2>   刘某某   </e2>   身上 查获 2 小瓶 和 2 小包 可疑 白色晶体 并 查获 其 放置 在 该 住处 内 的 7 小包 可疑 白色晶体 经 称量 和 鉴定 上述 查获 的 白色晶体 共重 10.93 克均 检出 甲基苯丙胺 成分 据此 公诉 机关 以 被告人 刘某某 构成 非法 持有 毒品 罪 建议 本院 对 其 判处 十个月 以下 有期徒刑 并 处罚金,4
sell_drugs_to,江苏省 东海县 人民检察院 指控 并经 本院 审理 查明 被告人   <e1>   何某   </e1>   于 2014年1月18日21时 许在 东海县 牛山 街道 城西 巷自 家门口 以 人民币 300 余元 的 价格 贩卖 甲基苯丙胺 冰毒 0.44 克 给   <e2>   张某   </e2>  ,1
traffic_in,江苏省 东海县 人民检察院 指控 并经 本院 审理 查明 被告人   <e1>   何某   </e1>   于 2014年1月18日21时 许在 东海县 牛山 街道 城西 巷自 家门口 以 人民币 300 余元 的 价格 贩卖   <e2>   甲基苯丙胺   </e2>   冰毒 0.44 克 给 张某,0
traffic_in,江苏省 东海县 人民检察院 指控 并经 本院 审理 查明 被告人   <e1>   何某   </e1>   于 2014年1月18日21时 许在 东海县 牛山 街道 城西 巷自 家门口 以 人民币 300 余元 的 价格 贩卖 甲基苯丙胺   <e2>   冰毒   </e2>   0.44 克 给 张某,0
NA,江苏省 东海县 人民检察院 指控 并经 本院 审理 查明 被告人   <e1>   何某   </e1>   于 2014年1月18日21时 许在 东海县 牛山 街道 城西 巷自 家门口 以 人民币 300 余元 的 价格 贩卖 甲基苯丙胺 冰毒 0.44 克 给   <e2>   张某   </e2>  ,4
NA,江苏省 东海县 人民检察院 指控 并经 本院 审理 查明 被告人 何某 于   <e1>   2014年1月18日21时   </e1>   许在 东海县 牛山 街道 城西 巷自 家门口 以 人民币 300 余元 的   <e2>   甲基苯丙胺   </e2>   基 苯丙胺 冰毒 0.44 克 给 张某,4
provide_shelter_for,广西壮族自治区 鹿寨县 人民检察院 指控 二 o 一 三年 二月 一日 中午 被告人   <e1>   周X   </e1>   在 鹿寨县寨沙镇X街X号自己家中 吸毒 并 容留   <e2>   黄X武   </e2>   等 7 人 在 自己 家中 吸毒 当天 下午 被 鹿寨县 公安局 民警 抓获 当场 缴获 吸剩 的 毒品 和 吸毒 工具 一批 经 鉴定 缴获 吸剩 的 毒品 为 净重 0.76克 的 冰毒 甲基苯丙胺,3
NA,广西壮族自治区 鹿寨县 人民检察院 指控 二 o 一 三年 二月 一日 中午 被告人   <e1>   周X   </e1>   在   <e2>   鹿寨县寨沙镇X街X号自己家中   </e2>   吸毒 并 容留 黄X武 等 7 人 在 自己 家中 吸毒 当天 下午 被 鹿寨县 公安局 民警 抓获 当场 缴获 吸剩 的 毒品 和 吸毒 工具 一批 经 鉴定 缴获 吸剩 的 毒品 为 净重 0.76克 的 冰毒 甲基苯丙胺,4
NA,广西壮族自治区 鹿寨县 人民检察院 指控 二 o 一 三年 二月 一日 中午 被告人 周X 在 鹿寨县寨沙镇X街X号自己家中 吸毒 并 容留 黄X武 等 7 人 在 自己 家中 吸毒 当天 下午 被 鹿寨县 公安局 民警 抓获 当场 缴获 吸剩 的 毒品 和 吸毒 工具 一批 经 鉴定 缴获 吸剩 的 毒品 为 净重   <e1>   0.76克   </e1>   的 冰毒   <e2>   甲基苯丙胺   </e2>  ,4
traffic_in,经 审理 查明 2015 年 3 月 25 日 23 时许 被告人   <e1>   赵某   </e1>   经 电话 联系 后 承诺 以 人民币 400 元 的 价格 贩卖 1 小包   <e2>   甲基苯丙胺   </e2>   冰毒 给 张某欢 次日 0 时许 被告人 赵某 指使 谭某 携带 装有 1 小包 甲基苯丙胺 冰毒 的 烟盒 到 珠海市 香洲区 夏湾 华发 国际 小区 巴士站 附近 由 谭某 收取 张某欢 人民币 400 元 交付 装有 上述 毒品 的 烟盒 给 张某欢 公安人员 现场 抓获 张某欢 谭某 从 张某欢 身上 查获 2 小包 白色晶体 状物质 经 鉴定 均 检出 甲基苯丙胺 成份 净重 共计 0.99 克 随后 公安人员 在 珠海市 香洲区 夏湾 华发 国际 小区 12 栋 503 房 抓获 被告人 赵某 当场 查获 其 联系 毒品 交易 用 的 黑色 红米牌 手机 1 部,0
sell_drugs_to,经 审理 查明 2015 年 3 月 25 日 23 时许 被告人   <e1>   赵某   </e1>   经 电话 联系 后 承诺 以 人民币 400 元 的 价格 贩卖 1 小包 甲基苯丙胺 冰毒 给   <e2>   张某欢   </e2>   次日 0 时许 被告人 赵某 指使 谭某 携带 装有 1 小包 甲基苯丙胺 冰毒 的 烟盒 到 珠海市 香洲区 夏湾 华发 国际 小区 巴士站 附近 由 谭某 收取 张某欢 人民币 400 元 交付 装有 上述 毒品 的 烟盒 给 张某欢 公安人员 现场 抓获 张某欢 谭某 从 张某欢 身上 查获 2 小包 白色晶体 状物质 经 鉴定 均 检出 甲基苯丙胺 成份 净重 共计 0.99 克 随后 公安人员 在 珠海市 香洲区 夏湾 华发 国际 小区 12 栋 503 房 抓获 被告人 赵某 当场 查获 其 联系 毒品 交易 用 的 黑色 红米牌 手机 1 部,1
sell_drugs_to,经 审理 查明 2015 年 3 月 25 日 23 时许 被告人 赵某 经 电话 联系 后 承诺 以 人民币 400 元 的 价格 贩卖 1 小包 甲基苯丙胺 冰毒 给 张某欢 次日 0 时许 被告人   <e1>   赵某   </e1>   指使 谭某 携带 装有 1 小包 甲基苯丙胺 冰毒 的 烟盒 到 珠海市 香洲区 夏湾 华发 国际 小区 巴士站 附近 由 谭某 收取 张某欢 人民币 400 元 交付 装有 上述 毒品 的 烟盒 给   <e2>   张某欢   </e2>   公安人员 现场 抓获 张某欢 谭某 从 张某欢 身上 查获 2 小包 白色晶体 状物质 经 鉴定 均 检出 甲基苯丙胺 成份 净重 共计 0.99 克 随后 公安人员 在 珠海市 香洲区 夏湾 华发 国际 小区 12 栋 503 房 抓获 被告人 赵某 当场 查获 其 联系 毒品 交易 用 的 黑色 红米牌 手机 1 部,1
NA,经 审理 查明 2015 年 3 月 25 日 23 时许 被告人 赵某 经 电话 联系 后 承诺 以 人民币 400 元 的 价格 贩卖 1 小包 甲基苯丙胺   <e1>   冰毒   </e1>   给 张某欢 次日 0 时许 被告人 赵某 指使 谭某 携带 装有 1 小包 甲基苯丙胺 冰毒 的 烟盒 到 珠海市 香洲区 夏湾 华发 国际 小区 巴士站 附近 由   <e2>   张某欢   </e2>   取 张某欢 人民币 400 元 交付 装有 上述 毒品 的 烟盒 给 张某欢 公安人员 现场 抓获 张某欢 谭某 从 张某欢 身上 查获 2 小包 白色晶体 状物质 经 鉴定 均 检出 甲基苯丙胺 成份 净重 共计 0.99 克 随后 公安人员 在 珠海市 香洲区 夏湾 华发 国际 小区 12 栋 503 房 抓获 被告人 赵某 当场 查获 其 联系 毒品 交易 用 的 黑色 红米牌 手机 1 部,4
NA,经 审理 查明 2015 年 3 月 25 日 23 时许 被告人   <e1>   赵某   </e1>   经 电话 联系 后 承诺 以 人民币 400 元 的 价格 贩卖 1 小包 甲基苯丙胺 冰毒 给 张某欢 次日 0 时许 被告人 赵某 指使 谭某 携带 装有 1 小包 甲基   <e2>   冰毒   </e2>   胺 冰毒 的 烟盒 到 珠海市 香洲区 夏湾 华发 国际 小区 巴士站 附近 由 谭某 收取 张某欢 人民币 400 元 交付 装有 上述 毒品 的 烟盒 给 张某欢 公安人员 现场 抓获 张某欢 谭某 从 张某欢 身上 查获 2 小包 白色晶体 状物质 经 鉴定 均 检出 甲基苯丙胺 成份 净重 共计 0.99 克 随后 公安人员 在 珠海市 香洲区 夏湾 华发 国际 小区 12 栋 503 房 抓获 被告人 赵某 当场 查获 其 联系 毒品 交易 用 的 黑色 红米牌 手机 1 部,4
sell_drugs_to,杭州市 下 城区 人民检察院 指控 2008年8月29日22时 许 被告人   <e1>   朱某   </e1>   在 本市 下城区文源宾馆6012房间 将 毒品 1 包经 鉴定 净重 0.4克 检出 甲基苯丙胺 以 人民币 500 元 的 价格 卖 给   <e2>   徐某某   </e2>   后 被 公安机关 当场 抓获,1
traffic_in,杭州市 下 城区 人民检察院 指控 2008年8月29日22时 许 被告人   <e1>   朱某   </e1>   在 本市 下城区文源宾馆6012房间 将 毒品 1 包经 鉴定 净重 0.4克 检出   <e2>   甲基苯丙胺   </e2>   以 人民币 500 元 的 价格 卖 给 徐某某 后 被 公安机关 当场 抓获,0
NA,杭州市 下 城区 人民检察院 指控 2008年8月29日22时 许 被告人 朱某 在 本市   <e1>   下城区文源宾馆6012房间   </e1>   将 毒品 1 包经   <e2>   0.4克   </e2>   0.4克 检出 甲基苯丙胺 以 人民币 500 元 的 价格 卖 给 徐某某 后 被 公安机关 当场 抓获,4
NA,杭州市 下 城区 人民检察院 指控   <e1>   2008年8月29日22时   </e1>   许 被告人 朱某 在 本市   <e2>   下城区文源宾馆6012房间   </e2>   将 毒品 1 包经 鉴定 净重 0.4克 检出 甲基苯丙胺 以 人民币 500 元 的 价格 卖 给 徐某某 后 被 公安机关 当场 抓获,4
posess,天津市 南开区 人民检察院 指控 2015 年 7 月 16 日 23 时许 天津市 公安局 南开 分局 民警 根据 线索 在 本市 河北区 万柳村 大街 力豪日 租房 院内 将 涉嫌 非法 持有 毒品 的 被告人 张 抓获 当场 查获   <e1>   张   </e1>   随身携带 的 毒品   <e2>   甲基苯丙胺   </e2>   俗称 冰毒 27.48克,2
NA,天津市 南开区 人民检察院 指控 2015 年 7 月 16 日 23 时许 天津市 公安局 南开 分局 民警 根据 线索 在 本市 河北区 万柳村 大街 力豪日 租房 院内 将 涉嫌 非法 持有 毒品 的 被告人   <e1>   张   </e1>   抓获 当场 查获 张 随身携带 的 毒品 甲基苯丙胺 俗   <e2>   27.48克   </e2>   . 48 克,4
NA,天津市 南开区 人民检察院 指控 2015 年 7 月 16 日 23 时许 天津市 公安局 南开 分局 民警 根据 线索 在 本市 河北区 万柳村 大街 力豪日 租房 院内 将 涉嫌 非法 持有 毒品 的 被告人 张 抓获 当场 查获   <e1>   张   </e1>   随身携带 的 毒品 甲基 苯丙   <e2>   冰毒   </e2>   俗称 冰毒 27.48克,4
posess,经 审理 查明 2014年11月19日3时 许 被告人 邓某某 乘坐 李某 驾驶 的 面包车 行至 郴州市 健康 路 附近 路段 被 巡逻 队员 查获 民警 在 被告人   <e1>   邓某某   </e1>   上衣 口袋 内 发现 一袋 疑似   <e2>   甲基苯丙胺   </e2>   俗称 冰毒 的 白色晶体 在 被告人 邓某某 裤子 口袋 内 的 钱包 里 发现 一袋 疑似 冰毒 的 白色晶体 在 被告人 邓某某 携带 的 黑色 行李包 内 的 红色 铁盒 里 发现 三袋 疑似 冰毒 的 白色晶体 经 鉴定 上述 5 包 白色晶体 净重 共计 19.0024 克 从中 均 检出 甲基苯丙胺 成分,2
NA,经 审理 查明   <e1>   2014年11月19日3时   </e1>   许 被告人 邓   <e2>   李某   </e2>   乘坐 李某 驾驶 的 面包车 行至 郴州市 健康 路 附近 路段 被 巡逻 队员 查获 民警 在 被告人 邓某某 上衣 口袋 内 发现 一袋 疑似 甲基苯丙胺 俗称 冰毒 的 白色晶体 在 被告人 邓某某 裤子 口袋 内 的 钱包 里 发现 一袋 疑似 冰毒 的 白色晶体 在 被告人 邓某某 携带 的 黑色 行李包 内 的 红色 铁盒 里 发现 三袋 疑似 冰毒 的 白色晶体 经 鉴定 上述 5 包 白色晶体 净重 共计 19.0024 克 从中 均 检出 甲基苯丙胺 成分,4
NA,经 审理 查明 2014年11月19日3时 许 被告人 邓某某 乘坐   <e1>   李某   </e1>   驾驶 的 面包车 行至 郴州市 健康 路 附近 路段 被 巡逻 队员 查获 民警 在 被告人 邓某某 上衣 口袋 内 发现 一袋 疑似 甲基苯丙胺 俗称 冰毒 的 白色晶体 在 被告人 邓某某 裤子 口袋 内 的 钱包 里 发现 一袋 疑似 冰毒 的 白色晶体 在 被告人 邓某某 携带 的 黑色 行李包 内 的 红色 铁盒 里 发现 三袋 疑似 冰毒 的 白色晶体 经 鉴定 上述 5 包 白色晶体 净重 共计 19.0024 克 从中 均 检出   <e2>   甲基苯丙胺   </e2>   成分,4
sell_drugs_to,武汉市 江岸区 人民检察院 指控 2013年12月15日16时 许 被告人   <e1>   林某   </e1>   在 本市 江岸区 二七 新三村 51 号 102 室 其 家中 以 人民币 600 元 的 价格 向   <e2>   廖某   </e2>   贩卖 1 包 塑料袋 装 红色 片剂 后 被 公安人员 当场 抓获 经 鉴定 上述 物品 为 毒品 甲基苯丙胺 共重 0.18克,1
traffic_in,武汉市 江岸区 人民检察院 指控 2013年12月15日16时 许 被告人   <e1>   林某   </e1>   在 本市 江岸区 二七 新三村 51 号 102 室 其 家中 以 人民币 600 元 的 价格 向 廖某 贩卖 1 包 塑料袋 装 红色 片剂 后 被 公安人员 当场 抓获 经 鉴定 上述 物品 为 毒品   <e2>   甲基苯丙胺   </e2>   共重 0.18克,0
NA,武汉市 江岸区 人民检察院 指控 2013年12月15日16时 许 被告人 林某 在 本市 江岸区 二七 新三村 51 号 102 室 其 家中 以 人民币 600 元 的 价格 向   <e1>   廖某   </e1>   贩卖 1 包 塑料袋 装 红色 片剂 后 被 公安人员 当场 抓获 经 鉴定 上述 物品 为 毒品   <e2>   甲基苯丙胺   </e2>   共重 0.18克,4
NA,武汉市 江岸区 人民检察院 指控   <e1>   2013年12月15日16时   </e1>   许 被告人 林某 在 本市 江岸区 二七 新三村 51 号 102 室 其 家中 以 人民币 600 元 的 价格 向 廖某 贩卖 1 包 塑料袋 装 红色 片剂 后 被 公安人员 当场 抓获 经 鉴定 上述 物品 为 毒品 甲基苯丙胺 共重   <e2>   0.18克   </e2>  ,4
posess,黎城县 人民检察院 指控 2016年8月2日 被告人   <e1>   韩朝军   </e1>   被 黎城县 公安局 派出所 民警 查获 在 其 住所 外 停放 车辆 内 查获   <e2>   甲卡西酮   </e2>   754.58克 咖啡因 73.53克,2
posess,黎城县 人民检察院 指控 2016年8月2日 被告人   <e1>   韩朝军   </e1>   被 黎城县 公安局 派出所 民警 查获 在 其 住所 外 停放 车辆 内 查获 甲卡西酮 754.58克   <e2>   咖啡因   </e2>   73.53克,2
NA,黎城县 人民检察院 指控 2016年8月2日 被告人 韩朝军 被 黎城县 公安局 派出所 民警 查获 在 其 住所 外 停放 车辆 内 查获   <e1>   甲卡西酮   < /   <e2>   754.58克   </e2>   . 58 克 咖啡因 73.53克,4
NA,黎城县 人民检察院 指控   <e1>   2016年8月2日   </e1>   被告人 韩朝军 被 黎城县 公安局 派出所 民警 查获 在 其 住所 外 停放 车辆 内 查获 甲卡西酮 754.58克 咖啡因   <e2>   73.53克   </e2>  ,4
posess,公诉 机关 指控 2014年12月 1 4日 22 时许 民警 在 无锡市惠山区 平湖 苑 41 号 102 室内 查获 涉嫌 吸毒 的 被告人   <e1>   朱某某   </e1>   并 从 该处 查获 其 持有 的   <e2>   甲基苯丙胺   </e2>   13.87 克 归案 后 被告人 朱某某 如实 供述 了 自己 的 犯罪事实,2
NA,公诉 机关 指控 2014年12月 1 4日 22 时许 民警 在   <e1>   无锡市惠山区   </e1>   平湖 苑 41 号 102 室内 查获 涉嫌 吸毒 的 被告人 朱某某 并 从 该处 查获 其 持有 的 甲基苯丙胺 13.87 克 归案 后 被告人   <e2>   朱某某   </e2>   如实 供述 了 自己 的 犯罪事实,4
NA,公诉 机关 指控 2014年12月 1 4日 22 时许 民警 在 无锡市惠山区 平湖 苑 41 号 102 室内 查获 涉嫌 吸毒 的 被告人   <e1>   朱某某   </e1>   并 从 该处 查获 其 持有 的   <e2>   甲基苯丙胺   </e2>   13.87 克 归案 后 被告人 朱某某 如实 供述 了 自己 的 犯罪事实,4
provide_shelter_for,公诉 机关 指控 2016 年 8 月 29 日 16 时至 19时 许 被告人   <e1>   曾某某   </e1>   在 本市 洪山区 绿岛 新区 4 栋 3 门 某某 的 家中 容留   <e2>   桂某   </e2>   张某 罗某民 吸食毒品 麻某 后 被 公安机关 当场 抓获 公诉 机关 认为 被告人 曾某某 具有 犯罪 前科 自愿 认罪 的 处罚 情节 建议 判处 被告人 曾某某 一年 以下 有期徒刑 拘役 或者 管制 并 处罚金,3
provide_shelter_for,公诉 机关 指控 2016 年 8 月 29 日 16 时至 19时 许 被告人   <e1>   曾某某   </e1>   在 本市 洪山区 绿岛 新区 4 栋 3 门 某某 的 家中 容留 桂某   <e2>   张某   </e2>   罗某民 吸食毒品 麻某 后 被 公安机关 当场 抓获 公诉 机关 认为 被告人 曾某某 具有 犯罪 前科 自愿 认罪 的 处罚 情节 建议 判处 被告人 曾某某 一年 以下 有期徒刑 拘役 或者 管制 并 处罚金,3
provide_shelter_for,公诉 机关 指控 2016 年 8 月 29 日 16 时至 19时 许 被告人   <e1>   曾某某   </e1>   在 本市 洪山区 绿岛 新区 4 栋 3 门 某某 的 家中 容留 桂某 张某   <e2>   罗某民   </e2>   吸食毒品 麻某 后 被 公安机关 当场 抓获 公诉 机关 认为 被告人 曾某某 具有 犯罪 前科 自愿 认罪 的 处罚 情节 建议 判处 被告人 曾某某 一年 以下 有期徒刑 拘役 或者 管制 并 处罚金,3
NA,公诉 机关 指控 2016 年 8 月 29 日 16 时至   <e1>   19时   </e1>   许 被告人 曾某某 在 本市 洪山区 绿岛 新区 4 栋 3 门 某某 的 家中 容留 桂某 张某 罗某民 吸食毒品 麻某 后 被 公安机关 当场 抓获 公诉 机关 认为 被告人 曾某某 具有 犯罪 前科 自愿 认罪 的 处罚 情节 建议 判   <e2>   曾某某   </e2>   人 曾某某 一年 以下 有期徒刑 拘役 或者 管制 并 处罚金,4
NA,公诉 机关 指控 2016 年 8 月 29 日 16 时至   <e1>   19时   </e1>   许 被告人 曾某某 在 本市 洪山区 绿岛 新区 4 栋 3 门 某某 的 家中 容留 桂某 张某 罗某民 吸食毒品 麻某 后 被 公安机关 当场 抓获 公诉 机关 认为 被告人   <e2>   曾某某   </e2>   具有 犯罪 前科 自愿 认罪 的 处罚 情节 建议 判处 被告人 曾某某 一年 以下 有期徒刑 拘役 或者 管制 并 处罚金,4
provide_shelter_for,公诉 机关 指控 2016 年 3 月 至 5 月 期间 被告人   <e1>   刘某某1   </e1>   在 汪清县 汪清 镇合 信家苑 B 区 7 号楼 4 单元 901 室 家中 先后 容留   <e2>   钱胜   </e2>   吸食 甲基苯丙胺 冰毒 两次 容留 刘刚 吸食 甲基苯丙胺 冰毒 一次 容留 姜广毅 吸食 甲基苯丙胺 冰毒 一次,3
provide_shelter_for,公诉 机关 指控 2016 年 3 月 至 5 月 期间 被告人   <e1>   刘某某1   </e1>   在 汪清县 汪清 镇合 信家苑 B 区 7 号楼 4 单元 901 室 家中 先后 容留 钱胜 吸食 甲基苯丙胺 冰毒 两次 容留   <e2>   刘刚   </e2>   吸食 甲基苯丙胺 冰毒 一次 容留 姜广毅 吸食 甲基苯丙胺 冰毒 一次,3
provide_shelter_for,公诉 机关 指控 2016 年 3 月 至 5 月 期间 被告人   <e1>   刘某某1   </e1>   在 汪清县 汪清 镇合 信家苑 B 区 7 号楼 4 单元 901 室 家中 先后 容留 钱胜 吸食 甲基苯丙胺 冰毒 两次 容留 刘刚 吸食 甲基苯丙胺 冰毒 一次 容留   <e2>   姜广毅   </e2>   吸食 甲基苯丙胺 冰毒 一次,3
NA,公诉 机关 指控 2016 年 3 月 至 5 月 期间 被告人 刘某某1 在 汪清县 汪清 镇合 信家苑 B 区 7 号楼 4 单元 901 室 家中 先后 容留 钱胜 吸食 甲基苯丙胺   <e1>   冰毒   </e1>   两次 容留   <e2>   甲基苯丙胺   </e2>   基 苯丙胺 冰毒 一次 容留 姜广毅 吸食 甲基苯丙胺 冰毒 一次,4
NA,公诉 机关 指控 2016 年 3 月 至 5 月 期间 被告人 刘某某1 在 汪清县 汪清 镇合 信家苑 B 区 7 号楼 4 单元 901 室 家中 先后 容留 钱胜 吸食 甲基苯丙胺   <e1>   冰毒   </e1>   两次 容留 刘刚 吸食 甲基苯丙胺 冰毒 一次 容留 姜广毅 吸食 甲基   <e2>   冰毒   </e2>   胺 冰毒 一次,4
posess,武汉市 硚口区 人民检察院 指控 2013年10月 18 日 1 时许 被告人 丁某 驾驶 车牌号 为 鄂 a 的 小轿车 路经 本市 硚口区 沿河 大道 晴川桥 遇 武汉市公安局 硚口区 交通 大队 民警 设卡 检查 被告人   <e1>   丁某   </e1>   驾车 逃离现场 时 将 车内 皮包 掉 出车 外 民警 在 该 皮包 内 查获 21.33 克   <e2>   甲基苯丙胺片剂   </e2>   俗称 麻果 及 甲基苯丙胺 冰毒 2014 年 11月 2 7日 被告人 丁某 到 公安机关 投案自首,2
posess,武汉市 硚口区 人民检察院 指控 2013年10月 18 日 1 时许 被告人 丁某 驾驶 车牌号 为 鄂 a 的 小轿车 路经 本市 硚口区 沿河 大道 晴川桥 遇 武汉市公安局 硚口区 交通 大队 民警 设卡 检查 被告人   <e1>   丁某   </e1>   驾车 逃离现场 时 将 车内 皮包 掉 出车 外 民警 在 该 皮包 内 查获 21.33 克 甲基苯丙胺片剂 俗称 麻果 及   <e2>   甲基苯丙胺   </e2>   冰毒 2014 年 11月 2 7日 被告人 丁某 到 公安机关 投案自首,2
NA,武汉市 硚口区 人民检察院 指控 2013年10月 18 日 1 时许 被告人 丁某 驾驶 车牌号 为 鄂 a 的 小轿车 路经 本市 硚口区 沿河 大道 晴川桥 遇 武汉市公安局 硚口区 交通 大队 民警 设卡 检查 被告人 丁某 驾车 逃离现场 时 将 车内 皮包 掉 出车 外 民警 在 该 皮包 内 查获 21.33 克   <e1>   甲基苯丙胺片剂   </e1>   俗称 麻果 及 甲基苯丙胺   <e2>   冰毒   </e2>   2014 年 11月 2 7日 被告人 丁某 到 公安机关 投案自首,4
NA,武汉市 硚口区 人民检察院 指控 2013年10月 18 日 1 时许 被告人 丁某 驾驶 车牌号 为 鄂 a 的 小轿车 路经 本市 硚口区 沿河 大道   <e1>   晴川桥   </e1>   遇 武汉市公安局 硚口区 交通 大队 民警 设卡 检查 被告人 丁某 驾车 逃离现场 时 将 车内 皮包 掉 出车 外 民警 在 该 皮包 内 查获 21.33 克 甲基苯丙胺片剂 俗称 麻果 及 甲基   <e2>   冰毒   </e2>   胺 冰毒 2014 年 11月 2 7日 被告人 丁某 到 公安机关 投案自首,4
provide_shelter_for,苏州市 虎丘区 人民检察院 指控 被告人   <e1>   陈某某   </e1>   于 2014 年 4 月 至 6 月 期间 在 本市虎丘区通安镇苏锡路通安老粮库内的钱氏钢管租赁站办公室内 先后 5 次 容留   <e2>   王某某   </e2>   吸食 甲基苯丙胺 2014 年 7 月 1 日 被告人 陈某某 因涉嫌 吸食毒品 被 传唤 在 询问 中 主动 交代 了 上述 犯罪事实 公诉 机关 认为 被告人 陈某某 的 行为 已 构成 容留 他人 吸毒 罪 鉴于 其系 自首 可以 从轻 处罚 为 证实 上述 指控 的 事实 及 公诉 意见 公诉人 当庭 讯问 了 被告人 陈某某 并 宣读 和 出示 了 相关 的 证据 材料,3
NA,苏州市 虎丘区 人民检察院 指控 被告人 陈某某 于 2014 年 4 月 至 6 月 期间 在 本市虎丘区通安镇苏锡路通安老粮库内的钱氏钢管租赁站办公室内 先后 5 次 容留 王某某 吸食 甲基苯丙胺 2014 年 7 月 1 日 被告人 陈某某 因涉嫌 吸食毒品 被 传唤 在 询问 中 主动 交代 了 上述 犯罪事实 公诉 机关 认为 被告人   <e1>   陈某某   </e1>   的 行为 已 构成 容留 他人 吸毒 罪 鉴于 其系 自首 可以 从轻 处罚 为 证实 上述 指控 的 事实 及 公诉 意见 公诉人 当庭 讯问   <e2>   陈某某   </e2>   人 陈某某 并 宣读 和 出示 了 相关 的 证据 材料,4
NA,苏州市 虎丘区 人民检察院 指控 被告人   <e1>   陈某某   </e1>   于 2014 年 4 月 至 6 月 期间 在   <e2>   本市虎丘区通安镇苏锡路通安老粮库内的钱氏钢管租赁站办公室内   </e2>   先后 5 次 容留 王某某 吸食 甲基苯丙胺 2014 年 7 月 1 日 被告人 陈某某 因涉嫌 吸食毒品 被 传唤 在 询问 中 主动 交代 了 上述 犯罪事实 公诉 机关 认为 被告人 陈某某 的 行为 已 构成 容留 他人 吸毒 罪 鉴于 其系 自首 可以 从轻 处罚 为 证实 上述 指控 的 事实 及 公诉 意见 公诉人 当庭 讯问 了 被告人 陈某某 并 宣读 和 出示 了 相关 的 证据 材料,4
sell_drugs_to,公诉 机关 指控 2012 年 10 月 5 日 8 时许 阿达 另案处理 打电话 给 被告人 卢某 叫   <e1>   卢某   </e1>   到 上洋镇 挖 仔村 公厕 处 贩卖毒品 海洛因 给 吸毒 人员   <e2>   卢甲   </e2>   后 卢某 到 了 约定 地点 将 一粒 价值 20 元 的 毒品 海洛因 卖 给 卢甲 2012 年 10 月 6 日 8 时许 阿达 再次 打电话 给 卢某 叫 卢某 到 上洋镇 挖 仔村 公厕 处 贩卖毒品 海洛因 给 吸毒 人员 卢甲 后 卢某 到 了 约定 地点 将 一粒 价值 20 元 的 毒品 海洛因 卖 给 卢甲 2012 年 10 月 8 日 阳西县 上洋镇 派出所 民警 在 上洋 镇南 山海 矿 路口 附近 将 被告人 卢某 抓获 从 其 身上 缴获 可疑 毒品 0.5克 经 公安 技术 部门 鉴定 该 可疑 毒品 含有 海洛因 成分 公诉 机关 向 本院 提交 量刑 建议书 建议 对 被告人 卢某 判处 十个月 以上 一年 六个月 以下 有期徒刑 并 处罚金,1
traffic_in,公诉 机关 指控 2012 年 10 月 5 日 8 时许 阿达 另案处理 打电话 给 被告人 卢某 叫   <e1>   卢某   </e1>   到 上洋镇 挖 仔村 公厕 处 贩卖毒品   <e2>   海洛因   </e2>   给 吸毒 人员 卢甲 后 卢某 到 了 约定 地点 将 一粒 价值 20 元 的 毒品 海洛因 卖 给 卢甲 2012 年 10 月 6 日 8 时许 阿达 再次 打电话 给 卢某 叫 卢某 到 上洋镇 挖 仔村 公厕 处 贩卖毒品 海洛因 给 吸毒 人员 卢甲 后 卢某 到 了 约定 地点 将 一粒 价值 20 元 的 毒品 海洛因 卖 给 卢甲 2012 年 10 月 8 日 阳西县 上洋镇 派出所 民警 在 上洋 镇南 山海 矿 路口 附近 将 被告人 卢某 抓获 从 其 身上 缴获 可疑 毒品 0.5克 经 公安 技术 部门 鉴定 该 可疑 毒品 含有 海洛因 成分 公诉 机关 向 本院 提交 量刑 建议书 建议 对 被告人 卢某 判处 十个月 以上 一年 六个月 以下 有期徒刑 并 处罚金,0
NA,公诉 机关 指控 2012 年 10 月 5 日 8 时许 阿达 另案处理 打电话 给 被告人 卢某 叫 卢某 到 上洋镇 挖 仔村 公厕 处 贩卖毒品 海洛因 给 吸毒 人员 卢甲 后   <e1>   卢某   </e1>   到 了 约定 地点 将 一粒 价值 20   <e2>   海洛因   </e2>   品 海洛因 卖 给 卢甲 2012 年 10 月 6 日 8 时许 阿达 再次 打电话 给 卢某 叫 卢某 到 上洋镇 挖 仔村 公厕 处 贩卖毒品 海洛因 给 吸毒 人员 卢甲 后 卢某 到 了 约定 地点 将 一粒 价值 20 元 的 毒品 海洛因 卖 给 卢甲 2012 年 10 月 8 日 阳西县 上洋镇 派出所 民警 在 上洋 镇南 山海 矿 路口 附近 将 被告人 卢某 抓获 从 其 身上 缴获 可疑 毒品 0.5克 经 公安 技术 部门 鉴定 该 可疑 毒品 含有 海洛因 成分 公诉 机关 向 本院 提交 量刑 建议书 建议 对 被告人 卢某 判处 十个月 以上 一年 六个月 以下 有期徒刑 并 处罚金,4
NA,公诉 机关 指控 2012 年 10 月 5 日 8 时许 阿达 另案处理 打电话 给 被告人 卢某 叫 卢某 到 上洋镇 挖 仔村 公厕 处 贩卖毒品 海洛因 给 吸毒 人员 卢甲 后   <e1>   卢某   </e1>   到 了 约定 地点 将 一粒 价值 20 元 的 毒品 海洛因 卖 给 卢甲 2012 年 10 月 6 日 8 时许 阿达 再次 打电话 给 卢某 叫 卢某 到 上洋镇 挖 仔村 公厕 处 贩卖毒品 海洛因 给 吸毒 人员   <e2>   卢甲   </e2>   后 卢某 到 了 约定 地点 将 一粒 价值 20 元 的 毒品 海洛因 卖 给 卢甲 2012 年 10 月 8 日 阳西县 上洋镇 派出所 民警 在 上洋 镇南 山海 矿 路口 附近 将 被告人 卢某 抓获 从 其 身上 缴获 可疑 毒品 0.5克 经 公安 技术 部门 鉴定 该 可疑 毒品 含有 海洛因 成分 公诉 机关 向 本院 提交 量刑 建议书 建议 对 被告人 卢某 判处 十个月 以上 一年 六个月 以下 有期徒刑 并 处罚金,4
posess,公诉 机关 指控 2013年10月 22 日 10 时许 同江市 公安局 侦查员 在 检查 中 发现 同江市 寄卖 行内 有 吸食毒品 用 的 冰壶 吸管 等 物品 经对 寄卖 行业 主   <e1>   王xx   </e1>   尿样 检测 呈 阳性 后 对 其 住处 进行 检查 查获   <e2>   甲基苯丙胺   </e2>   冰毒 2 2.7克 甲基苯丙胺片剂 俗称 麻古 0.2克 王xx 被 公安机关 当场 抓获,2
NA,公诉 机关 指控 2013年10月 22 日 10 时许 同江市 公安局 侦查员 在 检查 中 发现 同江市 寄卖 行内 有 吸食毒品 用 的 冰壶 吸管 等 物品 经对 寄卖 行业 主   <e1>   王xx   </e1>   尿样 检测 呈 阳性 后 对 其 住处 进行 检查 查获 甲基苯丙胺 冰毒 2 2.7克 甲基苯丙胺片剂 俗称 麻古   <e2>   0.2克   </e2>   王xx 被 公安机关 当场 抓获,4
NA,公诉 机关 指控 2013年10月 22 日 10 时许 同江市 公安局 侦查员 在 检查 中 发现   <e1>   同江市   </e1>   寄卖 行内 有 吸食毒品 用 的 冰壶 吸管 等 物品 经对 寄卖 行业 主 王xx 尿样 检测 呈 阳性 后 对 其 住处 进行 检查 查获 甲基苯丙胺   <e2>   冰毒   </e2>   2 2.7克 甲基苯丙胺片剂 俗称 麻古 0.2克 王xx 被 公安机关 当场 抓获,4
posess,吉林市 船营区 人民检察院 指控 被告人   <e1>   韩立东   </e1>   于 2014年10月初 以 人民币 3 万元 的 价格 从 广西 一 毒贩 处 购买   <e2>   甲基苯丙胺   </e2>   冰毒 7 包 甲基苯丙胺片剂 俗称 麻古 3 包 2014 年 11月 11 日 韩立东 在 本市 龙潭区 东方 雅苑 19 号楼 3 单元 门口 收取 装有 上述 毒品 的 包裹 后 被 公安机关 当场 抓获 经 称重 韩立东 购买 甲基苯丙胺 共计 237.75 克 而后 公安人员 又 从 其 家中 搜查 出 甲基苯丙胺 冰毒 及 甲基苯丙胺片剂 俗称 麻古 共计 34.89 克 综上 被告人 韩立东 共 持有 甲基苯丙胺 272.64 克,2
NA,吉林市 船营区 人民检察院 指控 被告人 韩立东 于 2014年10月初 以 人民币 3 万元 的 价格 从 广西 一 毒贩 处 购买 甲基苯丙胺 冰毒 7 包 甲基苯丙胺片剂 俗称 麻古 3 包 2014 年 11月 11 日 韩立东 在 本市   <e1>   龙潭区   </e1>   东方 雅苑 19 号楼 3 单元 门口 收取 装有 上述 毒品 的 包裹 后 被 公安机关 当场 抓获 经 称重 韩立东 购买 甲基苯丙胺 共计 237.75 克 而后 公安人员 又 从 其 家中 搜查 出   <e2>   甲基苯丙胺   </e2>   冰毒 及 甲基苯丙胺片剂 俗称 麻古 共计 34.89 克 综上 被告人 韩立东 共 持有 甲基苯丙胺 272.64 克,4
NA,吉林市 船营区 人民检察院 指控 被告人 韩立东 于 2014年10月初 以 人民币 3 万元 的 价格 从 广西 一 毒贩 处 购买 甲基苯丙胺 冰毒 7 包 甲基苯丙胺片剂 俗称 麻古 3 包 2014 年 11月 11 日   <e1>   韩立东   </e1>   在 本市 龙潭区 东方 雅苑 19 号楼 3 单元 门口 收取 装有 上述 毒品 的 包裹 后 被 公安机关 当场 抓获 经 称重 韩   <e2>   甲基苯丙胺   </e2>   基 苯丙胺 共计 237.75 克 而后 公安人员 又 从 其 家中 搜查 出 甲基苯丙胺 冰毒 及 甲基苯丙胺片剂 俗称 麻古 共计 34.89 克 综上 被告人 韩立东 共 持有 甲基苯丙胺 272.64 克,4
sell_drugs_to,公诉 机关 指控 2013 年 12月6日 购毒 人员 邱某某 在 广州市萝岗区 与 同案 人 四眼 宋哥 另案处理 通过 电话 联系 交易 毒品 后 同案 人 四眼 与 被告人 陈XX 一同 去 至 广州市白云区大源村张家港好又多购物城门口 当日15时 许 被告人   <e1>   陈XX   </e1>   受 同案 人 指使 在 上址 将 2 小包 毒品 经 检验 红色 颗粒 1 包 净重 2.99克 白色晶体 1 包 净重 0.37克 均 检出 甲基苯丙胺 成分 以 人民币 400 元 的 价格 贩卖 给   <e2>   邱某某   </e2>   时 被 公安人员 人赃并获,1
traffic_in,公诉 机关 指控 2013 年 12月6日 购毒 人员 邱某某 在 广州市萝岗区 与 同案 人 四眼 宋哥 另案处理 通过 电话 联系 交易 毒品 后 同案 人 四眼 与 被告人 陈XX 一同 去 至 广州市白云区大源村张家港好又多购物城门口 当日15时 许 被告人   <e1>   陈XX   </e1>   受 同案 人 指使 在 上址 将 2 小包 毒品 经 检验 红色 颗粒 1 包 净重 2.99克 白色晶体 1 包 净重 0.37克 均 检出   <e2>   甲基苯丙胺   </e2>   成分 以 人民币 400 元 的 价格 贩卖 给 邱某某 时 被 公安人员 人赃并获,0
NA,公诉 机关 指控 2013 年 12月6日 购毒 人员 邱某某 在   <e1>   广州市萝岗区   </e1>   与 同案 人 四眼 宋哥 另案处理 通过 电话 联系 交易 毒品 后 同案 人 四眼 与 被告人 陈XX   <e2>   广州市白云区大源村张家港好又多购物城门口   </e2>   物 城门口 当日15时 许 被告人 陈XX 受 同案 人 指使 在 上址 将 2 小包 毒品 经 检验 红色 颗粒 1 包 净重 2.99克 白色晶体 1 包 净重 0.37克 均 检出 甲基苯丙胺 成分 以 人民币 400 元 的 价格 贩卖 给 邱某某 时 被 公安人员 人赃并获,4
NA,公诉 机关 指控 2013 年 12月6日 购毒 人员 邱某某 在 广州市萝岗区 与 同案 人 四眼 宋哥 另案处理 通过 电话 联系 交易 毒品 后 同案 人 四眼 与 被告人 陈XX 一同 去 至   <e1>   广州市白云区大源村张家港好又多购物城门口   < / e   <e2>   当日15时   </e2>   日 15 时许 被告人 陈XX 受 同案 人 指使 在 上址 将 2 小包 毒品 经 检验 红色 颗粒 1 包 净重 2.99克 白色晶体 1 包 净重 0.37克 均 检出 甲基苯丙胺 成分 以 人民币 400 元 的 价格 贩卖 给 邱某某 时 被 公安人员 人赃并获,4
posess,耒阳市 人民检察院 指控 2016年3月22日13时 许 耒阳市 公安局 接到 报警 称 有人 在 耒阳市 城北 路 白山 坪 煤矿 职工 集资房 东面 4 楼 的住房内 制造 毒品 其后 民警 在 该 居民楼 一楼 楼梯间 将 被告人   <e1>   何岸强   </e1>   抓获 并 从 其 身上 缴获 2 包晶 状物 和 45 粒 药丸 及 1 小包   <e2>   麻古   </e2>   套餐 从 其 住所 缴获 疑似 麻古 的 颗粒状 物质 252 粒用 金属 铁盒 盛装 的 疑似 半成品 麻古 的 红色 粉末 1 盒用 榨汁机 容器 盛装 的 疑似 半成品 麻古 的 红色 粉末 1 盒 疑似 氯胺酮 的 白色 粉末 2 包 疑似 制毒 原料 的 红褐色 不明 液体 11 瓶经 衡阳市 公安局 检验 上述 被 搜获 的 疑似 毒品 物质 分别 被 检出 甲基苯丙胺 咖啡因 氯胺酮 成分 其中 冰毒 15.05 克 麻古 124.3 2克 K粉 5.4 1克 液体 毒品 11 瓶,2
NA,耒阳市 人民检察院 指控   <e1>   2016年3月22日13时   </e1>   许 耒阳市 公安局 接到 报警 称 有人 在 耒阳市 城北 路 白山 坪 煤矿 职工 集资房 东面 4 楼 的住房内 制造 毒品 其后 民警 在 该 居民楼 一楼 楼梯间 将 被告人 何岸强 抓获 并 从 其 身上 缴获 2 包晶 状物 和 45 粒 药丸 及 1 小包 麻古 套餐 从 其 住所 缴获 疑似 麻古 的 颗粒状 物质 252 粒用 金属 铁盒 盛装 的 疑似 半成品 麻古 的 红色 粉末 1 盒用 榨汁机 容器 盛装 的 疑似 半成品 麻古 的 红色 粉末 1 盒 疑似 氯胺酮 的 白色 粉末 2 包 疑似 制毒 原料 的 红褐色 不明 液体 11 瓶经 衡阳市 公安局 检验 上述 被 搜获 的 疑似 毒品 物质 分别 被 检出 甲基苯丙胺 咖啡因 氯胺酮 成分 其中   <e2>   冰毒   </e2>   15.05 克 麻古 124.3 2克 K粉 5.4 1克 液体 毒品 11 瓶,4
NA,耒阳市 人民检察院 指控 2016年3月22日13时 许 耒阳市 公安局 接到 报警 称 有人 在 耒阳市 城北 路 白山 坪 煤矿 职工 集资房 东面 4 楼 的住房内 制造 毒品 其后 民警 在 该 居民楼 一楼 楼梯间 将 被告人   <e1>   何岸强   </e1>   抓获 并 从 其 身上 缴获 2 包晶 状物 和 45 粒 药丸 及 1 小包 麻古 套餐 从 其 住所 缴获 疑似 麻古 的 颗粒状 物质 252 粒用 金属 铁盒 盛装 的 疑似 半成品 麻古 的 红色 粉末 1 盒用 榨汁机 容器 盛装 的 疑似 半成品 麻古 的 红色 粉末 1 盒 疑似 氯胺酮 的 白色 粉末 2 包 疑似 制毒 原料 的 红褐色 不明 液体 11 瓶经 衡阳市 公安局 检验 上述 被 搜获 的 疑似 毒品 物质 分别 被 检出 甲基苯丙胺 咖啡因 氯胺酮 成   <e2>   冰毒   </e2>   其中 冰毒 15.05 克 麻古 124.3 2克 K粉 5.4 1克 液体 毒品 11 瓶,4
posess,南京 铁路运输 检察院 起诉 指控 2008年11月4日9时 许 被告人 韦某某 持 当日 T765 次 常州 至 无锡 车票 从 常州 火车站 进站 时 民警 从 其 右脚 踝关节 外侧 的 袜子 里 查获 用 塑料袋 装 的 淡黄色 块状 物 经常 州市 公安局 物证 检验 鉴定 被告人   <e1>   韦某某   </e1>   携带 的 淡黄色 块状 物重 14.7 克 从中 检出   <e2>   海洛因   </e2>   成份 现已 由 公安机关 扣押 被告人 韦某某 的 尿液 呈 吗啡 类 成份 阳性,2
NA,南京 铁路运输 检察院 起诉 指控 2008年11月4日9时 许 被告人 韦某某 持 当日 T765 次 常州 至 无锡 车票 从 常州 火车站 进站 时 民警 从 其 右脚 踝关节 外侧 的 袜子 里 查获 用 塑料袋 装 的 淡黄色 块状 物 经常 州市 公安局 物证 检验 鉴定 被告人   <e1>   韦某某   </e1>   携带 的 淡黄色 块状 物重 14.7 克 从中 检出   <e2>   海洛因   </e2>   成份 现已 由 公安机关 扣押 被告人 韦某某 的 尿液 呈 吗啡 类 成份 阳性,4
NA,南京 铁路运输 检察院 起诉 指控   <e1>   2008年11月4日9时   </e1>   许 被告人 韦某某 持 当日 T765 次 常州 至 无锡 车票 从 常州 火车站 进站 时 民警 从 其 右脚 踝关节 外侧 的 袜子 里 查获 用 塑料袋 装 的 淡黄色 块状 物 经常 州市 公安局 物证 检验 鉴定 被告人 韦某某 携带 的 淡黄色 块状 物重 14.7 克 从中 检出 海洛因 成份 现已 由 公安机关 扣押   <e2>   韦某某   </e2>   人 韦某某 的 尿液 呈 吗啡 类 成份 阳性,4
posess,经 审理 查明 2013年11月 4日 12 时许 灵山县 公安局 旧州 派出所 根据 群众 举报 在 灵山县灵城镇龙武 路口 附近 一小 卖店 前 将 被告人 邱永顺 抓获 民警 从 被告人   <e1>   邱永顺   </e1>   携带 的 行李袋 里 缴获 4 包 净重 3.94 千克 的 毒品   <e2>   氯胺酮   </e2>   当日 被告人 邱永顺 因 本案 被 刑事拘留,2
NA,经 审理 查明 2013年11月 4日 12 时许 灵山县 公安局 旧州 派出所 根据 群众 举报 在   <e1>   灵山县灵城镇龙武   </e1>   路口 附近 一小 卖店 前 将 被告人 邱永顺 抓获 民警 从 被告人 邱永顺 携带 的 行李袋 里 缴获 4 包 净重 3.94 千   <e2>   氯胺酮   </e2>   品 氯胺酮 当日 被告人 邱永顺 因 本案 被 刑事拘留,4
NA,经 审理 查明 2013年11月 4日 12 时许 灵山县 公安局 旧州 派出所 根据 群众 举报 在   <e1>   灵山县灵城镇龙武   </e1>   路口 附近 一小 卖店 前 将 被告人 邱永顺 抓获 民警 从 被告人 邱永顺 携带 的 行李袋 里 缴获 4 包 净重 3.94 千克 的 毒品 氯胺酮   <e2>   当日   </e2>   被告人 邱永顺 因 本案 被 刑事拘留,4
sell_drugs_to,公诉 机关 指控 2009 年 3 月 25 日 被告人 亢 某某 伙同   <e1>   赵贵升   < / e   <e2>   仝其田   </e2>   向 仝其田 的 银行卡 户名 李国超 卡号 xx x 上 汇款 45000 元 用于 购买 200 片 盐酸二氢埃托啡片 赵贵升 在 原平市 高速 路口 接货 时 被 抓获 为 证实 上述 犯罪事实 公诉 机关 向 法庭 提供 了 被告人 亢 某某 的 供述 证人 仝赵 的 陈述 书证 物证 等 证据 认为 被告人 亢 某某 的 行为 触犯 中华人民共和国 刑法 第三 百 四十八条 之 规定 应 以 非法 持有 毒品 罪 追究其 刑事责任 被告人 亢 某某 五年 内 又 犯新罪 符合 中华人民共和国 刑法 第六十五条 之 规定 构成 累犯 请 依法 判处,1
traffic_in,公诉 机关 指控 2009 年 3 月 25 日 被告人 亢 某某 伙同 赵贵升 向   <e1>   仝其田   </e1>   的 银行卡 户名 李国超 卡号 xx x 上 汇款 45000 元 用于 购买 200 片   <e2>   盐酸二氢埃托啡片   </e2>   赵贵升 在 原平市 高速 路口 接货 时 被 抓获 为 证实 上述 犯罪事实 公诉 机关 向 法庭 提供 了 被告人 亢 某某 的 供述 证人 仝赵 的 陈述 书证 物证 等 证据 认为 被告人 亢 某某 的 行为 触犯 中华人民共和国 刑法 第三 百 四十八条 之 规定 应 以 非法 持有 毒品 罪 追究其 刑事责任 被告人 亢 某某 五年 内 又 犯新罪 符合 中华人民共和国 刑法 第六十五条 之 规定 构成 累犯 请 依法 判处,0
NA,公诉 机关 指控 2009 年 3 月 25 日 被告人 亢 某某 伙同 赵贵升 向 仝其田 的 银行卡 户名 李国超 卡号 xx x 上 汇款 45000 元 用于 购买 200 片 盐酸二氢埃托啡片   <e1>   赵贵升   </e1>   在 原平市 高速 路口 接货 时 被 抓获 为 证实 上述 犯罪事实 公诉 机关 向 法庭 提供 了 被告人 亢 某某 的 供述 证人 仝赵 的 陈述 书证 物证 等 证据 认为 被告人 亢 某某 的 行为 触犯   <e2>   中华人民共和国   </e2>   刑法 第三 百 四十八条 之 规定 应 以 非法 持有 毒品 罪 追究其 刑事责任 被告人 亢 某某 五年 内 又 犯新罪 符合 中华人民共和国 刑法 第六十五条 之 规定 构成 累犯 请 依法 判处,4
NA,公诉 机关 指控 2009 年 3 月 25 日 被告人 亢 某某 伙同 赵贵升 向 仝其田 的 银行卡 户名 李国超 卡号 xx x 上 汇款 45000 元 用于 购买 200 片 盐酸二氢埃托啡片 赵贵升 在   <e1>   原平市   </e1>   高速 路口 接货 时 被 抓获 为 证实 上述 犯罪事实 公诉 机关 向 法庭 提供 了 被告人 亢 某某 的 供述 证人   <e2>   赵   </e2>   赵 的 陈述 书证 物证 等 证据 认为 被告人 亢 某某 的 行为 触犯 中华人民共和国 刑法 第三 百 四十八条 之 规定 应 以 非法 持有 毒品 罪 追究其 刑事责任 被告人 亢 某某 五年 内 又 犯新罪 符合 中华人民共和国 刑法 第六十五条 之 规定 构成 累犯 请 依法 判处,4
sell_drugs_to,武汉市 蔡甸区 人民检察院 指控 2015年10月 22 日 13 时许 被告人   <e1>   余志刚   </e1>   在 其 住处 向   <e2>   周某   </e2>   贩卖毒品 甲基苯丙胺片剂 俗称 麻果 6 颗 随后 被 布控 在 此 的 民警 查获 公安机关 办案 人员 从 被告人 余志刚 处 搜出 白色晶体 及 圆形 片剂 等 毒品 疑似 物经 鉴定 上述 毒品 疑似 物均 为 毒品 甲基苯丙胺 共重 30.49克,1
traffic_in,武汉市 蔡甸区 人民检察院 指控 2015年10月 22 日 13 时许 被告人   <e1>   余志刚   </e1>   在 其 住处 向 周某 贩卖毒品   <e2>   甲基苯丙胺片剂   </e2>   俗称 麻果 6 颗 随后 被 布控 在 此 的 民警 查获 公安机关 办案 人员 从 被告人 余志刚 处 搜出 白色晶体 及 圆形 片剂 等 毒品 疑似 物经 鉴定 上述 毒品 疑似 物均 为 毒品 甲基苯丙胺 共重 30.49克,0
NA,武汉市 蔡甸区 人民检察院 指控 2015年10月 22 日 13 时许 被告人 余志刚 在 其 住处 向 周某 贩卖毒品   <e1>   甲基苯丙胺片剂   </e1>   俗称 麻果 6 颗 随后 被 布控 在 此 的 民警 查获 公安机关 办案 人员 从 被告人 余志刚 处 搜出 白色晶体 及 圆形 片剂 等 毒品 疑似 物经 鉴定 上述 毒品 疑似 物均 为 毒品 甲基 苯丙   <e2>   30.49克   </e2>   . 49 克,4
NA,武汉市 蔡甸区 人民检察院 指控 2015年10月 22 日 13 时许 被告人 余志刚 在 其 住处 向 周某 贩卖毒品 甲基苯丙胺片剂 俗称 麻果 6 颗 随后 被 布控 在 此 的 民警 查获 公安机关 办案 人员 从 被告人   <e1>   余志刚   </e1>   处 搜出 白色晶体 及 圆形 片剂 等 毒品 疑似 物经 鉴定 上述 毒品 疑似 物均 为 毒品 甲基苯丙胺 共重   <e2>   30.49克   </e2>  ,4
sell_drugs_to,公诉 机关 指控 2014 年 1 月 11 日 9 时许 祝 向 海淀区 公安机关 反映 小全 贩卖毒品 的 线索 并 通过 电话 向 其约购 毒品 后小全 转而 向 被告人 李约购 毒品 当日14时 许 被告人   <e1>   李   </e1>   在 本市 石景山区衙门口桥 附近 以 人民币 1000 元 的 价格 向   <e2>   祝   </e2>   贩卖 白色晶体 一包 被 民警 当场 抓获 经 鉴定 上述 白色晶体 系 甲基苯丙胺 净重 0.91克 民警 另 从 被告人 李处 起获 物品 一包 经 鉴定 系 甲基苯丙胺 净重 0.27 克 被告人 李 到案 后 如实 供述 了 上述 罪行,1
traffic_in,公诉 机关 指控 2014 年 1 月 11 日 9 时许 祝 向 海淀区 公安机关 反映 小全 贩卖毒品 的 线索 并 通过 电话 向 其约购 毒品 后小全 转而 向 被告人 李约购 毒品 当日14时 许 被告人   <e1>   李   </e1>   在 本市 石景山区衙门口桥 附近 以 人民币 1000 元 的 价格 向 祝 贩卖   <e2>   白色晶体   </e2>   一包 被 民警 当场 抓获 经 鉴定 上述 白色晶体 系 甲基苯丙胺 净重 0.91克 民警 另 从 被告人 李处 起获 物品 一包 经 鉴定 系 甲基苯丙胺 净重 0.27 克 被告人 李 到案 后 如实 供述 了 上述 罪行,0
NA,公诉 机关 指控 2014 年 1 月 11 日 9 时许 祝 向 海淀区 公安机关 反映 小全 贩卖毒品 的 线索 并 通过 电话 向 其约购 毒品 后小全 转而 向 被告人 李约购 毒品 当日14时 许 被告人 李在 本市   <e1>   石景山区衙门口桥   </e1>   附近 以 人民币 1000 元 的 价格 向 祝 贩卖 白色晶体 一包 被 民警 当场 抓获 经 鉴定 上述 白色晶体 系 甲基苯丙胺 净重   <e2>   0.91克   </e2>   民警 另 从 被告人 李处 起获 物品 一包 经 鉴定 系 甲基苯丙胺 净重 0.27 克 被告人 李 到案 后 如实 供述 了 上述 罪行,4
NA,公诉 机关 指控 2014 年 1 月 11 日 9 时许 祝 向 海淀区 公安机关 反映 小全 贩卖毒品 的 线索 并 通过 电话 向 其约购 毒品 后小全 转而 向 被告人 李约购 毒品 当日14时 许 被告人 李在 本市 石景山区衙门口桥 附近 以 人民币 1000 元 的 价格 向   <e1>   祝   </e1>   贩卖 白色晶体 一包 被 民警 当场 抓获 经 鉴定 上述 白色晶体 系 甲基苯丙胺 净重 0.91克 民警 另 从 被告人 李处 起获 物品 一包 经 鉴定 系   <e2>   甲基苯丙胺   </e2>   净重 0.27 克 被告人 李 到案 后 如实 供述 了 上述 罪行,4
posess,公诉 机关 指控 2014年3月 13 日晚 被告人 张某甲 伙同 刘某乙 宋某 三人 凑钱 由 被告人   <e1>   张某甲   </e1>   联系 他人 购买   <e2>   冰毒   </e2>   麻古 等 毒品 前往 被告人 张某甲 居住 的 某小区78号 家中 吸食 期间 经 刘某乙 电话 邀约 刘某甲 赶至 被告人 张某甲 家中 与 三人 共同 吸食毒品,2
posess,公诉 机关 指控 2014年3月 13 日晚 被告人 张某甲 伙同 刘某乙 宋某 三人 凑钱 由 被告人   <e1>   张某甲   </e1>   联系 他人 购买 冰毒   <e2>   麻古   </e2>   等 毒品 前往 被告人 张某甲 居住 的 某小区78号 家中 吸食 期间 经 刘某乙 电话 邀约 刘某甲 赶至 被告人 张某甲 家中 与 三人 共同 吸食毒品,2
provide_shelter_for,公诉 机关 指控 2014年3月 13 日晚 被告人   <e1>   张某甲   </e1>   伙同   <e2>   刘某乙   </e2>   宋某 三人 凑钱 由 被告人 张某甲 联系 他人 购买 冰毒 麻古 等 毒品 前往 被告人 张某甲 居住 的 某小区78号 家中 吸食 期间 经 刘某乙 电话 邀约 刘某甲 赶至 被告人 张某甲 家中 与 三人 共同 吸食毒品,3
provide_shelter_for,公诉 机关 指控 2014年3月 13 日晚 被告人   <e1>   张某甲   </e1>   伙同 刘某乙   <e2>   宋某   </e2>   三人 凑钱 由 被告人 张某甲 联系 他人 购买 冰毒 麻古 等 毒品 前往 被告人 张某甲 居住 的 某小区78号 家中 吸食 期间 经 刘某乙 电话 邀约 刘某甲 赶至 被告人 张某甲 家中 与 三人 共同 吸食毒品,3
provide_shelter_for,公诉 机关 指控 2014年3月 13 日晚 被告人   <e1>   张某甲   </e1>   伙同 刘某乙 宋某 三人 凑钱 由 被告人 张某甲 联系 他人 购买 冰毒 麻古 等 毒品 前往 被告人 张某甲 居住 的 某小区78号 家中 吸食 期间 经 刘某乙 电话 邀约   <e2>   刘某甲   </e2>   赶至 被告人 张某甲 家中 与 三人 共同 吸食毒品,3
NA,公诉 机关 指控 2014年3月 13 日晚 被告人 张某甲 伙同 刘某乙 宋某 三人 凑钱 由 被告人 张某甲 联系 他人 购买 冰毒   <e1>   麻古   </e1>   等 毒品 前往 被告人 张某甲 居住 的   <e2>   某小区78号   </e2>   家中 吸食 期间 经 刘某乙 电话 邀约 刘某甲 赶至 被告人 张某甲 家中 与 三人 共同 吸食毒品,4
NA,公诉 机关 指控 2014年3月 13 日晚 被告人 张某甲 伙同   <e1>   刘某乙   </e1>   宋某 三人 凑钱 由 被告人 张某甲 联系 他人 购买 冰毒 麻古 等 毒品 前往 被告人 张某甲 居住 的   <e2>   某小区78号   </e2>   家中 吸食 期间 经 刘某乙 电话 邀约 刘某甲 赶至 被告人 张某甲 家中 与 三人 共同 吸食毒品,4
sell_drugs_to,陇南 市 武都 区 人民检察院 指控 2014年10月 9 日 14 时许 被告人   <e1>   刘某某   </e1>   在 武都区白龙江饭店 门口 与 吸毒 人员   <e2>   李安龙   </e2>   交易 完 毒品 后 被 武都 区 公安民警 抓获 并 当场 从 李安龙 处 查获 毒品 可疑 物 1 小包 从 被告人 刘某某 身上 查获 毒品 可疑 物 14 小包 现金 200 元经 计量 从 李安龙 处 查获 的 1 包 毒品 可疑 物 净重 为 0.18克 从 被告人 刘某某 处 查获 的 14 包 毒品 可疑 物 净重 为 共计 为 2.6 6克 经 鉴定 在 15 包 毒品 可疑 物中均 检测 出 海洛因 成分,1
NA,陇南 市 武都 区 人民检察院 指控 2014年10月 9 日 14 时许 被告人 刘某某 在   <e1>   武都区白龙江饭店   </e1>   门口 与 吸毒 人员 李安龙 交易 完 毒品 后 被 武都 区 公安民警 抓获 并 当场 从 李安龙 处 查获 毒品 可疑 物 1 小包   <e2>   刘某某   </e2>   人 刘某某 身上 查获 毒品 可疑 物 14 小包 现金 200 元经 计量 从 李安龙 处 查获 的 1 包 毒品 可疑 物 净重 为 0.18克 从 被告人 刘某某 处 查获 的 14 包 毒品 可疑 物 净重 为 共计 为 2.6 6克 经 鉴定 在 15 包 毒品 可疑 物中均 检测 出 海洛因 成分,4
NA,陇南 市 武都 区 人民检察院 指控 2014年10月 9 日 14 时许 被告人 刘某某 在 武都区白龙江饭店 门口 与 吸毒 人员 李安龙 交易 完 毒品 后 被 武都 区 公安民警 抓获 并 当场 从 李安龙 处 查获 毒品 可疑 物 1 小包 从 被告人   <e1>   刘某某   </e1>   身上 查获 毒品 可疑 物 14 小包 现金 200 元经 计量 从 李安龙 处 查获 的 1 包 毒品 可疑 物 净重 为   <e2>   0.18克   </e2>   从 被告人 刘某某 处 查获 的 14 包 毒品 可疑 物 净重 为 共计 为 2.6 6克 经 鉴定 在 15 包 毒品 可疑 物中均 检测 出 海洛因 成分,4
traffic_in,新晃 侗族 自治县 人民检察院 指控 2014年10月 28 日 14 时许 被告人   <e1>   吴某某   </e1>   在 新晃 侗族 自治县 人民 医院 住院 大楼 旁 的 巷子 内 贩卖毒品   <e2>   海洛因   </e2>   0.04克 给 吸毒 人员 麻某某 获赃款 人民币 50 元,0
sell_drugs_to,新晃 侗族 自治县 人民检察院 指控 2014年10月 28 日 14 时许 被告人   <e1>   吴某某   </e1>   在 新晃 侗族 自治县 人民 医院 住院 大楼 旁 的 巷子 内 贩卖毒品 海洛因 0.04克 给 吸毒 人员   <e2>   麻某某   </e2>   获赃款 人民币 50 元,1
NA,新晃 侗族 自治县 人民检察院 指控 2014年10月 28 日 14 时许 被告人   <e1>   吴某某   </e1>   在 新晃 侗族 自治县 人民 医院 住院 大楼 旁 的 巷子 内   <e2>   海洛因   </e2>   品 海洛因 0.04克 给 吸毒 人员 麻某某 获赃款 人民币 50 元,4
NA,新晃 侗族 自治县 人民检察院 指控 2014年10月 28 日 14 时许 被告人   <e1>   吴某某   </e1>   在 新晃 侗族 自治县 人民 医院 住院 大楼 旁 的 巷子 内 贩卖毒品 海洛因 0.04克 给   <e2>   麻某某   </e2>   员 麻某某 获赃款 人民币 50 元,4
sell_drugs_to,重庆市 永川 区 人民检察院 指控 2014年5月21日10时30分 许 被告人   <e1>   杨某   </e1>   接到 吸毒 人员   <e2>   曹某   </e2>   要求 购买 毒品 的 电话 后来 到 永川区十一中大门 对面 将 海洛因 疑似 物 一小包 以 150 元 的 价格 贩卖 给 曹某 当 杨某 收取 曹某 200 元后 准备 找补 零钱 时 被 公安民警 当场 抓获 公安民警 从 曹某 身上 提取 扣押 了 净重 0.15 克 的 海洛因 疑似 物 一小包 在 杨某 身上 提取 扣押 了 现金 200 元 被告人 杨某 到案 后 如实 供述 了 上述 犯罪事实,1
traffic_in,重庆市 永川 区 人民检察院 指控 2014年5月21日10时30分 许 被告人   <e1>   杨某   </e1>   接到 吸毒 人员 曹某 要求 购买 毒品 的 电话 后来 到 永川区十一中大门 对面 将   <e2>   海洛因   </e2>   疑似 物 一小包 以 150 元 的 价格 贩卖 给 曹某 当 杨某 收取 曹某 200 元后 准备 找补 零钱 时 被 公安民警 当场 抓获 公安民警 从 曹某 身上 提取 扣押 了 净重 0.15 克 的 海洛因 疑似 物 一小包 在 杨某 身上 提取 扣押 了 现金 200 元 被告人 杨某 到案 后 如实 供述 了 上述 犯罪事实,0
NA,重庆市 永川 区 人民检察院 指控   <e1>   2014年5月21日10时30分   </e1>   许 被告人 杨某 接到 吸毒 人员 曹某 要求 购买 毒品 的 电话   <e2>   永川区十一中大门   </e2>   一中 大门 对面 将 海洛因 疑似 物 一小包 以 150 元 的 价格 贩卖 给 曹某 当 杨某 收取 曹某 200 元后 准备 找补 零钱 时 被 公安民警 当场 抓获 公安民警 从 曹某 身上 提取 扣押 了 净重 0.15 克 的 海洛因 疑似 物 一小包 在 杨某 身上 提取 扣押 了 现金 200 元 被告人 杨某 到案 后 如实 供述 了 上述 犯罪事实,4
NA,重庆市 永川 区 人民检察院 指控 2014年5月21日10时30分 许 被告人 杨某 接到 吸毒 人员 曹某 要求 购买 毒品 的 电话 后来 到   <e1>   永川区十一中大门   </e1>   <e2>   海洛因   </e2>   将 海洛因 疑似 物 一小包 以 150 元 的 价格 贩卖 给 曹某 当 杨某 收取 曹某 200 元后 准备 找补 零钱 时 被 公安民警 当场 抓获 公安民警 从 曹某 身上 提取 扣押 了 净重 0.15 克 的 海洛因 疑似 物 一小包 在 杨某 身上 提取 扣押 了 现金 200 元 被告人 杨某 到案 后 如实 供述 了 上述 犯罪事实,4
posess,成都市 新都区 人民检察院 指控 2014年9月11日下午17时 许 被告人 曾某某 在 成都市 新都区 新 都 镇 电子 路经 巡逻 公安民警 对 其 检查 从 其 身上 查出 携带 的 冰毒 5 包 随后 又 在   <e1>   曾某某   </e1>   的 暂住地 新 都 镇 电子 路 256 号 15 栋 3 单元 4 号 搜出   <e2>   冰毒   </e2>   7 包 和 一些 麻古 共重 14.88 克均 含 甲基苯丙胺 成分,2
posess,成都市 新都区 人民检察院 指控 2014年9月11日下午17时 许 被告人 曾某某 在 成都市 新都区 新 都 镇 电子 路经 巡逻 公安民警 对 其 检查 从 其 身上 查出 携带 的 冰毒 5 包 随后 又 在   <e1>   曾某某   </e1>   的 暂住地 新 都 镇 电子 路 256 号 15 栋 3 单元 4 号 搜出 冰毒 7 包 和 一些   <e2>   麻古   </e2>   共重 14.88 克均 含 甲基苯丙胺 成分,2
NA,成都市 新都区 人民检察院 指控 2014年9月11日下午17时 许 被告人   <e1>   曾某某   </e1>   在 成都市 新都区 新 都 镇 电子 路经 巡逻 公安民警 对 其 检查 从 其 身上 查出 携带 的 冰毒 5 包 随后 又 在 曾某某 的 暂住地 新 都 镇 电子 路 256 号 15 栋 3 单元 4 号 搜出 冰毒 7 包 和 一些 麻古 共重 14.88 克均 含   <e2>   甲基苯丙胺   </e2>   成分,4
NA,成都市 新都区 人民检察院 指控   <e1>   2014年9月11日下午17时   </e1>   许 被告人 曾某某 在 成都市 新都区 新 都 镇 电子 路经 巡逻 公安民警 对 其 检查 从 其 身上 查   <e2>   冰毒   </e2>   带 的 冰毒 5 包 随后 又 在 曾某某 的 暂住地 新 都 镇 电子 路 256 号 15 栋 3 单元 4 号 搜出 冰毒 7 包 和 一些 麻古 共重 14.88 克均 含 甲基苯丙胺 成分,4
provide_shelter_for,经 审理 查明 被告人   <e1>   赵某某   </e1>   分别 于 2015 年 3 月 8 日 2015年3月9日 2015年3月10日 在 海城市某镇某公寓5单元401号其自家屋内 多次 容留   <e2>   张某   </e2>   赵某甲 等 人 吸食毒品 冰毒,3
provide_shelter_for,经 审理 查明 被告人   <e1>   赵某某   </e1>   分别 于 2015 年 3 月 8 日 2015年3月9日 2015年3月10日 在 海城市某镇某公寓5单元401号其自家屋内 多次 容留 张某   <e2>   赵某甲   </e2>   等 人 吸食毒品 冰毒,3
NA,经 审理 查明 被告人 赵某某 分别 于 2015 年 3 月 8 日 2015年3月9日   <e1>   2015年3月10日   < / e1   <e2>   海城市某镇某公寓5单元401号其自家屋内   </e2>   自家 屋内 多次 容留 张某 赵某甲 等 人 吸食毒品 冰毒,4
NA,经 审理 查明 被告人 赵某某 分别 于 2015 年 3 月 8 日   <e1>   2015年3月9日   </e1>   2015年3月10日 在 海城市某镇某公寓5单元401号其自家屋内 多次 容留 张某 赵某甲 等 人   <e2>   冰毒   </e2>   毒品 冰毒,4
posess,经 审理 查明 2009年7月2日8时 许 被告人   <e1>   刘某某   </e1>   持 当日 K576 次 火车票 进入 杭州 火车 东站 候车室 因 形迹可疑 值勤 民警 依法 对 其 进行 盘查 当场 从 其 身穿 的 裤子 右侧 口袋 内 查获 用 观音 王 茶叶 袋 包装 的 红色 药丸 288 粒 缴获 的 药丸 经 杭州市 公安局 物证 鉴定 所 技术鉴定 从中 均 检出   <e2>   甲基苯丙胺   </e2>   成分 净重 30.94克 现已 上交 杭州市 公安局 禁毒 支队 处理,2
NA,经 审理 查明 2009年7月2日8时 许 被告人 刘某某 持 当日 K576 次 火车票 进入   <e1>   杭州   </e1>   火车 东站 候车室 因 形迹可疑 值勤 民警 依法 对 其 进行 盘查 当场 从 其 身穿 的 裤子 右侧 口袋 内 查获 用 观音 王 茶叶 袋 包装 的 红色 药丸 288 粒 缴获 的 药丸 经 杭州市 公安局 物证 鉴定 所 技术鉴定 从中 均 检出 甲基苯丙胺 成   <e2>   30.94克   </e2>   . 94 克 现已 上交 杭州市 公安局 禁毒 支队 处理,4
NA,经 审理 查明   <e1>   2009年7月2日8时   </e1>   许 被告人 刘某某 持 当日 K576 次 火车票 进入 杭州 火车 东站 候车室 因 形迹可疑 值勤 民警 依法 对 其 进行 盘查 当场 从 其 身穿 的 裤子 右侧 口袋 内 查获 用 观音 王 茶叶 袋 包装 的 红色 药丸 288 粒 缴获 的 药丸 经 杭州市 公安局 物证 鉴定 所 技术鉴定 从中 均 检出 甲基苯丙胺 成分 净重   <e2>   30.94克   </e2>   现已 上交 杭州市 公安局 禁毒 支队 处理,4
provide_shelter_for,辽中县 人民检察院 指控 2011年9月的一天 被告人   <e1>   姜某   </e1>   在 位于 辽中县于家房镇自己经营的手机店 内容 留   <e2>   蒋某某   </e2>   吸食毒品 一次 并 参与 共同 吸食,3
NA,辽中县 人民检察院 指控   <e1>   2011年9月的一天   </e1>   被告人   <e2>   姜某   </e2>   在 位于 辽中县于家房镇自己经营的手机店 内容 留 蒋某某 吸食毒品 一次 并 参与 共同 吸食,4
NA,辽中县 人民检察院 指控   <e1>   2011年9月的一天   </e1>   被告人 姜   <e2>   辽中县于家房镇自己经营的手机店   </e2>   的 手机店 内容 留 蒋某某 吸食毒品 一次 并 参与 共同 吸食,4
sell_drugs_to,公诉 机关 指控 2012 年 11月 份 至 2013 年 年初 被告人   <e1>   林洁通   </e1>   在 揭阳市 揭 东区 锡场 镇 XX 村 林某甲 家里 先后 4 次 贩卖毒品 冰毒 共 2克 给   <e2>   林某甲   </e2>   从中 获利 人民币 下同 100 元 2013 年 2 月份 被告人 林洁通 在 揭阳市 揭 东区 锡场 镇 XXX 村 XX 国道 路口 揭阳市榕城区XX街道路 口 先后 3 次 将 毒品 冰毒 共 2克 贩卖 给 林某乙 从中 获利 100 元 2014 年 年初 被告人 林洁通 在 揭阳市榕城区XX街道路 口 先后 5 次 将 毒品 冰毒 共 2克 贩卖 给 唐某某 从中 获利 100 元,1
traffic_in,公诉 机关 指控 2012 年 11月 份 至 2013 年 年初 被告人   <e1>   林洁通   </e1>   在 揭阳市 揭 东区 锡场 镇 XX 村 林某甲 家里 先后 4 次 贩卖毒品   <e2>   冰毒   </e2>   共 2克 给 林某甲 从中 获利 人民币 下同 100 元 2013 年 2 月份 被告人 林洁通 在 揭阳市 揭 东区 锡场 镇 XXX 村 XX 国道 路口 揭阳市榕城区XX街道路 口 先后 3 次 将 毒品 冰毒 共 2克 贩卖 给 林某乙 从中 获利 100 元 2014 年 年初 被告人 林洁通 在 揭阳市榕城区XX街道路 口 先后 5 次 将 毒品 冰毒 共 2克 贩卖 给 唐某某 从中 获利 100 元,0
sell_drugs_to,公诉 机关 指控 2012 年 11月 份 至 2013 年 年初 被告人 林洁通 在 揭阳市 揭 东区 锡场 镇 XX 村 林某甲 家里 先后 4 次 贩卖毒品 冰毒 共 2克 给 林某甲 从中 获利 人民币 下同 100 元 2013 年 2 月份 被告人   <e1>   林洁通   </e1>   在 揭阳市 揭 东区 锡场 镇 XXX 村 XX 国道 路口 揭阳市榕城区XX街道路 口 先后 3 次 将 毒品 冰毒 共 2克 贩卖 给   <e2>   林某乙   </e2>   从中 获利 100 元 2014 年 年初 被告人 林洁通 在 揭阳市榕城区XX街道路 口 先后 5 次 将 毒品 冰毒 共 2克 贩卖 给 唐某某 从中 获利 100 元,1
sell_drugs_to,公诉 机关 指控 2012 年 11月 份 至 2013 年 年初 被告人 林洁通 在 揭阳市 揭 东区 锡场 镇 XX 村 林某甲 家里 先后 4 次 贩卖毒品 冰毒 共 2克 给 林某甲 从中 获利 人民币 下同 100 元 2013 年 2 月份 被告人 林洁通 在 揭阳市 揭 东区 锡场 镇 XXX 村 XX 国道 路口 揭阳市榕城区XX街道路 口 先后 3 次 将 毒品 冰毒 共 2克 贩卖 给 林某乙 从中 获利 100 元 2014 年 年初 被告人   <e1>   林洁通   </e1>   在 揭阳市榕城区XX街道路 口 先后 5 次 将 毒品 冰毒 共 2克 贩卖 给   <e2>   唐某某   </e2>   从中 获利 100 元,1
NA,公诉 机关 指控 2012 年 11月 份 至 2013 年 年初 被告人 林洁通 在 揭阳市 揭 东区 锡场 镇 XX 村   <e1>   林某甲   </e1>   家里 先后 4 次 贩卖毒品 冰毒 共 2克 给 林某甲 从中 获利 人民币 下同 100 元 2013 年 2 月份 被告人 林洁通 在 揭阳市 揭 东区 锡场 镇 XXX 村 XX 国道 路口 揭阳市榕城区XX街道路 口 先后 3 次 将 毒品 冰毒 共 2克 贩卖 给 林某乙 从中 获利 100 元 2014 年 年初 被告人 林洁通 在 揭阳市榕城区XX街道路 口 先后 5 次 将 毒品 冰毒 共   <e2>   2克   </e2>   贩卖 给 唐某某 从中 获利 100 元,4
NA,公诉 机关 指控 2012 年 11月 份 至 2013 年 年初 被告人 林洁通 在 揭阳市 揭 东区 锡场 镇 XX 村 林某甲 家里 先后 4 次 贩卖毒品 冰毒 共 2克 给 林某甲 从中 获利 人民币 下同 100 元 2013 年 2 月份 被告人 林洁通 在 揭阳市 揭 东区 锡场 镇 XXX 村 XX 国道 路口 揭阳市榕城区XX街道路 口 先后 3 次 将 毒品 冰毒 共 2克 贩卖 给 林某乙 从中 获利 100 元 2014 年 年初 被告人 林洁通 在   <e1>   揭阳市榕城区XX街道路   </e1>   口 先后 5 次 将 毒品 冰毒 共 2克 贩卖 给   <e2>   唐某某   </e2>   从中 获利 100 元,4
posess,南京市 栖霞区 人民检察院 指控 被告人   <e1>   肖某   </e1>   非法 持有 毒品   <e2>   甲基苯丙胺   </e2>   十克 以上 不满 五十克 其 行为 触犯 了 中华人民共和国 刑法 第三 百 四十八条 的 规定 应当 以 非法 持有 毒品 罪 追究其 刑事责任 提请 法院 依法 判处,2
NA,南京市 栖霞区 人民检察院 指控 被告人   <e1>   肖某   </e1>   非法 持有 毒品 甲基苯丙胺 十克 以上 不满 五十克 其 行为 触犯 了   <e2>   中华人民共和国   </e2>   刑法 第三 百 四十八条 的 规定 应当 以 非法 持有 毒品 罪 追究其 刑事责任 提请 法院 依法 判处,4
NA,南京市 栖霞区 人民检察院 指控 被告人 肖某 非法 持有 毒品   <e1>   甲基苯丙胺   </e1>   十克 以上 不满   <e2>   五十克   </e2>   其 行为 触犯 了 中华人民共和国 刑法 第三 百 四十八条 的 规定 应当 以 非法 持有 毒品 罪 追究其 刑事责任 提请 法院 依法 判处,4
posess,公诉 机关 指控 2013年10月2l日17时 许 公安人员 在 本市 城西区 胜利 路景 林佳苑 23 楼 蒲公英 家庭 宾馆 某 室内 将 被告人 袁某 抓获 当场 从 被告人   <e1>   袁某   </e1>   所住 卧室 床头柜 抽屉 内 搜查 出 疑似 冰毒 物 l 包经 鉴定 疑似 毒品 物 净重 10.649克 从中 均 检出   <e2>   甲基苯丙胺   </e2>   成份,2
NA,公诉 机关 指控 2013年10月2l日17时 许 公安人员 在 本市 城西区 胜利 路景 林佳苑 23 楼 蒲公英 家庭 宾馆 某 室内 将 被告人 袁某 抓获 当场 从 被告人   <e1>   袁某   </e1>   所住 卧室 床头柜 抽屉 内 搜查 出 疑似 冰毒 物 l 包经 鉴定 疑似 毒品 物 净重   <e2>   10.649克   </e2>   从中 均 检出 甲基苯丙胺 成份,4
NA,公诉 机关 指控   <e1>   2013年10月2l日17时   </e1>   许 公安人员 在 本市 城西区 胜利 路景 林佳苑 23 楼 蒲公英 家庭 宾馆 某 室内 将 被告人 袁某 抓获 当场   <e2>   袁某   </e2>   告人 袁某 所住 卧室 床头柜 抽屉 内 搜查 出 疑似 冰毒 物 l 包经 鉴定 疑似 毒品 物 净重 10.649克 从中 均 检出 甲基苯丙胺 成份,4
sell_drugs_to,公诉 机关 指控 2013年5月7日 被告人 刘某某 在 本市 沙河口区 开建 市场 找 王某 另案处理 借款 2000 元 用于 购买 冰毒 因无钱 偿还 欠款 遂 用 购入 的 3 包 冰毒 约 2克 抵债 给 王某   <e1>   王某   </e1>   将 其中 的 1 包向 吸毒 人员   <e2>   单某   </e2>   贩卖 时 被 侦查 机关 当场 抓获 并 当场 从 单某 身上 缴获 从 被告人 刘某某 抵债 给 王某 的 白色晶体 1 包经 大连市 公安局 刑事 科学技术 研究所 鉴定 1 包 白色晶体 共重 0.62 6克 检出 甲基苯丙胺 成分,1
traffic_in,公诉 机关 指控 2013年5月7日 被告人 刘某某 在 本市 沙河口区 开建 市场 找 王某 另案处理 借款 2000 元 用于 购买 冰毒 因无钱 偿还 欠款 遂 用 购入 的 3 包 冰毒 约 2克 抵债 给 王某   <e1>   王某   </e1>   将 其中 的 1 包向 吸毒 人员 单某 贩卖 时 被 侦查 机关 当场 抓获 并 当场 从 单某 身上 缴获 从 被告人 刘某某 抵债 给 王某 的 白色晶体 1 包经 大连市 公安局 刑事 科学技术 研究所 鉴定 1 包 白色晶体 共重 0.62 6克 检出   <e2>   甲基苯丙胺   </e2>   成分,0
NA,公诉 机关 指控   <e1>   2013年5月7日   </e1>   被告人 刘某某 在 本市 沙河口区 开建 市场 找 王某 另案处理 借款 2000 元 用于 购买 冰毒 因无钱 偿还 欠款 遂 用 购入 的 3 包 冰毒 约 2克 抵债 给 王某 王某 将 其中 的 1 包向 吸毒 人员 单某 贩卖 时 被 侦查 机关 当场 抓获 并 当场 从   <e2>   单某   </e2>   身上 缴获 从 被告人 刘某某 抵债 给 王某 的 白色晶体 1 包经 大连市 公安局 刑事 科学技术 研究所 鉴定 1 包 白色晶体 共重 0.62 6克 检出 甲基苯丙胺 成分,4
NA,公诉 机关 指控 2013年5月7日 被告人   <e1>   刘某某   </e1>   在 本市 沙河口区 开建 市场 找 王某 另案处理 借款 2000 元   <e2>   冰毒   </e2>   购买 冰毒 因无钱 偿还 欠款 遂 用 购入 的 3 包 冰毒 约 2克 抵债 给 王某 王某 将 其中 的 1 包向 吸毒 人员 单某 贩卖 时 被 侦查 机关 当场 抓获 并 当场 从 单某 身上 缴获 从 被告人 刘某某 抵债 给 王某 的 白色晶体 1 包经 大连市 公安局 刑事 科学技术 研究所 鉴定 1 包 白色晶体 共重 0.62 6克 检出 甲基苯丙胺 成分,4
posess,经 审理 查明 2013年10月 12 日 10 时许 成都市 公安局 温江 分局 民警 根据 线索 前往 双流县 东升 街办 龙桥 社区 星辰 酒店 抓获 涉嫌 非法拘禁 的 犯罪 嫌疑人 李某某 并 在 该 酒店 412 号 房间内 将 被告人   <e1>   李某某   </e1>   挡 获 民警 当场 从 其 随身携带 的 物品 中 查获 一包 用 透明 塑料袋 装 的 疑似   <e2>   冰毒   </e2>   的 白色 粉末状 物体 经 鉴定 从 该 疑似 冰毒 的 白色 粉末 中 检出 甲基苯丙胺 成分 经 称重 该 疑似 冰毒 的 白色 粉末 净重 13.108 克,2
NA,经 审理 查明 2013年10月 12 日 10 时许 成都市 公安局 温江 分局 民警 根据 线索 前往 双流县 东升 街办 龙桥 社区 星辰 酒店 抓获 涉嫌 非法拘禁 的 犯罪 嫌疑人   <e1>   李某某   </e1>   并 在 该 酒店 412 号 房间内 将 被告人 李某某 挡 获 民警 当场 从 其 随身携带 的 物品 中 查获 一包 用 透明 塑料袋 装 的 疑似 冰毒 的 白色 粉末状 物体 经 鉴定 从 该 疑似 冰毒 的 白色 粉末 中 检出 甲基苯丙胺 成分 经 称重   <e2>   冰毒   </e2>   疑似 冰毒 的 白色 粉末 净重 13.108 克,4
NA,经 审理 查明 2013年10月 12 日 10 时许 成都市 公安局 温江 分局 民警 根据 线索 前往 双流县 东升 街办 龙桥 社区 星辰 酒店 抓获 涉嫌 非法拘禁 的 犯罪 嫌疑人   <e1>   李某某   </e1>   并 在 该 酒店 412 号 房间内 将 被告人 李某某 挡 获 民警 当场 从 其 随身携带 的 物品 中 查获 一包 用 透明 塑料袋 装 的 疑似 冰毒 的 白色 粉末状 物体 经 鉴定 从 该 疑似   <e2>   冰毒   </e2>   的 白色 粉末 中 检出 甲基苯丙胺 成分 经 称重 该 疑似 冰毒 的 白色 粉末 净重 13.108 克,4
sell_drugs_to,经 审理 查明 2013年11月 1 日 14 时许 被告人   <e1>   樊某某   </e1>   在 嘉峪关市雄关五小区45号楼1单元 门前 向   <e2>   王某某   </e2>   贩卖毒品 海洛因 时 被 民警 抓获 当场 扣押 净重 O.08克 的 毒品 海洛因 一小包,1
traffic_in,经 审理 查明 2013年11月 1 日 14 时许 被告人   <e1>   樊某某   </e1>   在 嘉峪关市雄关五小区45号楼1单元 门前 向 王某某 贩卖毒品   <e2>   海洛因   </e2>   时 被 民警 抓获 当场 扣押 净重 O.08克 的 毒品 海洛因 一小包,0
NA,经 审理 查明 2013年11月 1 日 14 时许 被告人 樊某某 在   <e1>   嘉峪关市雄关五小区45号楼1单元   </e1>   门前 向 王某某 贩卖毒品 海洛因 时 被 民警 抓获 当场   <e2>   O.08克   </e2>   . 08 克 的 毒品 海洛因 一小包,4
NA,经 审理 查明 2013年11月 1 日 14 时许 被告人 樊某某 在 嘉峪关市雄关五小区45号楼1单元 门前 向   <e1>   王某某   </e1>   贩卖毒品 海洛因 时 被 民警 抓获 当场 扣押 净重 O.08克 的 毒品   <e2>   海洛因   </e2>   一小包,4
provide_shelter_for,法库县 人民检察院 指控 2014年11月份的一天 被告人   <e1>   周某   </e1>   在 自家 锅炉房 内 提供 冰毒 及 吸毒 工具 容留 并 于   <e2>   王某   </e2>   曹某 周某 三人 吸食 冰毒 0.3克,3
provide_shelter_for,法库县 人民检察院 指控 2014年11月份的一天 被告人   <e1>   周某   </e1>   在 自家 锅炉房 内 提供 冰毒 及 吸毒 工具 容留 并 于 王某   <e2>   曹某   </e2>   周某 三人 吸食 冰毒 0.3克,3
provide_shelter_for,法库县 人民检察院 指控 2014年11月份的一天 被告人   <e1>   周某   </e1>   在 自家 锅炉房 内 提供 冰毒 及 吸毒 工具 容留 并 于 王某 曹某   <e2>   周某   </e2>   三人 吸食 冰毒 0.3克,3
NA,法库县 人民检察院 指控 2014年11月份的一天 被告人   <e1>   周某   </e1>   在 自家 锅炉房   <e2>   冰毒   </e2>   提供 冰毒 及 吸毒 工具 容留 并 于 王某 曹某 周某 三人 吸食 冰毒 0.3克,4
NA,法库县 人民检察院 指控   <e1>   2014年11月份的一天   </e1>   被告人 周某 在 自家 锅炉房 内 提供 冰毒 及 吸毒 工具 容留 并 于 王某 曹某 周某   <e2>   冰毒   </e2>   吸食 冰毒 0.3克,4
sell_drugs_to,经 审理 查明 2014 年 5 月 被告人   <e1>   黎某   </e1>   从 梧州市 一个   <e2>   燕子   </e2>   叫 燕子 的 女子 真实 姓名 不详 另案处理 处 获得 一批 毒品 并 带回 桂平市 西 山镇 绿景翠苑 小区 F402 房其 居住 的 房间内 收藏 2014 年 6 月 9 日 被告人 黎某 将 毒品 交由 室友 曾某某 已 判刑 保管 在 曾某某 的 卧室 内 次日 公安干警 在 曾某某 卧室 内 电脑 台上 搜出 晶体 状 毒品 可疑 物三 小包 净重 8.5 克 在 保险柜 内 搜出 咖啡色 粉末状 毒品 可疑 物 一小包 净重 27 克 晶体 状 可疑 物 一小 盒 净重 34 克 经查 上述 毒品 均 为 被告人 黎某 所有 经 检验 在 电脑 台上 搜获 的 三 小包 晶体 状 毒品 可疑 物在 保险柜 内 搜获 的 一小 盒 晶体 状 可疑 物中均 检出 氯胺酮 在 保险柜 内 搜获 的 一小包 咖啡色 粉末状 毒品 可疑 物中 检出 甲基苯丙胺 MDMA,1
posess,经 审理 查明 2014 年 5 月 被告人 黎某 从 梧州市 一个 花 名叫 燕子 的 女子 真实 姓名 不详 另案处理 处 获得 一批 毒品 并 带回 桂平市 西 山镇 绿景翠苑 小区 F402 房其 居住 的 房间内 收藏 2014 年 6 月 9 日 被告人 黎某 将 毒品 交由 室友 曾某某 已 判刑 保管 在 曾某某 的 卧室 内 次日 公安干警 在 曾某某 卧室 内 电脑 台上 搜出 晶体 状 毒品 可疑 物三 小包 净重 8.5 克 在 保险柜 内 搜出 咖啡色 粉末状 毒品 可疑 物 一小包 净重 27 克 晶体 状 可疑 物 一小 盒 净重 34 克 经查 上述 毒品 均 为 被告人   <e1>   黎某   </e1>   所有 经 检验 在 电脑 台上 搜获 的 三 小包 晶体 状 毒品 可疑 物在 保险柜 内 搜获 的 一小 盒 晶体 状 可疑 物中均 检出   <e2>   氯胺酮   </e2>   在 保险柜 内 搜获 的 一小包 咖啡色 粉末状 毒品 可疑 物中 检出 甲基苯丙胺 MDMA,2
posess,经 审理 查明 2014 年 5 月 被告人 黎某 从 梧州市 一个 花 名叫 燕子 的 女子 真实 姓名 不详 另案处理 处 获得 一批 毒品 并 带回 桂平市 西 山镇 绿景翠苑 小区 F402 房其 居住 的 房间内 收藏 2014 年 6 月 9 日 被告人 黎某 将 毒品 交由 室友 曾某某 已 判刑 保管 在 曾某某 的 卧室 内 次日 公安干警 在 曾某某 卧室 内 电脑 台上 搜出 晶体 状 毒品 可疑 物三 小包 净重 8.5 克 在 保险柜 内 搜出 咖啡色 粉末状 毒品 可疑 物 一小包 净重 27 克 晶体 状 可疑 物 一小 盒 净重 34 克 经查 上述 毒品 均 为 被告人   <e1>   黎某   </e1>   所有 经 检验 在 电脑 台上 搜获 的 三 小包 晶体 状 毒品 可疑 物在 保险柜 内 搜获 的 一小 盒 晶体 状 可疑 物中均 检出 氯胺酮 在 保险柜 内 搜获 的 一小包 咖啡色 粉末状 毒品 可疑 物中 检出   <e2>   甲基苯丙胺   </e2>   MDMA,2
NA,经 审理 查明 2014 年 5 月 被告人 黎某 从 梧州市 一个 花 名叫 燕子 的 女子 真实 姓名 不详 另案处理 处 获得 一批 毒品 并 带回 桂平市 西 山镇 绿景翠苑 小区 F402 房其 居住 的 房间内 收藏 2014 年 6 月 9 日 被告人 黎某 将 毒品 交由 室友 曾某某 已 判刑 保管 在 曾某某 的 卧室 内 次日 公安干警 在 曾某某 卧室 内 电脑 台上 搜出 晶体 状 毒品 可疑 物三 小包 净重 8.5 克 在 保险柜 内 搜出 咖啡色 粉末状 毒品 可疑 物 一小包 净重 27 克 晶体 状 可疑 物 一小 盒 净重 34 克 经查 上述 毒品 均 为 被告人   <e1>   黎某   </e1>   所有 经 检验 在 电脑 台上 搜获 的 三 小包 晶体 状 毒品 可疑 物在 保险柜 内 搜获 的 一小 盒 晶体 状 可疑 物中均 检出 氯胺酮 在 保险柜 内 搜获 的 一小包 咖啡色 粉末状 毒品 可疑 物中 检出   <e2>   甲基苯丙胺   </e2>   MDMA,4
NA,经 审理 查明 2014 年 5 月 被告人 黎某 从 梧州市 一个 花 名叫 燕子 的 女子 真实 姓名 不详 另案处理 处 获得 一批 毒品 并 带回 桂平市 西 山镇 绿景翠苑 小区 F402 房其 居住 的 房间内 收藏 2014 年 6 月 9 日 被告人 黎某 将 毒品 交由 室友 曾某某 已 判刑 保管 在 曾某某 的 卧室 内   <e1>   次日   </e1>   公安干警 在 曾某某 卧室 内 电脑 台上 搜出 晶体 状 毒品 可疑 物三 小包 净重 8.5 克 在 保险柜 内 搜出 咖啡色 粉末状 毒品 可疑 物 一小包 净重 27 克 晶体 状 可疑 物 一小 盒 净重 34 克 经查 上述 毒品 均 为 被告人 黎某 所有 经 检验 在 电脑 台上 搜获 的 三 小包 晶体 状 毒品 可疑 物在 保险柜 内 搜获 的 一小 盒 晶体 状 可疑 物中均 检出 氯胺酮 在 保险柜 内 搜获 的 一小包 咖啡色 粉末状 毒品 可疑 物中 检出   <e2>   甲基苯丙胺   </e2>   MDMA,4
sell_drugs_to,公诉 机关 指控 2008年10月13日15时 许 被告人   <e1>   吴a   </e1>   至 本市 闵行区瑞丽路l28号上海市第五人民医院正门北10米 处 将 0.2 2克 白色 粉末 以 人民币 230 元 贩卖 给 吸毒 人员   <e2>   奚a   </e2>   后 被 公安机关 当场 查获 公安机关 还 从 被告人 吴a 处 另 查获 1.3 2克 白色晶体,1
NA,公诉 机关 指控 2008年10月13日15时 许 被告人   <e1>   吴a   </e1>   至 本市 闵行区瑞丽路l28号上海市第五人民医院正门北10米 处 将 0.2 2克 白色 粉末 以 人民币 230 元 贩卖 给 吸毒 人员 奚a 后 被 公安机关 当场 查获 公安机关 还 从 被告人   <e2>   吴a   </e2>   处 另 查获 1.3 2克 白色晶体,4
NA,公诉 机关 指控   <e1>   2008年10月13日15时   </e1>   许 被告人 吴a 至 本市   <e2>   闵行区瑞丽路l28号上海市第五人民医院正门北10米   </e2>   处 将 0.2 2克 白色 粉末 以 人民币 230 元 贩卖 给 吸毒 人员 奚a 后 被 公安机关 当场 查获 公安机关 还 从 被告人 吴a 处 另 查获 1.3 2克 白色晶体,4
provide_shelter_for,鹤壁市 鹤山区 人民检察院 指控 2015年5月 被告人   <e1>   直某某   </e1>   在 鹤壁市 山城区 盛华 宾馆 开房间 容留   <e2>   李某   </e2>   小名 李鹏 王某 郭某 小名 郭龙 三人 在 528 房间 吸食 甲基苯丙胺 俗称 冰毒 公诉 机关 认为 被告人 直某某 的 行为 构成 容留 他人 吸毒 罪 建议 依法 进行 判处,3
provide_shelter_for,鹤壁市 鹤山区 人民检察院 指控 2015年5月 被告人   <e1>   直某某   </e1>   在 鹤壁市 山城区 盛华 宾馆 开房间 容留 李某 小名 李鹏   <e2>   王某   </e2>   郭某 小名 郭龙 三人 在 528 房间 吸食 甲基苯丙胺 俗称 冰毒 公诉 机关 认为 被告人 直某某 的 行为 构成 容留 他人 吸毒 罪 建议 依法 进行 判处,3
provide_shelter_for,鹤壁市 鹤山区 人民检察院 指控 2015年5月 被告人   <e1>   直某某   </e1>   在 鹤壁市 山城区 盛华 宾馆 开房间 容留 李某 小名 李鹏 王某   <e2>   郭某   </e2>   小名 郭龙 三人 在 528 房间 吸食 甲基苯丙胺 俗称 冰毒 公诉 机关 认为 被告人 直某某 的 行为 构成 容留 他人 吸毒 罪 建议 依法 进行 判处,3
NA,鹤壁市 鹤山区 人民检察院 指控 2015年5月 被告人 直某某 在 鹤壁市 山城区 盛华 宾馆 开房间 容留 李某 小名 李鹏 王某 郭某 小名 郭龙 三人 在 528 房间 吸食   <e1>   甲基苯丙胺   </e1>   俗称   <e2>   冰毒   </e2>   公诉 机关 认为 被告人 直某某 的 行为 构成 容留 他人 吸毒 罪 建议 依法 进行 判处,4
NA,鹤壁市 鹤山区 人民检察院 指控   <e1>   2015年5月   </e1>   被告人 直某某 在 鹤壁市 山城区 盛华 宾馆 开房间 容留 李某 小名 李鹏 王某 郭某 小名 郭龙 三人 在 528 房间 吸食 甲基苯丙胺   <e2>   冰毒   </e2>   称 冰毒 公诉 机关 认为 被告人 直某某 的 行为 构成 容留 他人 吸毒 罪 建议 依法 进行 判处,4
provide_shelter_for,北京市 东城区 人民检察院 指控 被告人   <e1>   张   </e1>   于 2014年9月30日16时 许在 本市 东城区横街胡同28号内11号其家中 容留   <e2>   刘 1   </e2>   马史 吸食毒品 海洛因 后 被 北京市公安局 西城 分局 民警 查获 现场 起获 毒品 海洛因 3.79 克,3
provide_shelter_for,北京市 东城区 人民检察院 指控 被告人   <e1>   张   </e1>   于 2014年9月30日16时 许在 本市 东城区横街胡同28号内11号其家中 容留 刘 1   <e2>   马   </e2>   史 吸食毒品 海洛因 后 被 北京市公安局 西城 分局 民警 查获 现场 起获 毒品 海洛因 3.79 克,3
provide_shelter_for,北京市 东城区 人民检察院 指控 被告人   <e1>   张   </e1>   于 2014年9月30日16时 许在 本市 东城区横街胡同28号内11号其家中 容留 刘 1 马   <e2>   史   </e2>   吸食毒品 海洛因 后 被 北京市公安局 西城 分局 民警 查获 现场 起获 毒品 海洛因 3.79 克,3
NA,北京市 东城区 人民检察院 指控 被告人 张于   <e1>   2014年9月30日16时   </e1>   许   <e2>   东城区横街胡同28号内11号其家中   </e2>   号 其 家中 容留 刘 1 马史 吸食毒品 海洛因 后 被 北京市公安局 西城 分局 民警 查获 现场 起获 毒品 海洛因 3.79 克,4
NA,北京市 东城区 人民检察院 指控 被告人 张于   <e1>   2014年9月30日16时   </e1>   许在 本市 东城区横街胡同28号内11号其家中 容留 刘 1   <e2>   史   </e2>   史 吸食毒品 海洛因 后 被 北京市公安局 西城 分局 民警 查获 现场 起获 毒品 海洛因 3.79 克,4
posess,上海市 虹口区 人民检察院 指控 被告人 周某某 于 2015 年 11月 10 日 17 时许 在 本市 虹口区 四川北路 海伦西路 路口 被 公安人员 抓获 民警 当场 从 其 身上 查获 透明 塑料袋 包裹 的 白色晶体 4 包 案发后 经 上海市 毒品 检验 中心 鉴定 送检   <e1>   周某某   </e1>   的 12.60克 白色晶体 中 检出   <e2>   甲基苯丙胺   </e2>   成分,2
NA,上海市 虹口区 人民检察院 指控 被告人 周某某 于 2015 年 11月 10 日 17 时许 在 本市 虹口区 四川北路 海伦西路 路口 被 公安人员 抓获 民警 当场 从 其 身上 查获 透明 塑料袋 包裹 的 白色晶体 4 包 案发后 经 上海市 毒品 检验 中心 鉴定 送检   <e1>   周某某   < / e   <e2>   12.60克   </e2>   . 60 克 白色晶体 中 检出 甲基苯丙胺 成分,4
NA,上海市 虹口区 人民检察院 指控 被告人 周某某 于 2015 年 11月 10 日 17 时许 在 本市 虹口区 四川北路   <e1>   海伦西路   </e1>   路口 被 公安人员 抓获 民警 当场 从 其 身上 查获 透明 塑料袋 包裹 的 白色晶体 4 包 案发后 经 上海市 毒品 检验 中心 鉴定 送检 周某某 的 12.60克 白色晶体 中 检出   <e2>   甲基苯丙胺   </e2>   成分,4
sell_drugs_to,重庆市 九龙坡区 人民检察院 指控 2016 年 6 月 23 日 11 时许 被告人   <e1>   王某某   </e1>   在 重庆市 九龙坡区 某村 号 的 家中 以 600 元 的 价格 将 2 袋 分别 净重 0.84克 1克 的 疑似 毒品 冰毒 卖 给 购毒 人员   <e2>   张某   </e2>   交易 完成 后 被 民警 当场 查获 民警 当场 查获 交易 的 毒品 毒资 还 从 被告人 王某某 处 查获 1 袋 净重 1克 的 疑似 毒品 冰毒 及 联系 毒品 交易 的 手机 1 部经 检验 从 查获 的 疑似 毒品 冰毒 中均 检出 甲基苯丙胺 成分,1
traffic_in,重庆市 九龙坡区 人民检察院 指控 2016 年 6 月 23 日 11 时许 被告人   <e1>   王某某   </e1>   在 重庆市 九龙坡区 某村 号 的 家中 以 600 元 的 价格 将 2 袋 分别 净重 0.84克 1克 的 疑似 毒品   <e2>   冰毒   </e2>   卖 给 购毒 人员 张某 交易 完成 后 被 民警 当场 查获 民警 当场 查获 交易 的 毒品 毒资 还 从 被告人 王某某 处 查获 1 袋 净重 1克 的 疑似 毒品 冰毒 及 联系 毒品 交易 的 手机 1 部经 检验 从 查获 的 疑似 毒品 冰毒 中均 检出 甲基苯丙胺 成分,0
NA,重庆市 九龙坡区 人民检察院 指控 2016 年 6 月 23 日 11 时许 被告人 王某某 在 重庆市 九龙坡区 某村 号 的 家中 以 600 元 的 价格 将 2 袋 分别 净重 0.84克 1克 的 疑似 毒品   <e1>   冰毒   </e1>   卖 给 购毒 人员   <e2>   张某   </e2>   交易 完成 后 被 民警 当场 查获 民警 当场 查获 交易 的 毒品 毒资 还 从 被告人 王某某 处 查获 1 袋 净重 1克 的 疑似 毒品 冰毒 及 联系 毒品 交易 的 手机 1 部经 检验 从 查获 的 疑似 毒品 冰毒 中均 检出 甲基苯丙胺 成分,4
NA,重庆市 九龙坡区 人民检察院 指控 2016 年 6 月 23 日 11 时许 被告人   <e1>   王某某   </e1>   在 重庆市 九龙坡区 某村 号 的 家中 以 600 元 的 价格 将 2 袋 分别 净重 0.84克 1克 的 疑似 毒品 冰毒 卖 给 购毒 人员 张某 交易 完成 后 被 民警 当场 查获 民警 当场 查获 交易 的 毒品 毒资 还 从 被告人 王某某 处 查获 1 袋 净重 1克 的 疑似 毒品 冰毒 及 联系 毒品 交易 的 手机 1 部经 检验 从 查获 的 疑似 毒品 冰毒   <e2>   甲基苯丙胺   </e2>   基 苯丙胺 成分,4
posess,上海市浦东新区 人民检察院 指控 2010 年 8 月 18 日晚 被告人   <e1>   李某某   </e1>   在 上海市浦东新区 大道 站路 94 弄 252 号 底楼 楼道口 被 公安机关 搜出 身上 6 包   <e2>   甲基苯丙胺   </e2>   共 14.38 克后 公安机关 又 从 该 号 502 室 其 住处 搜出 16 包 甲基苯丙胺 共 289.64 公诉 机关 当 庭讯 宣读 了 证人 陈某某 1 张某某 吴某某 郑某 陈某某 的 证言 扣押 物品 清单 称重 记录 毒品 检验 报告 收缴 毒品 单据 房屋 租赁 协议 及 释放 证明书 案发 经过 被告人 李某某 的 庭前 供述 出示 了 相关 照片 等 证据 以 证实 上述 指控 公诉 机关 认为 被告人 李某某 明知 是 毒品 而 非法 持有 且 数量 达到 304.0 2克 其 行为 已触犯 中华人民共和国 刑法 第三 百 四十八条 应 以 非法 持有 毒品 罪 追究 刑事责任 被告人 李某某 系 累犯 应当 依法 从重 处罚 建议 对 其 判处 十年 以上 有期徒刑 并 处罚金,2
NA,上海市浦东新区 人民检察院 指控 2010 年 8 月 18 日晚 被告人 李某某 在 上海市浦东新区 大道 站路 94 弄 252 号 底楼 楼道口 被 公安机关 搜出 身上 6 包 甲基苯丙胺 共 14.38 克后 公安机关 又 从 该 号 502 室 其 住处 搜出 16 包 甲基苯丙胺 共 289.64 公诉 机关 当 庭讯 宣读 了 证人 陈某某 1 张某某 吴某某   <e1>   郑某   </e1>   陈某某 的 证言 扣押 物品 清单 称重 记录 毒品 检验 报告 收缴 毒品 单据 房屋 租赁 协议 及 释放 证明书 案发 经过 被告人 李某某 的 庭前 供述 出示 了 相关 照片 等 证据 以 证实 上述 指控 公诉 机关 认   <e2>   李某某   </e2>   人 李某某 明知 是 毒品 而 非法 持有 且 数量 达到 304.0 2克 其 行为 已触犯 中华人民共和国 刑法 第三 百 四十八条 应 以 非法 持有 毒品 罪 追究 刑事责任 被告人 李某某 系 累犯 应当 依法 从重 处罚 建议 对 其 判处 十年 以上 有期徒刑 并 处罚金,4
NA,上海市浦东新区 人民检察院 指控 2010 年 8 月 18 日晚 被告人 李某某 在 上海市浦东新区 大道 站路 94 弄 252 号 底楼 楼道口 被 公安机关 搜出 身上 6 包 甲基苯丙胺 共 14.38 克后 公安机关 又 从 该 号 502 室 其 住处 搜出 16 包 甲基苯丙胺 共 289.64 公诉 机关 当 庭讯 宣读 了 证人 陈某某 1 张某某   <e1>   吴某某   </e1>   郑某 陈某某 的 证言 扣押 物品 清单 称重 记录 毒品 检验 报告 收缴 毒品 单据 房屋 租赁 协议 及 释放 证明书 案发 经过 被告人   <e2>   李某某   </e2>   的 庭前 供述 出示 了 相关 照片 等 证据 以 证实 上述 指控 公诉 机关 认为 被告人 李某某 明知 是 毒品 而 非法 持有 且 数量 达到 304.0 2克 其 行为 已触犯 中华人民共和国 刑法 第三 百 四十八条 应 以 非法 持有 毒品 罪 追究 刑事责任 被告人 李某某 系 累犯 应当 依法 从重 处罚 建议 对 其 判处 十年 以上 有期徒刑 并 处罚金,4
traffic_in,经 审理 查明 2013年8月份 左右 的 一天 经 电话 联系 后 被告人   <e1>   许某某   </e1>   在 玉屏侗族自治县大龙镇大屯村铁路桥下 将 一个   <e2>   海洛因   </e2>   零包 以 人民币 45 元 的 价格 卖 给 吸毒 人员 杨某 得 赃款 人民币 45 元,0
sell_drugs_to,经 审理 查明 2013年8月份 左右 的 一天 经 电话 联系 后 被告人   <e1>   许某某   </e1>   在 玉屏侗族自治县大龙镇大屯村铁路桥下 将 一个 海洛因 零包 以 人民币 45 元 的 价格 卖 给 吸毒 人员   <e2>   杨某   </e2>   得 赃款 人民币 45 元,1
NA,经 审理 查明   <e1>   2013年8月份   </e1>   左右 的 一天 经 电话 联系 后 被告人 许某某 在 玉屏侗族自治县大龙镇大屯村铁路桥下 将 一个   <e2>   海洛因   </e2>   零包 以 人民币 45 元 的 价格 卖 给 吸毒 人员 杨某 得 赃款 人民币 45 元,4
NA,经 审理 查明   <e1>   2013年8月份   </e1>   左右 的 一天 经 电话 联系 后 被告人   <e2>   玉屏侗族自治县大龙镇大屯村铁路桥下   </e2>   铁路桥 下 将 一个 海洛因 零包 以 人民币 45 元 的 价格 卖 给 吸毒 人员 杨某 得 赃款 人民币 45 元,4
provide_shelter_for,经 审理 查明 被告人   <e1>   于某某   </e1>   在 位于 庄河市 泰昌 路 的 双盛阁 旅店 某 房间内 先后 六次 容留   <e2>   鄂某某   </e2>   吸食 甲基苯丙胺 冰毒 具体 犯罪事实 如下,3
NA,经 审理 查明 被告人 于某某 在 位于 庄河市 泰昌 路 的 双盛阁 旅店 某 房间内 先后 六次 容留   <e1>   鄂某某   </e1>   吸食 甲基   <e2>   冰毒   </e2>   胺 冰毒 具体 犯罪事实 如下,4
NA,经 审理 查明 被告人   <e1>   于某某   </e1>   在 位于 庄河市 泰昌 路 的 双盛阁 旅店 某 房间内 先后 六次 容留 鄂   <e2>   甲基苯丙胺   </e2>   基 苯丙胺 冰毒 具体 犯罪事实 如下,4
sell_drugs_to,郑州 高新技术 产业 开发区 人民检察院 指控 2010年3月21日 被告人 韩某某 在 东莞 以 500 元 的 价格 购买 毒品 一包 准备 带 回老家 卖出 2010 年 4 月 9 日 0 时许 在 郑州市 郑东新 区 十里铺 街 吉祥 门 快捷酒店 206 房间内   <e1>   韩某某   </e1>   谈好 以 800 元 的 价格 向   <e2>   马 ⅹ   </e2>   出售 该包 毒品 韩某某 在 房间内 等候 交易 时 被 民警 查获 现场 收缴 疑是 毒品 的 白色晶体 一包 经 鉴定 收缴 的 白色晶体 重 1.3 2克 该 物品 中有 甲基苯丙胺 的 成分,1
traffic_in,郑州 高新技术 产业 开发区 人民检察院 指控 2010年3月21日 被告人 韩某某 在 东莞 以 500 元 的 价格 购买 毒品 一包 准备 带 回老家 卖出 2010 年 4 月 9 日 0 时许 在 郑州市 郑东新 区 十里铺 街 吉祥 门 快捷酒店 206 房间内   <e1>   韩某某   </e1>   谈好 以 800 元 的 价格 向 马 ⅹ 出售 该包 毒品 韩某某 在 房间内 等候 交易 时 被 民警 查获 现场 收缴 疑是 毒品 的 白色晶体 一包 经 鉴定 收缴 的 白色晶体 重 1.3 2克 该 物品 中有   <e2>   甲基苯丙胺   </e2>   的 成分,0
NA,郑州 高新技术 产业 开发区 人民检察院 指控   <e1>   2010年3月21日   </e1>   被告人 韩某某 在 东莞 以 500 元 的 价格 购买 毒品 一包 准备 带 回老家 卖出 2010 年 4 月 9 日 0 时许 在 郑州市 郑东新 区 十里铺 街 吉祥 门 快捷酒店 206 房间内 韩某某 谈好 以 800 元 的 价格 向 马 ⅹ 出售 该包 毒品 韩某某 在 房间内 等候 交易 时 被 民警 查获 现场 收缴 疑是 毒品 的 白色晶体 一包 经 鉴定 收缴 的 白色晶体 重 1.3 2克 该   <e2>   甲基苯丙胺   </e2>   基 苯丙胺 的 成分,4
NA,郑州 高新技术 产业 开发区 人民检察院 指控   <e1>   2010年3月21日   </e1>   被告人   <e2>   东莞   </e2>   某 在 东莞 以 500 元 的 价格 购买 毒品 一包 准备 带 回老家 卖出 2010 年 4 月 9 日 0 时许 在 郑州市 郑东新 区 十里铺 街 吉祥 门 快捷酒店 206 房间内 韩某某 谈好 以 800 元 的 价格 向 马 ⅹ 出售 该包 毒品 韩某某 在 房间内 等候 交易 时 被 民警 查获 现场 收缴 疑是 毒品 的 白色晶体 一包 经 鉴定 收缴 的 白色晶体 重 1.3 2克 该 物品 中有 甲基苯丙胺 的 成分,4
sell_drugs_to,衡山县 人民检察院 指控 2016 年 6 月 1 日 下午 3 时 左右 戴某某 到 被告人 王某某 居住 的 廉租房 位于 衡山县 开云镇 环溪村 廉租房 1 栋 3 单元 303 室 打游戏 晚上8时 许   <e1>   向某某   </e1>   来   <e2>   王某某   </e2>   人 王某某 居住 的 廉租房 当场 支付 了 200 元 钱 给 王某某 购买 毒品 之后 向某某 戴某某 和 王某某 一同 在 王某某 居住 的 廉租房 内 吸食毒品 2016 年 6 月 2 7日 衡山县 公安局 民警 在 岭坡 街上 进行 例行 性 检查 过程 中 发现 富荣 宾馆 408 房内 住宿 人员 与 登记 不符 并 发现 房间内 有 吸毒 工具 遂 对 住宿 人员 进行 搜查 从 王某某 身上 扣押 疑似 毒品 冰毒 7 包 疑似 红色 颗粒 麻古 6.5 粒 粉末状 麻古 2 包经 鉴定 从 王某某 身上 扣押 的 疑似 毒品 冰毒 2.09 克 麻古 0.83 克中 分别 检测 出 甲基苯丙胺 咖啡因 成分 指控 认为 被告人 王某某 的 行为 已触犯 了 中华人民共和国 刑法 第三 百 四十七 条 第一 四款 的 规定 依法 应 追究其 刑事责任,1
NA,衡山县 人民检察院 指控 2016 年 6 月 1 日 下午 3 时 左右 戴某某 到 被告人 王某某 居住 的 廉租房 位于 衡山县 开云镇 环溪村 廉租房 1 栋 3 单元 303 室 打游戏 晚上8时 许 向某某 来到 被告人 王某某 居住 的 廉租房 当场 支付 了 200 元 钱 给   <e1>   王某某   </e1>   购买 毒品 之后 向某某 戴某某 和 王某某 一同 在 王某某 居住 的 廉租房 内 吸食毒品 2016 年 6 月 2 7日 衡山县 公安局 民警 在 岭坡 街上 进行 例行 性 检查 过程 中 发现 富荣 宾馆 408 房内 住宿 人员 与 登记 不符 并 发现 房间内 有 吸毒 工具 遂 对 住宿 人员 进行   <e2>   王某某   </e2>   从 王某某 身上 扣押 疑似 毒品 冰毒 7 包 疑似 红色 颗粒 麻古 6.5 粒 粉末状 麻古 2 包经 鉴定 从 王某某 身上 扣押 的 疑似 毒品 冰毒 2.09 克 麻古 0.83 克中 分别 检测 出 甲基苯丙胺 咖啡因 成分 指控 认为 被告人 王某某 的 行为 已触犯 了 中华人民共和国 刑法 第三 百 四十七 条 第一 四款 的 规定 依法 应 追究其 刑事责任,4
NA,衡山县 人民检察院 指控 2016 年 6 月 1 日 下午 3 时 左右 戴某某 到 被告人 王某某 居住 的 廉租房 位于 衡山县 开云镇 环溪村 廉租房 1 栋 3 单元 303 室 打游戏   <e1>   晚上8时   </e1>   许 向某某 来到 被告人 王某某 居住 的 廉租房 当场 支付 了 200 元 钱 给 王某某 购买 毒品 之后 向某某   <e2>   戴某某   </e2>   和 王某某 一同 在 王某某 居住 的 廉租房 内 吸食毒品 2016 年 6 月 2 7日 衡山县 公安局 民警 在 岭坡 街上 进行 例行 性 检查 过程 中 发现 富荣 宾馆 408 房内 住宿 人员 与 登记 不符 并 发现 房间内 有 吸毒 工具 遂 对 住宿 人员 进行 搜查 从 王某某 身上 扣押 疑似 毒品 冰毒 7 包 疑似 红色 颗粒 麻古 6.5 粒 粉末状 麻古 2 包经 鉴定 从 王某某 身上 扣押 的 疑似 毒品 冰毒 2.09 克 麻古 0.83 克中 分别 检测 出 甲基苯丙胺 咖啡因 成分 指控 认为 被告人 王某某 的 行为 已触犯 了 中华人民共和国 刑法 第三 百 四十七 条 第一 四款 的 规定 依法 应 追究其 刑事责任,4
sell_drugs_to,怀化市 鹤城区 人民检察院 指控 2012年7月21日15时 许 被告人 黄某某 在 怀化市 火车站 雄风 宾馆 门口 以 300 元 的 价格 从 外号 军娃 另案处理 处 购买 了 重约 0.5克 含 甲基苯丙胺 成分 的 毒品 冰毒 当日 16 时许 被告人   <e1>   黄某某   </e1>   分 两次 在 怀化市 火车站 旁 天府 宾馆 713 房间内 将 上述 毒品 以 500 元 的 价格 贩卖 给 吸毒 人员   <e2>   潘某某   </e2>  ,1
NA,怀化市 鹤城区 人民检察院 指控 2012年7月21日15时 许 被告人 黄某某 在 怀化市 火车站 雄风 宾馆 门口 以 300 元 的 价格 从 外号 军娃 另案处理 处 购买 了 重约 0.5克 含 甲基苯丙胺 成分 的 毒品   <e1>   冰毒   </e1>   当日 16 时许 被告人 黄某某 分 两次 在 怀化市 火车站 旁 天府 宾馆 713 房间内 将 上述 毒品 以 500 元 的 价格 贩卖 给   <e2>   潘某某   </e2>   员 潘某某,4
NA,怀化市 鹤城区 人民检察院 指控   <e1>   2012年7月21日15时   </e1>   许 被告人 黄某某 在 怀化市 火车站 雄风 宾馆 门口 以 300 元 的 价格 从 外号 军娃 另案处理 处 购买 了 重约 0.5克 含 甲基苯丙胺 成分 的 毒品 冰毒 当日 16 时许 被告人 黄某某 分 两次 在 怀化市 火车站 旁 天府 宾馆 713 房间内 将 上述 毒品 以 500 元 的 价格 贩卖 给   <e2>   潘某某   </e2>   员 潘某某,4
sell_drugs_to,武鸣县 人民检察院 指控 2014年12月 11 日 18 时许 被告人   <e1>   钟某   </e1>   在 武鸣县城厢镇和平街307号门 前 销售 海洛因 给   <e2>   许某   </e2>   后 因 许某 又 提出 购买 冰毒 钟某 遂 离开 找 外号 为 侯易 的 男子 拿货 后 接着 返回 原处 将 冰毒 销售 给 许某 两人 冰毒 交易 结束 后 被 公安民警 当场 抓获 并 从 两人 身上 查获 扣押 了 毒品 可疑 物 和 现金 90 元经 称量 和 鉴定 缴获 的 晶体 毒品 可疑 物净 重0.95克 从中 检出 甲基苯丙胺 缴获 的 粉末 毒品 可疑 物 净重 0.03克 从中 检出 海洛因 公诉 机关 认为 被告人 钟某 的 行为 已触犯 中华人民共和国 刑法 第三 百 四十七 条 之 规定 应 以 贩卖毒品 罪 追究其 刑事责任 提请 本院 依法 判处,1
traffic_in,武鸣县 人民检察院 指控 2014年12月 11 日 18 时许 被告人   <e1>   钟某   </e1>   在 武鸣县城厢镇和平街307号门 前 销售   <e2>   海洛因   </e2>   给 许某 后 因 许某 又 提出 购买 冰毒 钟某 遂 离开 找 外号 为 侯易 的 男子 拿货 后 接着 返回 原处 将 冰毒 销售 给 许某 两人 冰毒 交易 结束 后 被 公安民警 当场 抓获 并 从 两人 身上 查获 扣押 了 毒品 可疑 物 和 现金 90 元经 称量 和 鉴定 缴获 的 晶体 毒品 可疑 物净 重0.95克 从中 检出 甲基苯丙胺 缴获 的 粉末 毒品 可疑 物 净重 0.03克 从中 检出 海洛因 公诉 机关 认为 被告人 钟某 的 行为 已触犯 中华人民共和国 刑法 第三 百 四十七 条 之 规定 应 以 贩卖毒品 罪 追究其 刑事责任 提请 本院 依法 判处,0
traffic_in,武鸣县 人民检察院 指控 2014年12月 11 日 18 时许 被告人 钟某 在 武鸣县城厢镇和平街307号门 前 销售 海洛因 给 许某 后 因 许某 又 提出 购买   <e1>   冰毒   < / e   <e2>   钟某   </e2>     钟某 遂 离开 找 外号 为 侯易 的 男子 拿货 后 接着 返回 原处 将 冰毒 销售 给 许某 两人 冰毒 交易 结束 后 被 公安民警 当场 抓获 并 从 两人 身上 查获 扣押 了 毒品 可疑 物 和 现金 90 元经 称量 和 鉴定 缴获 的 晶体 毒品 可疑 物净 重0.95克 从中 检出 甲基苯丙胺 缴获 的 粉末 毒品 可疑 物 净重 0.03克 从中 检出 海洛因 公诉 机关 认为 被告人 钟某 的 行为 已触犯 中华人民共和国 刑法 第三 百 四十七 条 之 规定 应 以 贩卖毒品 罪 追究其 刑事责任 提请 本院 依法 判处,0
NA,武鸣县 人民检察院 指控 2014年12月 11 日 18 时许 被告人 钟某 在 武鸣县城厢镇和平街307号门 前 销售 海洛因 给   <e1>   许某   </e1>   后 因 许某 又 提出 购买 冰毒 钟某 遂 离开 找 外号 为 侯易 的 男子 拿货 后 接着 返回 原处 将 冰毒 销售 给 许某 两人   <e2>   冰毒   </e2>   交易 结束 后 被 公安民警 当场 抓获 并 从 两人 身上 查获 扣押 了 毒品 可疑 物 和 现金 90 元经 称量 和 鉴定 缴获 的 晶体 毒品 可疑 物净 重0.95克 从中 检出 甲基苯丙胺 缴获 的 粉末 毒品 可疑 物 净重 0.03克 从中 检出 海洛因 公诉 机关 认为 被告人 钟某 的 行为 已触犯 中华人民共和国 刑法 第三 百 四十七 条 之 规定 应 以 贩卖毒品 罪 追究其 刑事责任 提请 本院 依法 判处,4
NA,武鸣县 人民检察院 指控 2014年12月 11 日 18 时许 被告人 钟某 在   <e1>   武鸣县城厢镇和平街307号门   </e1>   前 销售 海洛因 给 许某 后 因 许某 又 提出 购买 冰毒 钟某 遂 离开 找 外号 为 侯易 的 男子 拿货 后 接着 返回 原处 将 冰毒 销售 给 许某 两人 冰毒 交易 结束 后 被 公安民警 当场 抓获 并 从 两人 身上 查获 扣押 了 毒品 可疑 物 和 现金 90 元经 称量 和 鉴定 缴获 的 晶体 毒品 可疑 物净 重0.95克 从中 检出 甲基苯丙胺 缴获 的 粉末 毒品 可疑 物 净重 0.03克 从中 检出 海洛因 公诉 机关 认为   <e2>   钟某   </e2>   告人 钟某 的 行为 已触犯 中华人民共和国 刑法 第三 百 四十七 条 之 规定 应 以 贩卖毒品 罪 追究其 刑事责任 提请 本院 依法 判处,4
provide_shelter_for,湖南省 涟源市 人民检察院 指控 2016 年 6 月 1 4日 左右 的 一天 被告人   <e1>   姚某   </e1>   在 涟源市 杨 市镇 梧团村 火车 道 涵洞 旁 的 公路 边 容留 吸毒 人员   <e2>   刘某某   </e2>   童花萼 姚某某 在 其 车牌号码 为 湘 Ｋ 奇瑞 牌 小型汽车 内 一起 吸食 了 甲基苯丙胺 俗称 冰毒 甲基苯丙胺片剂 俗称 麻古,3
provide_shelter_for,湖南省 涟源市 人民检察院 指控 2016 年 6 月 1 4日 左右 的 一天 被告人   <e1>   姚某   </e1>   在 涟源市 杨 市镇 梧团村 火车 道 涵洞 旁 的 公路 边 容留 吸毒 人员 刘某某   <e2>   童花萼   </e2>   姚某某 在 其 车牌号码 为 湘 Ｋ 奇瑞 牌 小型汽车 内 一起 吸食 了 甲基苯丙胺 俗称 冰毒 甲基苯丙胺片剂 俗称 麻古,3
provide_shelter_for,湖南省 涟源市 人民检察院 指控 2016 年 6 月 1 4日 左右 的 一天 被告人   <e1>   姚某   </e1>   在 涟源市 杨 市镇 梧团村 火车 道 涵洞 旁 的 公路 边 容留 吸毒 人员 刘某某 童花萼   <e2>   姚某某   </e2>   在 其 车牌号码 为 湘 Ｋ 奇瑞 牌 小型汽车 内 一起 吸食 了 甲基苯丙胺 俗称 冰毒 甲基苯丙胺片剂 俗称 麻古,3
NA,湖南省 涟源市 人民检察院 指控 2016 年 6 月 1 4日 左右 的 一天 被告人 姚某 在 涟源市 杨 市镇 梧团村 火车 道 涵洞 旁 的 公路 边 容留 吸毒 人员 刘某某 童花萼 姚某某 在 其 车牌号码 为 湘 Ｋ 奇瑞 牌 小型汽车 内 一起 吸食 了 甲基苯丙胺 俗称 冰毒   <e1>   甲基苯丙胺   </e1>   片剂 俗称   <e2>   麻古   </e2>  ,4
NA,湖南省 涟源市 人民检察院 指控 2016 年 6 月 1 4日 左右 的 一天 被告人   <e1>   姚某   </e1>   在 涟源市 杨 市镇 梧团村 火车 道 涵洞 旁 的 公路 边 容留 吸毒 人员 刘某某 童花萼 姚某某 在 其 车牌号码 为 湘 Ｋ 奇瑞 牌 小型汽车 内 一起 吸食 了 甲基苯丙胺 俗称 冰毒 甲基苯丙胺 片   <e2>   麻古   </e2>   俗称 麻古,4
provide_shelter_for,深圳市 罗湖区 人民检察院 指控 2015 年 7 月 2 4日 22 时许 被告人 李某某 与 曾某某 登记 入住 深圳市罗湖区莲塘深圳旅客之家酒店521房 当日 23 时许 被告人 李某某 邀请 了 罗某某 和 陈某某 二人 均 未成年 前来 521 房间 一起 玩 并 从 他人 处 购买 毒品 甲基苯丙胺 俗称 冰毒 准备 用于 吸食 后 被告人   <e1>   李某某   </e1>   容留   <e2>   曾某某   </e2>   陈某某 罗某某 在 521 房间内 使用 自制 的 吸毒 工具 吸食毒品 甲基苯丙胺 次日 4 时许 民警 在 旅客之家 酒店 512 房 抓获 被告人 李某某 及 三名 吸毒 人员 并 缴获 吸毒 工具 经检测 四人 尿检 均 呈 阳性,3
provide_shelter_for,深圳市 罗湖区 人民检察院 指控 2015 年 7 月 2 4日 22 时许 被告人 李某某 与 曾某某 登记 入住 深圳市罗湖区莲塘深圳旅客之家酒店521房 当日 23 时许 被告人 李某某 邀请 了 罗某某 和 陈某某 二人 均 未成年 前来 521 房间 一起 玩 并 从 他人 处 购买 毒品 甲基苯丙胺 俗称 冰毒 准备 用于 吸食 后 被告人   <e1>   李某某   </e1>   容留 曾某某   <e2>   陈某某   </e2>   罗某某 在 521 房间内 使用 自制 的 吸毒 工具 吸食毒品 甲基苯丙胺 次日 4 时许 民警 在 旅客之家 酒店 512 房 抓获 被告人 李某某 及 三名 吸毒 人员 并 缴获 吸毒 工具 经检测 四人 尿检 均 呈 阳性,3
provide_shelter_for,深圳市 罗湖区 人民检察院 指控 2015 年 7 月 2 4日 22 时许 被告人 李某某 与 曾某某 登记 入住 深圳市罗湖区莲塘深圳旅客之家酒店521房 当日 23 时许 被告人 李某某 邀请 了 罗某某 和 陈某某 二人 均 未成年 前来 521 房间 一起 玩 并 从 他人 处 购买 毒品 甲基苯丙胺 俗称 冰毒 准备 用于 吸食 后 被告人   <e1>   李某某   </e1>   容留 曾某某 陈某某   <e2>   罗某某   </e2>   在 521 房间内 使用 自制 的 吸毒 工具 吸食毒品 甲基苯丙胺 次日 4 时许 民警 在 旅客之家 酒店 512 房 抓获 被告人 李某某 及 三名 吸毒 人员 并 缴获 吸毒 工具 经检测 四人 尿检 均 呈 阳性,3
NA,深圳市 罗湖区 人民检察院 指控 2015 年 7 月 2 4日 22 时许 被告人 李某某 与 曾某某 登记 入住 深圳市罗湖区莲塘深圳旅客之家酒店521房 当日 23 时许 被告人 李某某 邀请 了 罗某某 和 陈某某 二人 均 未成年 前来 521 房间 一起 玩 并 从 他人 处 购买 毒品   <e1>   甲基苯丙胺   </e1>   俗称 冰毒 准备 用于 吸食   <e2>   李某某   </e2>   人 李某某 容留 曾某某 陈某某 罗某某 在 521 房间内 使用 自制 的 吸毒 工具 吸食毒品 甲基苯丙胺 次日 4 时许 民警 在 旅客之家 酒店 512 房 抓获 被告人 李某某 及 三名 吸毒 人员 并 缴获 吸毒 工具 经检测 四人 尿检 均 呈 阳性,4
NA,深圳市 罗湖区 人民检察院 指控 2015 年 7 月 2 4日 22 时许 被告人 李某某 与 曾某某 登记 入住   <e1>   深圳市罗湖区莲塘深圳旅客之家酒店521房   </e1>   当日 23 时许 被告人 李某某 邀请 了 罗某某 和 陈某某 二人 均 未成年 前来 521 房间 一起 玩 并 从 他人 处 购买 毒品   <e2>   甲基苯丙胺   </e2>   俗称 冰毒 准备 用于 吸食 后 被告人 李某某 容留 曾某某 陈某某 罗某某 在 521 房间内 使用 自制 的 吸毒 工具 吸食毒品 甲基苯丙胺 次日 4 时许 民警 在 旅客之家 酒店 512 房 抓获 被告人 李某某 及 三名 吸毒 人员 并 缴获 吸毒 工具 经检测 四人 尿检 均 呈 阳性,4
posess,经 审理 查明 2011年3月10日22时 许 被告人   <e1>   郭政军   </e1>   携带 麻古 在 张家界市 永定区 官黎坪 办事处 鸽子花 酒店 门口 被 公安干警 抓获 当场 缴获 含 甲基苯丙胺 和 咖啡因 成分 的   <e2>   麻古   </e2>   1127 颗 净重 92.5868 克,2
NA,经 审理 查明   <e1>   2011年3月10日22时   </e1>   许 被告人 郭   <e2>   麻古   </e2>   携带 麻古 在 张家界市 永定区 官黎坪 办事处 鸽子花 酒店 门口 被 公安干警 抓获 当场 缴获 含 甲基苯丙胺 和 咖啡因 成分 的 麻古 1127 颗 净重 92.5868 克,4
NA,经 审理 查明 2011年3月10日22时 许 被告人   <e1>   郭政军   </e1>   携带 麻古 在 张家界市 永定区 官黎坪 办事处 鸽子花 酒店 门口 被 公安干警 抓获 当   <e2>   甲基苯丙胺   </e2>   基 苯丙胺 和 咖啡因 成分 的 麻古 1127 颗 净重 92.5868 克,4
provide_shelter_for,瓦房店市 人民检察院 指控 2014年10月13日21时 许 被告人   <e1>   曲某   </e1>   在 瓦房店市 永宁镇 永宁 村 自己 居住 的 屋内 容留   <e2>   王某某   </e2>   林某某 吸食毒品,3
provide_shelter_for,瓦房店市 人民检察院 指控 2014年10月13日21时 许 被告人   <e1>   曲某   </e1>   在 瓦房店市 永宁镇 永宁 村 自己 居住 的 屋内 容留 王某某   <e2>   林某某   </e2>   吸食毒品,3
NA,瓦房店市 人民检察院 指控 2014年10月13日21时 许 被告人 曲某 在 瓦房店市 永宁镇 永宁 村 自己 居住 的 屋内 容留   <e1>   王某某   < / e   <e2>   林某某   </e2>   林某某 吸食毒品,4
NA,瓦房店市 人民检察院 指控   <e1>   2014年10月13日21时   </e1>   许   <e2>   曲某   </e2>   告人 曲某 在 瓦房店市 永宁镇 永宁 村 自己 居住 的 屋内 容留 王某某 林某某 吸食毒品,4
traffic_in,公诉 机关 指控 2016年2月1日15时 许 被告人   <e1>   袁某   </e1>   在 贵阳市 花溪区 贵 筑路 合力 超市 门口 以 300 元 价格 将 0.7 克   <e2>   甲基苯丙胺   </e2>   贩卖 给 肖坤 时 被 公安民警 抓获 0.7 克 甲基苯丙胺 被 当场 收缴,0
sell_drugs_to,公诉 机关 指控 2016年2月1日15时 许 被告人   <e1>   袁某   </e1>   在 贵阳市 花溪区 贵 筑路 合力 超市 门口 以 300 元 价格 将 0.7 克 甲基苯丙胺 贩卖 给   <e2>   肖坤   </e2>   时 被 公安民警 抓获 0.7 克 甲基苯丙胺 被 当场 收缴,1
NA,公诉 机关 指控 2016年2月1日15时 许 被告人   <e1>   袁某   </e1>   在 贵阳市 花溪区 贵 筑路 合力 超市 门口 以 300 元 价格 将   <e2>   甲基苯丙胺   </e2>   基 苯丙胺 贩卖 给 肖坤 时 被 公安民警 抓获 0.7 克 甲基苯丙胺 被 当场 收缴,4
NA,公诉 机关 指控   <e1>   2016年2月1日15时   </e1>   许 被告人 袁某 在 贵阳市 花溪区 贵 筑路 合力 超市 门口 以 300 元 价格 将 0.7 克 甲基 苯丙   <e2>   肖坤   </e2>   卖 给 肖坤 时 被 公安民警 抓获 0.7 克 甲基苯丙胺 被 当场 收缴,4
posess,经 审理 查明 2015 年 6 月 8 日 16 时许 被告人   <e1>   王玮   </e1>   在 贵阳市云岩区 盐务 街 被 公安机关 抓获 当场 从 其 身上 查获   <e2>   冰毒   </e2>   54.68 克 麻古 2.99克 共计 57.3 克经 鉴定 上述 毒品 中均 检出 甲基苯丙胺,2
NA,经 审理 查明 2015 年 6 月 8 日 16 时许 被告人 王玮 在 贵阳市云岩区 盐务 街 被 公安机关 抓获 当场 从 其 身上 查获   <e1>   冰毒   </e1>   54.68 克 麻古   <e2>   2.99克   </e2>   共计 57.3 克经 鉴定 上述 毒品 中均 检出 甲基苯丙胺,4
NA,经 审理 查明 2015 年 6 月 8 日 16 时许 被告人 王玮 在 贵阳市云岩区 盐务 街 被 公安机关 抓获 当场 从 其 身上 查获   <e1>   冰毒   </e1>   54.68 克 麻古 2.99克 共计 57.3 克经 鉴定 上述 毒品 中均 检出   <e2>   甲基苯丙胺   </e2>  ,4
sell_drugs_to,天水市 秦州 区 人民检察院 指控 2016 年 5 月 1 7日 9 时许 被告人   <e1>   汤某某   </e1>   在 天水市秦州区罗玉小区自家门口 以 270 元 给 吸毒 人员   <e2>   李某   </e2>   贩卖毒品 海洛因 1 小包 约 0.2克 同日 下午 16 时许 被告人 汤某某 在 同一 地点 以 270 元 给 李某 贩卖毒品 海洛因 1 小包 后 二人 被 公安民警 当场 抓获 从 汤某某 身上 及 住处 查获 海洛因 7 小包 净重 1.8423 克 从 李某 身上 查获 其 购得 的 毒品 海洛因 1 小包 净重 0.226 1克 针对 指控 的 事实 公诉人 当庭 出示 了 相关 证据 予以 证实 公诉 机关 认为 被告人 汤某某 的 行为 触犯 中华人民共和国 刑法 第三 百 四十七 条 的 规定 应 以 贩卖毒品 罪 追究 刑事责任 建议 判处 二年 以下 有期徒刑 并 处罚金 与 原判 余刑 数罪并罚,1
traffic_in,天水市 秦州 区 人民检察院 指控 2016 年 5 月 1 7日 9 时许 被告人   <e1>   汤某某   </e1>   在 天水市秦州区罗玉小区自家门口 以 270 元 给 吸毒 人员 李某 贩卖毒品   <e2>   海洛因   </e2>   1 小包 约 0.2克 同日 下午 16 时许 被告人 汤某某 在 同一 地点 以 270 元 给 李某 贩卖毒品 海洛因 1 小包 后 二人 被 公安民警 当场 抓获 从 汤某某 身上 及 住处 查获 海洛因 7 小包 净重 1.8423 克 从 李某 身上 查获 其 购得 的 毒品 海洛因 1 小包 净重 0.226 1克 针对 指控 的 事实 公诉人 当庭 出示 了 相关 证据 予以 证实 公诉 机关 认为 被告人 汤某某 的 行为 触犯 中华人民共和国 刑法 第三 百 四十七 条 的 规定 应 以 贩卖毒品 罪 追究 刑事责任 建议 判处 二年 以下 有期徒刑 并 处罚金 与 原判 余刑 数罪并罚,0
sell_drugs_to,天水市 秦州 区 人民检察院 指控 2016 年 5 月 1 7日 9 时许 被告人 汤某某 在 天水市秦州区罗玉小区自家门口 以 270 元 给 吸毒 人员 李某 贩卖毒品 海洛因 1 小包 约 0.2克 同日 下午 16 时许 被告人   <e1>   汤某某   </e1>   在 同一 地点 以 270 元 给   <e2>   李某   </e2>   贩卖毒品 海洛因 1 小包 后 二人 被 公安民警 当场 抓获 从 汤某某 身上 及 住处 查获 海洛因 7 小包 净重 1.8423 克 从 李某 身上 查获 其 购得 的 毒品 海洛因 1 小包 净重 0.226 1克 针对 指控 的 事实 公诉人 当庭 出示 了 相关 证据 予以 证实 公诉 机关 认为 被告人 汤某某 的 行为 触犯 中华人民共和国 刑法 第三 百 四十七 条 的 规定 应 以 贩卖毒品 罪 追究 刑事责任 建议 判处 二年 以下 有期徒刑 并 处罚金 与 原判 余刑 数罪并罚,1
traffic_in,天水市 秦州 区 人民检察院 指控 2016 年 5 月 1 7日 9 时许 被告人 汤某某 在 天水市秦州区罗玉小区自家门口 以 270 元 给 吸毒 人员 李某 贩卖毒品 海洛因 1 小包 约 0.2克 同日 下午 16 时许 被告人   <e1>   汤某某   </e1>   在 同一 地点 以 270 元 给 李某 贩卖毒品   <e2>   海洛因   </e2>   1 小包 后 二人 被 公安民警 当场 抓获 从 汤某某 身上 及 住处 查获 海洛因 7 小包 净重 1.8423 克 从 李某 身上 查获 其 购得 的 毒品 海洛因 1 小包 净重 0.226 1克 针对 指控 的 事实 公诉人 当庭 出示 了 相关 证据 予以 证实 公诉 机关 认为 被告人 汤某某 的 行为 触犯 中华人民共和国 刑法 第三 百 四十七 条 的 规定 应 以 贩卖毒品 罪 追究 刑事责任 建议 判处 二年 以下 有期徒刑 并 处罚金 与 原判 余刑 数罪并罚,0
NA,天水市 秦州 区 人民检察院 指控 2016 年 5 月 1 7日 9 时许 被告人 汤某某 在   <e1>   天水市秦州区罗玉小区自家门口   </e1>   以 270 元 给 吸毒 人员 李某 贩卖毒品 海洛因 1 小包 约 0.2克 同日 下午 16 时许 被告人 汤某某 在 同一 地点 以 270 元 给 李某 贩卖毒品 海洛因 1 小包 后 二人 被 公安民警 当场 抓获 从 汤某某 身上 及   <e2>   海洛因   </e2>   获 海洛因 7 小包 净重 1.8423 克 从 李某 身上 查获 其 购得 的 毒品 海洛因 1 小包 净重 0.226 1克 针对 指控 的 事实 公诉人 当庭 出示 了 相关 证据 予以 证实 公诉 机关 认为 被告人 汤某某 的 行为 触犯 中华人民共和国 刑法 第三 百 四十七 条 的 规定 应 以 贩卖毒品 罪 追究 刑事责任 建议 判处 二年 以下 有期徒刑 并 处罚金 与 原判 余刑 数罪并罚,4
NA,天水市 秦州 区 人民检察院 指控 2016 年 5 月 1 7日 9 时许 被告人 汤某某 在 天水市秦州区罗玉小区自家门口 以 270 元 给 吸毒 人员 李某 贩卖毒品 海洛因 1 小包 约   <e1>   0.2克   </e1>   同日 下午 16 时许   <e2>   汤某某   </e2>   人 汤某某 在 同一 地点 以 270 元 给 李某 贩卖毒品 海洛因 1 小包 后 二人 被 公安民警 当场 抓获 从 汤某某 身上 及 住处 查获 海洛因 7 小包 净重 1.8423 克 从 李某 身上 查获 其 购得 的 毒品 海洛因 1 小包 净重 0.226 1克 针对 指控 的 事实 公诉人 当庭 出示 了 相关 证据 予以 证实 公诉 机关 认为 被告人 汤某某 的 行为 触犯 中华人民共和国 刑法 第三 百 四十七 条 的 规定 应 以 贩卖毒品 罪 追究 刑事责任 建议 判处 二年 以下 有期徒刑 并 处罚金 与 原判 余刑 数罪并罚,4
traffic_in,经 审理 查明 2013年11月 至 12 月份 期间 被告人   <e1>   吴某   </e1>   为了 获得 免费 的 毒品 吸食 明知 绰号 黑弟 的 男子 贩卖毒品 仍 按照 黑弟 安排 将 毒品   <e2>   甲基苯丙胺   </e2>   俗称 冰毒 送到 指定 地点 贩卖 给 吸毒 人员 黄某乙 黄某甲 等 人 共计 2.25克 2013 年 12 月 18 日 被告人 吴某 在 福安市 阳头 街道 斗 园里 47 号 门口 被 抓获 现场 查获 黑弟 给予 被告人 吴某 免费 吸食 的 甲基苯丙胺 毒品 0.3839 克 具体 事实 如下,0
traffic_in,经 审理 查明 2013年11月 至 12 月份 期间 被告人   <e1>   吴某   </e1>   为了 获得 免费 的 毒品 吸食 明知 绰号 黑弟 的 男子 贩卖毒品 仍 按照 黑弟 安排 将 毒品 甲基苯丙胺 俗称   <e2>   冰毒   </e2>   送到 指定 地点 贩卖 给 吸毒 人员 黄某乙 黄某甲 等 人 共计 2.25克 2013 年 12 月 18 日 被告人 吴某 在 福安市 阳头 街道 斗 园里 47 号 门口 被 抓获 现场 查获 黑弟 给予 被告人 吴某 免费 吸食 的 甲基苯丙胺 毒品 0.3839 克 具体 事实 如下,0
sell_drugs_to,经 审理 查明 2013年11月 至 12 月份 期间 被告人   <e1>   吴某   </e1>   为了 获得 免费 的 毒品 吸食 明知 绰号 黑弟 的 男子 贩卖毒品 仍 按照 黑弟 安排 将 毒品 甲基苯丙胺 俗称 冰毒 送到 指定 地点 贩卖 给 吸毒 人员   <e2>   黄某乙   </e2>   黄某甲 等 人 共计 2.25克 2013 年 12 月 18 日 被告人 吴某 在 福安市 阳头 街道 斗 园里 47 号 门口 被 抓获 现场 查获 黑弟 给予 被告人 吴某 免费 吸食 的 甲基苯丙胺 毒品 0.3839 克 具体 事实 如下,1
sell_drugs_to,经 审理 查明 2013年11月 至 12 月份 期间 被告人   <e1>   吴某   </e1>   为了 获得 免费 的 毒品 吸食 明知 绰号 黑弟 的 男子 贩卖毒品 仍 按照 黑弟 安排 将 毒品 甲基苯丙胺 俗称 冰毒 送到 指定 地点 贩卖 给 吸毒 人员 黄某乙   <e2>   黄某甲   </e2>   等 人 共计 2.25克 2013 年 12 月 18 日 被告人 吴某 在 福安市 阳头 街道 斗 园里 47 号 门口 被 抓获 现场 查获 黑弟 给予 被告人 吴某 免费 吸食 的 甲基苯丙胺 毒品 0.3839 克 具体 事实 如下,1
NA,经 审理 查明   <e1>   2013年11月   </e1>   至 12 月份 期间 被告人 吴某 为了 获得 免费 的 毒品 吸食 明知 绰号 黑弟 的 男子 贩卖毒品 仍 按照 黑弟 安排 将 毒品 甲基苯丙胺 俗称 冰毒 送到 指定 地点 贩卖 给   <e2>   黄某乙   </e2>   员 黄某乙 黄某甲 等 人 共计 2.25克 2013 年 12 月 18 日 被告人 吴某 在 福安市 阳头 街道 斗 园里 47 号 门口 被 抓获 现场 查获 黑弟 给予 被告人 吴某 免费 吸食 的 甲基苯丙胺 毒品 0.3839 克 具体 事实 如下,4
NA,经 审理 查明   <e1>   2013年11月   </e1>   至 12 月份 期间 被告人   <e2>   吴某   </e2>   为了 获得 免费 的 毒品 吸食 明知 绰号 黑弟 的 男子 贩卖毒品 仍 按照 黑弟 安排 将 毒品 甲基苯丙胺 俗称 冰毒 送到 指定 地点 贩卖 给 吸毒 人员 黄某乙 黄某甲 等 人 共计 2.25克 2013 年 12 月 18 日 被告人 吴某 在 福安市 阳头 街道 斗 园里 47 号 门口 被 抓获 现场 查获 黑弟 给予 被告人 吴某 免费 吸食 的 甲基苯丙胺 毒品 0.3839 克 具体 事实 如下,4
provide_shelter_for,经 审理 查明 2014年3月至4月期间 被告人   <e1>   陈某1   </e1>   在 枣阳市 南关 街其 租住 的 房间内 先后 三次 容留   <e2>   陈某甲   </e2>   吸食毒品 2014年10月 陈某1 在 枣阳市大西街 卫生 巷 的 租住 房间 内容 留 黄某 吸食毒品 具体 犯罪事实 如下,3
provide_shelter_for,经 审理 查明 2014年3月至4月期间 被告人 陈某1 在 枣阳市 南关 街其 租住 的 房间内 先后 三次 容留 陈某甲 吸食毒品 2014年10月   <e1>   陈某1   </e1>   在 枣阳市大西街 卫生 巷 的 租住 房间 内容 留   <e2>   黄某   </e2>   吸食毒品 具体 犯罪事实 如下,3
NA,经 审理 查明   <e1>   2014年3月至4月期间   </e1>   被告人 陈某1 在 枣阳市 南关 街其 租住 的 房间内 先后 三次 容留 陈某甲 吸   <e2>   2014年10月   </e2>   年 10 月 陈某1 在 枣阳市大西街 卫生 巷 的 租住 房间 内容 留 黄某 吸食毒品 具体 犯罪事实 如下,4
NA,经 审理 查明 2014年3月至4月期间 被告人 陈某1 在 枣阳市 南关 街其 租住 的 房间内 先后 三次 容留   <e1>   陈某甲   </e1>   吸食毒品 2014年10月   <e2>   枣阳市大西街   </e2>   市大 西街 卫生 巷 的 租住 房间 内容 留 黄某 吸食毒品 具体 犯罪事实 如下,4
traffic_in,公诉 机关 指控 2014 年 1 月 3 日 22 时许 被告人   <e1>   韦XX   </e1>   在 柳州市 柳北区 胜利路 大润发 超市 门前 的 报刊亭 旁以 人民币 600 元 的 价格 降 1 小包 毒品   <e2>   K粉   </e2>   贩卖 给 事先 联系 好 的 购毒 人员 覃立 龚瑞华 当 双方 交易 完毕 后 即 被 公安人员 抓获 公安人员 当场 从 被告人 韦XX 身上 缴获 毒资 人民币 600 元 从 购毒 人员 覃立 身上 缴获 毒品 K粉 1 小包 经 鉴定 缴获 的 该 小包 K粉 检出 氯胺酮 成分 净重 6.8 克,0
sell_drugs_to,公诉 机关 指控 2014 年 1 月 3 日 22 时许 被告人   <e1>   韦XX   </e1>   在 柳州市 柳北区 胜利路 大润发 超市 门前 的 报刊亭 旁以 人民币 600 元 的 价格 降 1 小包 毒品 K粉 贩卖 给 事先 联系 好 的 购毒 人员   <e2>   覃立   </e2>   龚瑞华 当 双方 交易 完毕 后 即 被 公安人员 抓获 公安人员 当场 从 被告人 韦XX 身上 缴获 毒资 人民币 600 元 从 购毒 人员 覃立 身上 缴获 毒品 K粉 1 小包 经 鉴定 缴获 的 该 小包 K粉 检出 氯胺酮 成分 净重 6.8 克,1
sell_drugs_to,公诉 机关 指控 2014 年 1 月 3 日 22 时许 被告人   <e1>   韦XX   </e1>   在 柳州市 柳北区 胜利路 大润发 超市 门前 的 报刊亭 旁以 人民币 600 元 的 价格 降 1 小包 毒品 K粉 贩卖 给 事先 联系 好 的 购毒 人员 覃立   <e2>   龚瑞华   </e2>   当 双方 交易 完毕 后 即 被 公安人员 抓获 公安人员 当场 从 被告人 韦XX 身上 缴获 毒资 人民币 600 元 从 购毒 人员 覃立 身上 缴获 毒品 K粉 1 小包 经 鉴定 缴获 的 该 小包 K粉 检出 氯胺酮 成分 净重 6.8 克,1
NA,公诉 机关 指控 2014 年 1 月 3 日 22 时许 被告人 韦XX 在 柳州市 柳北区 胜利路 大润发 超市 门前 的 报刊亭 旁以 人民币 600 元 的 价格 降 1 小包 毒品 K粉 贩卖 给 事先 联系 好 的 购毒 人员   <e1>   覃立   </e1>   龚瑞华 当 双方 交易 完毕 后 即 被 公安人员 抓获 公安人员 当场 从 被告人 韦XX 身上 缴获 毒资 人民币 600 元 从 购毒 人员 覃立 身上   <e2>   K粉   </e2>   毒品 K粉 1 小包 经 鉴定 缴获 的 该 小包 K粉 检出 氯胺酮 成分 净重 6.8 克,4
NA,公诉 机关 指控 2014 年 1 月 3 日 22 时许 被告人 韦XX 在 柳州市 柳北区 胜利路 大润发 超市 门前 的 报刊亭 旁以 人民币 600 元 的 价格 降 1 小包 毒品 K粉 贩卖 给 事先 联系 好 的 购毒 人员 覃立   <e1>   龚瑞华   </e1>   当 双方 交易 完毕 后 即 被 公安人员 抓获 公安人员 当场   <e2>   韦XX   </e2>   人 韦XX 身上 缴获 毒资 人民币 600 元 从 购毒 人员 覃立 身上 缴获 毒品 K粉 1 小包 经 鉴定 缴获 的 该 小包 K粉 检出 氯胺酮 成分 净重 6.8 克,4
provide_shelter_for,重庆市 南川 区 人民检察院 指控 2016年8月15日下午   <e1>   鲜某   </e1>   程某 李某 王某   <e2>   李某某   </e2>   在 李某某 位于 重庆市 南川 区 南城 街道 XX 站 家属院 二 单元 的 出租屋 内 吸食毒品 被 民警 当场 查获 民警 在 现场 查获 一颗 麻古 和 一个 吸毒 工具 经对 五人 进行 甲基 安非他明 检测 结果 均 呈 阳性 经 鉴定 查获 的 麻古 中 含有 甲基苯丙胺 成分 被告人 李某某 的 行为 构成 容留 他人 吸毒 罪 应受 刑罚 处罚,3
provide_shelter_for,重庆市 南川 区 人民检察院 指控 2016年8月15日下午 鲜某   <e1>   程某   </e1>   李某 王某   <e2>   李某某   </e2>   在 李某某 位于 重庆市 南川 区 南城 街道 XX 站 家属院 二 单元 的 出租屋 内 吸食毒品 被 民警 当场 查获 民警 在 现场 查获 一颗 麻古 和 一个 吸毒 工具 经对 五人 进行 甲基 安非他明 检测 结果 均 呈 阳性 经 鉴定 查获 的 麻古 中 含有 甲基苯丙胺 成分 被告人 李某某 的 行为 构成 容留 他人 吸毒 罪 应受 刑罚 处罚,3
provide_shelter_for,重庆市 南川 区 人民检察院 指控 2016年8月15日下午 鲜某 程某   <e1>   李某   </e1>   王某   <e2>   李某某   </e2>   在 李某某 位于 重庆市 南川 区 南城 街道 XX 站 家属院 二 单元 的 出租屋 内 吸食毒品 被 民警 当场 查获 民警 在 现场 查获 一颗 麻古 和 一个 吸毒 工具 经对 五人 进行 甲基 安非他明 检测 结果 均 呈 阳性 经 鉴定 查获 的 麻古 中 含有 甲基苯丙胺 成分 被告人 李某某 的 行为 构成 容留 他人 吸毒 罪 应受 刑罚 处罚,3
provide_shelter_for,重庆市 南川 区 人民检察院 指控 2016年8月15日下午 鲜某 程某 李某   <e1>   王某   </e1>     <e2>   李某某   </e2>   在 李某某 位于 重庆市 南川 区 南城 街道 XX 站 家属院 二 单元 的 出租屋 内 吸食毒品 被 民警 当场 查获 民警 在 现场 查获 一颗 麻古 和 一个 吸毒 工具 经对 五人 进行 甲基 安非他明 检测 结果 均 呈 阳性 经 鉴定 查获 的 麻古 中 含有 甲基苯丙胺 成分 被告人 李某某 的 行为 构成 容留 他人 吸毒 罪 应受 刑罚 处罚,3
provide_shelter_for,重庆市 南川 区 人民检察院 指控 2016年8月15日下午 鲜某 程某 李某 王某   <e1>   李某某   < / e   <e2>   李某某   </e2>   在 李某某 位于 重庆市 南川 区 南城 街道 XX 站 家属院 二 单元 的 出租屋 内 吸食毒品 被 民警 当场 查获 民警 在 现场 查获 一颗 麻古 和 一个 吸毒 工具 经对 五人 进行 甲基 安非他明 检测 结果 均 呈 阳性 经 鉴定 查获 的 麻古 中 含有 甲基苯丙胺 成分 被告人 李某某 的 行为 构成 容留 他人 吸毒 罪 应受 刑罚 处罚,3
NA,重庆市 南川 区 人民检察院 指控 2016年8月15日下午 鲜某 程某   <e1>   李某   </e1>   王某 李某某 在 李某某 位于 重庆市 南川 区 南城 街道 XX 站 家属院 二 单元 的 出租屋 内 吸食毒品 被 民警 当场 查获 民警 在 现场 查获 一颗 麻古 和 一个 吸毒 工具 经对 五人 进行 甲基 安非他明 检测 结果 均 呈 阳性 经 鉴定   <e2>   麻古   </e2>   获 的 麻古 中 含有 甲基苯丙胺 成分 被告人 李某某 的 行为 构成 容留 他人 吸毒 罪 应受 刑罚 处罚,4
NA,重庆市 南川 区 人民检察院 指控   <e1>   2016年8月15日下午   </e1>   鲜某 程某 李某 王某 李某某 在 李某某 位于 重庆市 南川 区 南城 街道 XX 站 家属院 二 单元 的 出租屋 内 吸食毒品 被 民警 当场 查获 民警 在 现场 查获 一颗 麻古 和 一个 吸毒 工具 经对 五人 进行 甲基 安非他明 检测 结果 均 呈 阳性 经 鉴定 查获 的 麻   <e2>   甲基苯丙胺   </e2>   基 苯丙胺 成分 被告人 李某某 的 行为 构成 容留 他人 吸毒 罪 应受 刑罚 处罚,4
provide_shelter_for,青岛市 黄岛区 人民检察院 指控 2014年10月 20 日至 2014年10月 29 日 下午 期间 被告人   <e1>   姜某某   </e1>   分别 在 青岛市 经济 技术开发区 千禧龙 花园 其 租房 处 青岛市经济技术开发区薛家泊子社区其租房处 分别 容留   <e2>   潘某某   </e2>   窦某某 安某某 大全 等 人 吸食 冰毒 被告人 姜某某 容留 他人 吸毒 共计 5 次 8 人次,3
provide_shelter_for,青岛市 黄岛区 人民检察院 指控 2014年10月 20 日至 2014年10月 29 日 下午 期间 被告人   <e1>   姜某某   </e1>   分别 在 青岛市 经济 技术开发区 千禧龙 花园 其 租房 处 青岛市经济技术开发区薛家泊子社区其租房处 分别 容留 潘某某   <e2>   窦某某   </e2>   安某某 大全 等 人 吸食 冰毒 被告人 姜某某 容留 他人 吸毒 共计 5 次 8 人次,3
provide_shelter_for,青岛市 黄岛区 人民检察院 指控 2014年10月 20 日至 2014年10月 29 日 下午 期间 被告人   <e1>   姜某某   </e1>   分别 在 青岛市 经济 技术开发区 千禧龙 花园 其 租房 处 青岛市经济技术开发区薛家泊子社区其租房处 分别 容留 潘某某 窦某某   <e2>   安某某   </e2>   大全 等 人 吸食 冰毒 被告人 姜某某 容留 他人 吸毒 共计 5 次 8 人次,3
provide_shelter_for,青岛市 黄岛区 人民检察院 指控 2014年10月 20 日至 2014年10月 29 日 下午 期间 被告人   <e1>   姜某某   </e1>   分别 在 青岛市 经济 技术开发区 千禧龙 花园 其 租房 处 青岛市经济技术开发区薛家泊子社区其租房处 分别 容留 潘某某 窦某某 安某某   <e2>   大全   </e2>   等 人 吸食 冰毒 被告人 姜某某 容留 他人 吸毒 共计 5 次 8 人次,3
NA,青岛市 黄岛区 人民检察院 指控 2014年10月 20 日至 2014年10月 29 日 下午 期间 被告人 姜某某 分别 在 青岛市 经济 技术开发区 千禧龙 花园 其 租房 处   <e1>   青岛市经济技术开发区薛家泊子社区其租房处   </e1>     <e2>   潘某某   </e2>   留 潘某某 窦某某 安某某 大全 等 人 吸食 冰毒 被告人 姜某某 容留 他人 吸毒 共计 5 次 8 人次,4
NA,青岛市 黄岛区 人民检察院 指控 2014年10月 20 日至 2014年10月 29 日 下午 期间 被告人 姜某某 分别 在 青岛市 经济 技术开发区 千禧龙 花园 其 租房 处 青岛市经济技术开发区薛家泊子社区其租房处 分别 容留 潘某某 窦某某 安某某   <e1>   大全   </e1>   等 人 吸食 冰毒 被告人   <e2>   姜某某   </e2>   容留 他人 吸毒 共计 5 次 8 人次,4
posess,杭州市 余杭区 人民检察院 指控 2010 年 1 月 28 日晚 23 时许 被告人   <e1>   覃某   </e1>   携带 4 袋 疑似 毒品 粉末 途经 杭州市 余杭区 临平 街道 五号 桥时 被 在 此 设卡 的 公安机关 巡逻 人员 查获 经 杭州市 公安 司法鉴定 中心 鉴定 该 4 袋 粉末 中 1 袋 红色 塑料袋 包装 的 粉末 净重 74.04克 未 检出 毒品 1 袋 黄色 塑料袋 包装 的 粉末 净重 5.68 克 检出   <e2>   非那西汀   </e2>   和 咖啡因 1 袋 黄色 塑料袋 包装 的 粉末 净重 7.7 1克 1 袋 蓝色 塑料袋 包装 的 粉末 净重 6.45克 均 检出 海洛因,2
posess,杭州市 余杭区 人民检察院 指控 2010 年 1 月 28 日晚 23 时许 被告人   <e1>   覃某   </e1>   携带 4 袋 疑似 毒品 粉末 途经 杭州市 余杭区 临平 街道 五号 桥时 被 在 此 设卡 的 公安机关 巡逻 人员 查获 经 杭州市 公安 司法鉴定 中心 鉴定 该 4 袋 粉末 中 1 袋 红色 塑料袋 包装 的 粉末 净重 74.04克 未 检出 毒品 1 袋 黄色 塑料袋 包装 的 粉末 净重 5.68 克 检出 非那西汀 和   <e2>   咖啡因   </e2>   1 袋 黄色 塑料袋 包装 的 粉末 净重 7.7 1克 1 袋 蓝色 塑料袋 包装 的 粉末 净重 6.45克 均 检出 海洛因,2
posess,杭州市 余杭区 人民检察院 指控 2010 年 1 月 28 日晚 23 时许 被告人   <e1>   覃某   </e1>   携带 4 袋 疑似 毒品 粉末 途经 杭州市 余杭区 临平 街道 五号 桥时 被 在 此 设卡 的 公安机关 巡逻 人员 查获 经 杭州市 公安 司法鉴定 中心 鉴定 该 4 袋 粉末 中 1 袋 红色 塑料袋 包装 的 粉末 净重 74.04克 未 检出 毒品 1 袋 黄色 塑料袋 包装 的 粉末 净重 5.68 克 检出 非那西汀 和 咖啡因 1 袋 黄色 塑料袋 包装 的 粉末 净重 7.7 1克 1 袋 蓝色 塑料袋 包装 的 粉末 净重 6.45克 均 检出   <e2>   海洛因   </e2>  ,2
NA,杭州市 余杭区 人民检察院 指控 2010 年 1 月 28 日晚 23 时许 被告人 覃某 携带 4 袋 疑似 毒品 粉末 途经 杭州市 余杭区 临平 街道 五号 桥时 被 在 此 设卡 的 公安机关 巡逻 人员 查获 经   <e1>   杭州市   </e1>   公安 司法鉴定 中心 鉴定 该 4 袋 粉末 中 1 袋 红色 塑料袋 包装 的 粉末 净重 74.04克 未 检出 毒品 1 袋 黄色 塑料袋 包装 的 粉末 净重 5.68 克 检出 非那西汀 和 咖啡因 1 袋 黄色 塑料袋 包装 的 粉末 净重 7.7 1克 1 袋 蓝色 塑料袋 包装 的 粉末 净重   <e2>   6.45克   </e2>   均 检出 海洛因,4
NA,杭州市 余杭区 人民检察院 指控 2010 年 1 月 28 日晚 23 时许 被告人   <e1>   覃某   </e1>   携带 4 袋 疑似 毒品 粉末 途经 杭州市 余杭区 临平 街道 五号 桥时 被 在 此 设卡 的 公安机关 巡逻 人员 查获 经 杭州市 公安 司法鉴定 中心 鉴定 该 4 袋 粉末 中 1 袋 红色 塑料袋 包装 的 粉末 净重   <e2>   74.04克   </e2>   未 检出 毒品 1 袋 黄色 塑料袋 包装 的 粉末 净重 5.68 克 检出 非那西汀 和 咖啡因 1 袋 黄色 塑料袋 包装 的 粉末 净重 7.7 1克 1 袋 蓝色 塑料袋 包装 的 粉末 净重 6.45克 均 检出 海洛因,4
sell_drugs_to,经 审理 查明 2014年10月14日 被告人   <e1>   木某某某   </e1>   与 吸毒 人员   <e2>   周某某   </e2>   电话 联系 后 在 昌都 市卡若区 城关镇 聚盛街 康巴 大酒店 门口 附近 见面 并 出售 0.08克 毒品 给 周某某 收取 毒资 100 元 2014年10月 16 日 18 时 左右 木某某某 与 周某某 经 电话 联系 后 在 昌都 市卡若区 聚盛街 壹书苑 书店 附近 见面 并 将 价值 500 元 的 用 透明 塑料袋 包装 的 毒品 一小包 和 用 笔记本 纸张 包装 好 的 毒品 一小包 出售 给 周某某 在 交易 结束 后 被 昌都 市 公安局 民警 抓获 从 周某某 处 当场 收缴 毒品 0.39克 从 木某某某 处 收缴 毒资 500 元 此款 由 侦查 机关 提供 所 查获 疑似 毒品 的 白色 粉状 物经 重庆市公安局 毒品 检测 中心 鉴定 检出 海洛因 成分,1
traffic_in,经 审理 查明 2014年10月14日 被告人 木某某某 与 吸毒 人员 周某某 电话 联系 后 在 昌都 市卡若区 城关镇 聚盛街 康巴 大酒店 门口 附近 见面 并 出售 0.08克 毒品 给 周某某 收取 毒资 100 元 2014年10月 16 日 18 时 左右 木某某某 与 周某某 经 电话 联系 后 在 昌都 市卡若区 聚盛街 壹书苑 书店 附近 见面 并 将 价值 500 元 的 用 透明 塑料袋 包装 的 毒品 一小包 和 用 笔记本 纸张 包装 好 的 毒品 一小包 出售 给 周某某 在 交易 结束 后 被 昌都 市 公安局 民警 抓获 从 周某某 处 当场 收缴 毒品 0.39克 从   <e1>   木某某某   </e1>   处 收缴 毒资 500 元 此款 由 侦查 机关 提供 所 查获 疑似 毒品 的 白色 粉状 物经 重庆市公安局 毒品 检测 中心 鉴定 检出   <e2>   海洛因   </e2>   成分,0
NA,经 审理 查明 2014年10月14日 被告人 木某某某 与 吸毒 人员 周某某 电话 联系 后 在 昌都 市卡若区 城关镇 聚盛街 康巴 大酒店 门口 附近 见面 并 出售 0.08克 毒品 给 周某某 收取 毒资 100 元 2014年10月 16 日 18 时 左右 木某某某 与 周某某 经 电话 联系 后 在 昌都 市卡若区 聚盛街 壹书苑 书店 附近 见面 并 将 价值 500 元 的 用 透明 塑料袋 包装 的 毒品 一小包 和 用 笔记本 纸张 包装 好 的 毒品 一小包 出售 给 周某某 在 交易 结束 后 被 昌都 市 公安局 民警 抓获 从   <e1>   周某某   </e1>   处 当场 收缴 毒品 0.39克 从   <e2>   木某某某   </e2>   处 收缴 毒资 500 元 此款 由 侦查 机关 提供 所 查获 疑似 毒品 的 白色 粉状 物经 重庆市公安局 毒品 检测 中心 鉴定 检出 海洛因 成分,4
NA,经 审理 查明   <e1>   2014年10月14日   </e1>   被告人 木某某某 与 吸毒 人员 周某某 电话 联系 后 在 昌都 市卡若区 城关镇 聚盛街 康巴 大酒店 门口 附近 见面 并 出售 0.08克 毒品 给 周某某 收取 毒资 100 元 2014年10月 16 日 18   <e2>   木某某某   </e2>   木某某某 与 周某某 经 电话 联系 后 在 昌都 市卡若区 聚盛街 壹书苑 书店 附近 见面 并 将 价值 500 元 的 用 透明 塑料袋 包装 的 毒品 一小包 和 用 笔记本 纸张 包装 好 的 毒品 一小包 出售 给 周某某 在 交易 结束 后 被 昌都 市 公安局 民警 抓获 从 周某某 处 当场 收缴 毒品 0.39克 从 木某某某 处 收缴 毒资 500 元 此款 由 侦查 机关 提供 所 查获 疑似 毒品 的 白色 粉状 物经 重庆市公安局 毒品 检测 中心 鉴定 检出 海洛因 成分,4
posess,经 审理 查明 2013年8月30日9时 许 公安机关 接 群众 举报 在 平江县 城西 加油站 附近 将 被告人   <e1>   毛某某   </e1>   抓获 当场 从 其 驾驶 的 车牌 为 湘 F5M715 的 红色 雪佛兰 轿车 内 查获 毒品   <e2>   海洛因   </e2>   疑似 物 111 小包 经 鉴定 含 海洛因 成份 净重 108.0130 克,2
NA,经 审理 查明   <e1>   2013年8月30日9时   </e1>   许 公安机关 接 群众 举报 在 平江县 城西 加油站 附近 将 被告人 毛某某 抓获 当场 从 其 驾驶 的 车牌 为 湘 F5M715 的 红色 雪佛兰 轿车 内 查获 毒品 海洛因 疑似 物 111 小包 经 鉴定 含   <e2>   海洛因   </e2>   成份 净重 108.0130 克,4
NA,经 审理 查明 2013年8月30日9时 许 公安机关 接 群众 举报 在 平江县 城西 加油站 附近 将 被告人   <e1>   毛某某   </e1>   抓获 当场 从 其 驾驶 的 车牌 为 湘 F5M715 的 红色 雪佛兰 轿车 内   <e2>   海洛因   </e2>   品 海洛因 疑似 物 111 小包 经 鉴定 含 海洛因 成份 净重 108.0130 克,4
traffic_in,公诉 机关 指控 2016年7月13日17时 许 被告人   <e1>   岑某某   </e1>   在 澄迈县 金江 镇 文明 路 西华 楼 楼梯口 处以 人民币 28 元 的 价格 将 1 包 毒品   <e2>   海洛因   </e2>   卖 给 刘某兴 双方 交易 完成 后 被 民警 抓获 民警 当场 从 岑某某 身上 缴获 人民币 28 元 从 刘某兴 身上 缴获 的 1 包 毒品 净重 0.04克 经 海南省 公安厅 物证 鉴定中心 鉴定 检出 海洛因 成份,0
sell_drugs_to,公诉 机关 指控 2016年7月13日17时 许 被告人   <e1>   岑某某   </e1>   在 澄迈县 金江 镇 文明 路 西华 楼 楼梯口 处以 人民币 28 元 的 价格 将 1 包 毒品 海洛因 卖 给   <e2>   刘某兴   </e2>   双方 交易 完成 后 被 民警 抓获 民警 当场 从 岑某某 身上 缴获 人民币 28 元 从 刘某兴 身上 缴获 的 1 包 毒品 净重 0.04克 经 海南省 公安厅 物证 鉴定中心 鉴定 检出 海洛因 成份,1
NA,公诉 机关 指控   <e1>   2016年7月13日17时   </e1>   许 被告人 岑某某 在 澄迈县 金江 镇 文明 路 西华 楼 楼梯口 处以 人民币 28 元 的 价格 将 1 包 毒品 海   <e2>   刘某兴   </e2>   给 刘某兴 双方 交易 完成 后 被 民警 抓获 民警 当场 从 岑某某 身上 缴获 人民币 28 元 从 刘某兴 身上 缴获 的 1 包 毒品 净重 0.04克 经 海南省 公安厅 物证 鉴定中心 鉴定 检出 海洛因 成份,4
NA,公诉 机关 指控 2016年7月13日17时 许 被告人 岑某某 在 澄迈县 金江 镇 文明 路 西华 楼 楼梯口 处以 人民币 28 元 的 价格 将 1 包 毒品 海洛因 卖 给 刘某兴 双方 交易 完成 后 被 民警 抓获 民警 当场 从   <e1>   岑某某   </e1>   身上 缴获 人民币 2   <e2>   刘某兴   </e2>   从 刘某兴 身上 缴获 的 1 包 毒品 净重 0.04克 经 海南省 公安厅 物证 鉴定中心 鉴定 检出 海洛因 成份,4
posess,兰州市 城关区 人民检察院 指控 2016年7月15日10时 许 被告人   <e1>   杨某某   </e1>   在 兰州市 城关区 庆阳 路比科 新 大厦 门口 签收 包裹 笔记本电脑 时 被 公安人员 当场 从 其 签收 的 电脑 后盖 夹层 中 查获   <e2>   甲基苯丙胺   </e2>   42.86克,2
NA,兰州市 城关区 人民检察院 指控   <e1>   2016年7月15日10时   </e1>   许 被告人 杨某某 在 兰州市 城关区 庆阳 路比科 新 大厦 门口 签收 包裹 笔记本电脑 时 被 公安人员 当场 从 其 签收 的 电脑 后盖 夹层 中 查获 甲基苯丙胺   <e2>   42.86克   </e2>  ,4
NA,兰州市 城关区 人民检察院 指控 2016年7月15日10时 许 被告人   <e1>   杨某某   </e1>   在 兰州市 城关区 庆阳 路比科 新 大厦 门口 签收 包裹 笔记本电脑 时 被 公安人员 当场 从 其 签收 的 电脑 后盖 夹   <e2>   甲基苯丙胺   </e2>   基 苯丙胺 42.86克,4
provide_shelter_for,苏州市 吴江 区 人民检察院 指控 2016 年 9 月 至 同年 10 月 期间 被告人   <e1>   蒋某   </e1>   在 其 牌号 为 苏 Ｅ 的 小型 轿车 内 先后 4 次 容留   <e2>   黄某   </e2>   张某 等 人 以 烫 吸 的 方式 吸食毒品 甲基苯丙胺 冰毒 具体 分述 如下,3
provide_shelter_for,苏州市 吴江 区 人民检察院 指控 2016 年 9 月 至 同年 10 月 期间 被告人   <e1>   蒋某   </e1>   在 其 牌号 为 苏 Ｅ 的 小型 轿车 内 先后 4 次 容留 黄某   <e2>   张某   </e2>   等 人 以 烫 吸 的 方式 吸食毒品 甲基苯丙胺 冰毒 具体 分述 如下,3
NA,苏州市 吴江 区 人民检察院 指控 2016 年 9 月 至 同年 10 月 期间 被告人   <e1>   蒋某   </e1>   在 其 牌号 为 苏 Ｅ 的 小型 轿车 内 先后 4 次 容留 黄某 张某 等 人 以 烫 吸 的 方式   <e2>   甲基苯丙胺   </e2>   基 苯丙胺 冰毒 具体 分述 如下,4
NA,苏州市 吴江 区 人民检察院 指控 2016 年 9 月 至 同年 10 月 期间 被告人 蒋某 在 其 牌号 为 苏 Ｅ 的 小型 轿车 内 先后 4 次 容留   <e1>   黄某   < / e   <e2>   张某   </e2>     张某 等 人 以 烫 吸 的 方式 吸食毒品 甲基苯丙胺 冰毒 具体 分述 如下,4
posess,经 审理 查明 2015 年 3 月 30 日 19时 30 分许 公安人员 依法 从 被告人   <e1>   俞某某   </e1>   位于 上海市浦东新区严桥路 XXX 弄 XXX 号 XXX 室 家中 查获 透明 塑料袋 包装 的 白色晶体 九包 黄色 粉末 一包 白色 粉末 一包 经 鉴定 九包 白色晶体 净重 54.40 克 检出   <e2>   甲基苯丙胺   </e2>   成分 1.39 克 黄色 粉末 中 检出 海洛因 成分 3 . 25克 白色 粉末 中未 检出 常见 毒品 成分,2
posess,经 审理 查明 2015 年 3 月 30 日 19时 30 分许 公安人员 依法 从 被告人   <e1>   俞某某   </e1>   位于 上海市浦东新区严桥路 XXX 弄 XXX 号 XXX 室 家中 查获 透明 塑料袋 包装 的 白色晶体 九包 黄色 粉末 一包 白色 粉末 一包 经 鉴定 九包 白色晶体 净重 54.40 克 检出 甲基苯丙胺 成分 1.39 克 黄色 粉末 中 检出   <e2>   海洛因   </e2>   成分 3 . 25克 白色 粉末 中未 检出 常见 毒品 成分,2
NA,经 审理 查明 2015 年 3 月 30 日 19时 30 分许 公安人员 依法 从 被告人 俞某某 位于   <e1>   上海市浦东新区严桥路   </e1>   XXX 弄 XXX 号 XXX 室 家中 查获 透明 塑料袋 包装 的 白色晶体 九包 黄色 粉末 一包 白色 粉末 一包 经 鉴定 九包 白色晶体 净重 54.40 克 检出 甲基苯丙胺 成分 1.39 克 黄色 粉   <e2>   海洛因   </e2>   出 海洛因 成分 3 . 25克 白色 粉末 中未 检出 常见 毒品 成分,4
NA,经 审理 查明 2015 年 3 月 30 日 19时 30 分许 公安人员 依法 从 被告人 俞某某 位于 上海市浦东新区严桥路 XXX 弄 XXX 号 XXX 室 家中 查获 透明 塑料袋 包装 的 白色晶体 九包 黄色 粉末 一包 白色 粉末 一包 经 鉴定 九包 白色晶体 净重 54.40 克 检出   <e1>   甲基苯丙胺   </e1>   成分 1.39 克 黄色 粉   <e2>   海洛因   </e2>   出 海洛因 成分 3 . 25克 白色 粉末 中未 检出 常见 毒品 成分,4
provide_shelter_for,经 审理 查明 2014年5月至7月间 被告人   <e1>   范某某   </e1>   在 其 位于 中山市 南朗 镇白 企村 杨氏果 场内 山边 的 鱼塘 工棚 内 多次 容留   <e2>   甘某甲   </e2>   甘某乙 李某甲 均 另案处理 吸食毒品,3
provide_shelter_for,经 审理 查明 2014年5月至7月间 被告人   <e1>   范某某   </e1>   在 其 位于 中山市 南朗 镇白 企村 杨氏果 场内 山边 的 鱼塘 工棚 内 多次 容留 甘某甲   <e2>   甘某乙   </e2>   李某甲 均 另案处理 吸食毒品,3
provide_shelter_for,经 审理 查明 2014年5月至7月间 被告人   <e1>   范某某   </e1>   在 其 位于 中山市 南朗 镇白 企村 杨氏果 场内 山边 的 鱼塘 工棚 内 多次 容留 甘某甲 甘某乙   <e2>   李某甲   </e2>   均 另案处理 吸食毒品,3
NA,经 审理 查明   <e1>   2014年5月至7月间   </e1>   被告人 范某某 在 其 位于 中山市 南朗 镇白 企村 杨氏果 场内 山边 的 鱼塘 工棚 内 多次 容留 甘某甲 甘某乙   <e2>   李某甲   </e2>   均 另案处理 吸食毒品,4
NA,经 审理 查明 2014年5月至7月间 被告人   <e1>   范某某   </e1>   在 其 位于 中山市 南朗 镇白 企村 杨氏果 场内 山边 的 鱼塘 工棚 内 多次 容留 甘某甲 甘某乙   <e2>   李某甲   </e2>   均 另案处理 吸食毒品,4
sell_drugs_to,南宁市 青秀区 人民检察院 指控 2014年12月 16 日 22 时许 被告人   <e1>   黄某某   </e1>   到 南宁市民族大道盛天国际地下停车场 以 200 元 的 价格 向 吸毒 人员   <e2>   朱某某   </e2>   贩卖 一包 净重 0.48 克 的 甲基苯丙胺 俗称 冰毒 后 被 公安人员 当场 抓获 经 鉴定 从 缴获 的 毒品 中 检出 甲基苯丙胺 成分,1
traffic_in,南宁市 青秀区 人民检察院 指控 2014年12月 16 日 22 时许 被告人   <e1>   黄某某   </e1>   到 南宁市民族大道盛天国际地下停车场 以 200 元 的 价格 向 吸毒 人员 朱某某 贩卖 一包 净重 0.48 克 的   <e2>   甲基苯丙胺   </e2>   俗称 冰毒 后 被 公安人员 当场 抓获 经 鉴定 从 缴获 的 毒品 中 检出 甲基苯丙胺 成分,0
traffic_in,南宁市 青秀区 人民检察院 指控 2014年12月 16 日 22 时许 被告人   <e1>   黄某某   </e1>   到 南宁市民族大道盛天国际地下停车场 以 200 元 的 价格 向 吸毒 人员 朱某某 贩卖 一包 净重 0.48 克 的 甲基苯丙胺 俗称   <e2>   冰毒   </e2>   后 被 公安人员 当场 抓获 经 鉴定 从 缴获 的 毒品 中 检出 甲基苯丙胺 成分,0
NA,南宁市 青秀区 人民检察院 指控 2014年12月 16 日 22 时许 被告人   <e1>   黄某某   </e1>   到 南宁市民族大道盛天国际地下停车场 以 200 元 的 价格 向 吸毒 人员 朱某某 贩卖 一包 净重 0 .   <e2>   甲基苯丙胺   </e2>   基 苯丙胺 俗称 冰毒 后 被 公安人员 当场 抓获 经 鉴定 从 缴获 的 毒品 中 检出 甲基苯丙胺 成分,4
NA,南宁市 青秀区 人民检察院 指控 2014年12月 16 日 22 时许 被告人   <e1>   黄某某   </e1>   到   <e2>   南宁市民族大道盛天国际地下停车场   </e2>   以 200 元 的 价格 向 吸毒 人员 朱某某 贩卖 一包 净重 0.48 克 的 甲基苯丙胺 俗称 冰毒 后 被 公安人员 当场 抓获 经 鉴定 从 缴获 的 毒品 中 检出 甲基苯丙胺 成分,4
provide_shelter_for,经 审理 查明 2014 年 8 月 28 日 22 时 30 分许 被告人   <e1>   玉某某   </e1>   在 南宁市青秀区民族大道东方魅力会所开设V31包厢 后 邀请   <e2>   黄某某   </e2>   谷某某 李某某 一起 到 该 包厢 内 吸食毒品 氯胺酮 俗称 K粉 次日 凌晨 2 时许 公安民警 到 该 包厢 检查 时 当场 抓获 玉某某 黄某某 谷某某 李某某 并 在 包厢 内 缴获 1.29克 毒品 K粉 经 现场 检测 玉某某 黄某某 谷某某 李某某 的 尿检 结果 呈 氯胺酮 阳性 经 鉴定 从 缴获 的 K粉 中 检测 出 氯胺酮 成分,3
provide_shelter_for,经 审理 查明 2014 年 8 月 28 日 22 时 30 分许 被告人   <e1>   玉某某   </e1>   在 南宁市青秀区民族大道东方魅力会所开设V31包厢 后 邀请 黄某某   <e2>   谷某某   </e2>   李某某 一起 到 该 包厢 内 吸食毒品 氯胺酮 俗称 K粉 次日 凌晨 2 时许 公安民警 到 该 包厢 检查 时 当场 抓获 玉某某 黄某某 谷某某 李某某 并 在 包厢 内 缴获 1.29克 毒品 K粉 经 现场 检测 玉某某 黄某某 谷某某 李某某 的 尿检 结果 呈 氯胺酮 阳性 经 鉴定 从 缴获 的 K粉 中 检测 出 氯胺酮 成分,3
provide_shelter_for,经 审理 查明 2014 年 8 月 28 日 22 时 30 分许 被告人   <e1>   玉某某   </e1>   在 南宁市青秀区民族大道东方魅力会所开设V31包厢 后 邀请 黄某某 谷某某   <e2>   李某某   </e2>   一起 到 该 包厢 内 吸食毒品 氯胺酮 俗称 K粉 次日 凌晨 2 时许 公安民警 到 该 包厢 检查 时 当场 抓获 玉某某 黄某某 谷某某 李某某 并 在 包厢 内 缴获 1.29克 毒品 K粉 经 现场 检测 玉某某 黄某某 谷某某 李某某 的 尿检 结果 呈 氯胺酮 阳性 经 鉴定 从 缴获 的 K粉 中 检测 出 氯胺酮 成分,3
NA,经 审理 查明 2014 年 8 月 28 日 22 时 30 分许 被告人 玉某某 在 南宁市青秀区民族大道东方魅力会所开设V31包厢 后 邀请 黄某某 谷某某 李某某 一起 到 该 包厢 内 吸食毒品 氯胺酮 俗称   <e1>   K粉   </e1>   次日 凌晨 2 时许 公安民警 到 该 包厢 检查 时 当场 抓获 玉某某 黄某某   <e2>   谷某某   </e2>   李某某 并 在 包厢 内 缴获 1.29克 毒品 K粉 经 现场 检测 玉某某 黄某某 谷某某 李某某 的 尿检 结果 呈 氯胺酮 阳性 经 鉴定 从 缴获 的 K粉 中 检测 出 氯胺酮 成分,4
NA,经 审理 查明 2014 年 8 月 28 日 22 时 30 分许 被告人 玉某某 在   <e1>   南宁市青秀区民族大道东方魅力会所开设V31包厢   </e1>     <e2>   黄某某   </e2>   请 黄某某 谷某某 李某某 一起 到 该 包厢 内 吸食毒品 氯胺酮 俗称 K粉 次日 凌晨 2 时许 公安民警 到 该 包厢 检查 时 当场 抓获 玉某某 黄某某 谷某某 李某某 并 在 包厢 内 缴获 1.29克 毒品 K粉 经 现场 检测 玉某某 黄某某 谷某某 李某某 的 尿检 结果 呈 氯胺酮 阳性 经 鉴定 从 缴获 的 K粉 中 检测 出 氯胺酮 成分,4
provide_shelter_for,公诉 机关 指控 并经 审理 查明 2014 年 5 月 5 日 5月7日 5 月 9 日 5 月 11 日 被告人   <e1>   魏   </e1>   在 北京市 大兴区 镇村 出租屋 内 先后 四次 容留 吸毒 人员   <e2>   戴   </e2>   等 人 共同 吸食 冰毒 被告人 魏于 2014 年 5 月 12 日 被 公安机关 抓获归案 到案 后 如实 供述 了 上述事实,3
NA,公诉 机关 指控 并经 审理 查明 2014 年 5 月 5 日   <e1>   5月7日   </e1>   5 月 9 日 5 月 11 日   <e2>   魏   </e2>   告人魏 在 北京市 大兴区 镇村 出租屋 内 先后 四次 容留 吸毒 人员 戴 等 人 共同 吸食 冰毒 被告人 魏于 2014 年 5 月 12 日 被 公安机关 抓获归案 到案 后 如实 供述 了 上述事实,4
NA,公诉 机关 指控 并经 审理 查明 2014 年 5 月 5 日   <e1>   5月7日   </e1>   5 月 9 日 5 月 11 日 被告人 魏在 北京市 大兴区 镇村 出租屋 内 先后 四次 容留   <e2>   戴   </e2>   人员 戴 等 人 共同 吸食 冰毒 被告人 魏于 2014 年 5 月 12 日 被 公安机关 抓获归案 到案 后 如实 供述 了 上述事实,4
traffic_in,湖南省 辰溪县 人民检察院 指控 2013年3月 底 被告人 王某某 先后 两次 在 辰溪县 鸿华 大酒店 一楼 大厅 分别 以 200 元 150 元 的 价格 从   <e1>   熊某某   </e1>   手中 购得 两个 毒品   <e2>   冰毒   </e2>   包子 后 其在鸿华 大酒店 旁 租住 的 怡轩 公寓 402 房间 贩卖 给 王某 被告人 王某某 归案 后 如实 供述 了 自己 的 罪行 就 其 指控 公诉 机关 提供 了 被告人 的 供述 证人 证言 到案 经过 户籍 证明 勘验 辨认 笔录 等 证据 认为 被告人 王某某 的 行为 触犯 了 中华人民共和国 刑法 第三 百 四十七 条 第一款 第四款 第七款 的 规定 构成 贩卖毒品 罪 建议 对 其 判处 六个月 以上 一年 以下 有期徒刑 并 处罚金 请 依法 判处,0
sell_drugs_to,湖南省 辰溪县 人民检察院 指控 2013年3月 底 被告人   <e1>   王某某   </e1>   先后 两次 在 辰溪县 鸿华 大酒店 一楼 大厅 分别 以 200 元 150 元   <e2>   熊某某   </e2>   从 熊某某 手中 购得 两个 毒品 冰毒 包子 后 其在鸿华 大酒店 旁 租住 的 怡轩 公寓 402 房间 贩卖 给 王某 被告人 王某某 归案 后 如实 供述 了 自己 的 罪行 就 其 指控 公诉 机关 提供 了 被告人 的 供述 证人 证言 到案 经过 户籍 证明 勘验 辨认 笔录 等 证据 认为 被告人 王某某 的 行为 触犯 了 中华人民共和国 刑法 第三 百 四十七 条 第一款 第四款 第七款 的 规定 构成 贩卖毒品 罪 建议 对 其 判处 六个月 以上 一年 以下 有期徒刑 并 处罚金 请 依法 判处,1
sell_drugs_to,湖南省 辰溪县 人民检察院 指控 2013年3月 底 被告人   <e1>   王某某   </e1>   先后 两次 在 辰溪县 鸿华 大酒店 一楼 大厅 分别 以 200 元 150 元 的 价格 从 熊某某 手中 购得 两个 毒品 冰毒 包子 后 其在鸿华 大酒店 旁 租住 的 怡轩 公寓 402 房间 贩卖 给   <e2>   王某   </e2>   被告人 王某某 归案 后 如实 供述 了 自己 的 罪行 就 其 指控 公诉 机关 提供 了 被告人 的 供述 证人 证言 到案 经过 户籍 证明 勘验 辨认 笔录 等 证据 认为 被告人 王某某 的 行为 触犯 了 中华人民共和国 刑法 第三 百 四十七 条 第一款 第四款 第七款 的 规定 构成 贩卖毒品 罪 建议 对 其 判处 六个月 以上 一年 以下 有期徒刑 并 处罚金 请 依法 判处,1
traffic_in,湖南省 辰溪县 人民检察院 指控 2013年3月 底 被告人   <e1>   王某某   </e1>   先后 两次 在 辰溪县 鸿华 大酒店 一楼 大厅 分别 以 200 元 150 元 的 价格 从 熊某某 手中 购得 两个 毒品   <e2>   冰毒   </e2>   包子 后 其在鸿华 大酒店 旁 租住 的 怡轩 公寓 402 房间 贩卖 给 王某 被告人 王某某 归案 后 如实 供述 了 自己 的 罪行 就 其 指控 公诉 机关 提供 了 被告人 的 供述 证人 证言 到案 经过 户籍 证明 勘验 辨认 笔录 等 证据 认为 被告人 王某某 的 行为 触犯 了 中华人民共和国 刑法 第三 百 四十七 条 第一款 第四款 第七款 的 规定 构成 贩卖毒品 罪 建议 对 其 判处 六个月 以上 一年 以下 有期徒刑 并 处罚金 请 依法 判处,0
NA,湖南省 辰溪县 人民检察院 指控   <e1>   2013年3月   </e1>   底 被告人 王某某 先后 两次 在 辰溪县 鸿华 大酒店 一楼 大厅 分别 以 200 元 150 元   <e2>   熊某某   </e2>   从 熊某某 手中 购得 两个 毒品 冰毒 包子 后 其在鸿华 大酒店 旁 租住 的 怡轩 公寓 402 房间 贩卖 给 王某 被告人 王某某 归案 后 如实 供述 了 自己 的 罪行 就 其 指控 公诉 机关 提供 了 被告人 的 供述 证人 证言 到案 经过 户籍 证明 勘验 辨认 笔录 等 证据 认为 被告人 王某某 的 行为 触犯 了 中华人民共和国 刑法 第三 百 四十七 条 第一款 第四款 第七款 的 规定 构成 贩卖毒品 罪 建议 对 其 判处 六个月 以上 一年 以下 有期徒刑 并 处罚金 请 依法 判处,4
NA,湖南省 辰溪县 人民检察院 指控 2013年3月 底 被告人 王某某 先后 两次 在 辰溪县 鸿华 大酒店 一楼 大厅 分别 以 200 元 150 元 的 价格 从 熊某某 手中 购得 两个 毒品   <e1>   冰毒   </e1>   包子 后 其在鸿华 大酒店 旁 租住 的 怡轩 公寓 402 房间 贩卖 给 王某   <e2>   王某某   </e2>   人 王某某 归案 后 如实 供述 了 自己 的 罪行 就 其 指控 公诉 机关 提供 了 被告人 的 供述 证人 证言 到案 经过 户籍 证明 勘验 辨认 笔录 等 证据 认为 被告人 王某某 的 行为 触犯 了 中华人民共和国 刑法 第三 百 四十七 条 第一款 第四款 第七款 的 规定 构成 贩卖毒品 罪 建议 对 其 判处 六个月 以上 一年 以下 有期徒刑 并 处罚金 请 依法 判处,4
provide_shelter_for,上林县 人民检察院 指控 2016 年 6 月 被告人   <e1>   梁某某   </e1>   先后 多次 在 上林县 镇 村庄 号 家中 容留 吸毒 人员   <e2>   梁某1   </e2>   李某 吸食毒品 2016年6月30日凌晨 梁某2 梁某1 带 着 毒品 来到 梁某某 家中 吸食 梁某某 也 吸食 剩下 的 毒品 当日 上午 三人 在 上述 地点 被 公安机关 抓获 几日 后 李某 也 被 抓获 经检测 梁某某 梁某2 梁某1 李某 的 尿液 中 甲基 安非他明 定性 检测 结果 均 呈 阳性 针对 上述 指控 公诉 机关 向 法庭 宣读 和 出示 了 书证 证人 证言 被告人 的 供述 和 辩解 检查 辨认 笔录 及 相关 照片 等 证据 据此 认为 被告人 梁某某 多次 为 他人 吸食毒品 提供 场所 其 行为 触犯 了 中华人民共和国 刑法 第 三百五十 四条 之 规定 犯罪事实 清楚 证据 确实 充分 应当 以 容留 他人 吸毒 罪 追究其 刑事责任 提请 本院 依法 判处 被告人 梁某某 对 公诉 机关 指控 的 事实 和 罪名 均 无异议,3
provide_shelter_for,上林县 人民检察院 指控 2016 年 6 月 被告人   <e1>   梁某某   </e1>   先后 多次 在 上林县 镇 村庄 号 家中 容留 吸毒 人员 梁某1   <e2>   李某   </e2>   吸食毒品 2016年6月30日凌晨 梁某2 梁某1 带 着 毒品 来到 梁某某 家中 吸食 梁某某 也 吸食 剩下 的 毒品 当日 上午 三人 在 上述 地点 被 公安机关 抓获 几日 后 李某 也 被 抓获 经检测 梁某某 梁某2 梁某1 李某 的 尿液 中 甲基 安非他明 定性 检测 结果 均 呈 阳性 针对 上述 指控 公诉 机关 向 法庭 宣读 和 出示 了 书证 证人 证言 被告人 的 供述 和 辩解 检查 辨认 笔录 及 相关 照片 等 证据 据此 认为 被告人 梁某某 多次 为 他人 吸食毒品 提供 场所 其 行为 触犯 了 中华人民共和国 刑法 第 三百五十 四条 之 规定 犯罪事实 清楚 证据 确实 充分 应当 以 容留 他人 吸毒 罪 追究其 刑事责任 提请 本院 依法 判处 被告人 梁某某 对 公诉 机关 指控 的 事实 和 罪名 均 无异议,3
provide_shelter_for,上林县 人民检察院 指控 2016 年 6 月 被告人 梁某某 先后 多次 在 上林县 镇 村庄 号 家中 容留 吸毒 人员 梁某1 李某 吸食毒品 2016年6月30日凌晨   <e1>   梁某2   </e1>   梁某1 带 着   <e2>   梁某某   </e2>   到 梁某某 家中 吸食 梁某某 也 吸食 剩下 的 毒品 当日 上午 三人 在 上述 地点 被 公安机关 抓获 几日 后 李某 也 被 抓获 经检测 梁某某 梁某2 梁某1 李某 的 尿液 中 甲基 安非他明 定性 检测 结果 均 呈 阳性 针对 上述 指控 公诉 机关 向 法庭 宣读 和 出示 了 书证 证人 证言 被告人 的 供述 和 辩解 检查 辨认 笔录 及 相关 照片 等 证据 据此 认为 被告人 梁某某 多次 为 他人 吸食毒品 提供 场所 其 行为 触犯 了 中华人民共和国 刑法 第 三百五十 四条 之 规定 犯罪事实 清楚 证据 确实 充分 应当 以 容留 他人 吸毒 罪 追究其 刑事责任 提请 本院 依法 判处 被告人 梁某某 对 公诉 机关 指控 的 事实 和 罪名 均 无异议,3
provide_shelter_for,上林县 人民检察院 指控 2016 年 6 月 被告人 梁某某 先后 多次 在 上林县 镇 村庄 号 家中 容留 吸毒 人员 梁某1 李某 吸食毒品 2016年6月30日凌晨 梁某2   <e1>   梁某1   </e1>   带 着   <e2>   梁某某   </e2>   到 梁某某 家中 吸食 梁某某 也 吸食 剩下 的 毒品 当日 上午 三人 在 上述 地点 被 公安机关 抓获 几日 后 李某 也 被 抓获 经检测 梁某某 梁某2 梁某1 李某 的 尿液 中 甲基 安非他明 定性 检测 结果 均 呈 阳性 针对 上述 指控 公诉 机关 向 法庭 宣读 和 出示 了 书证 证人 证言 被告人 的 供述 和 辩解 检查 辨认 笔录 及 相关 照片 等 证据 据此 认为 被告人 梁某某 多次 为 他人 吸食毒品 提供 场所 其 行为 触犯 了 中华人民共和国 刑法 第 三百五十 四条 之 规定 犯罪事实 清楚 证据 确实 充分 应当 以 容留 他人 吸毒 罪 追究其 刑事责任 提请 本院 依法 判处 被告人 梁某某 对 公诉 机关 指控 的 事实 和 罪名 均 无异议,3
NA,上林县 人民检察院 指控 2016 年 6 月 被告人 梁某某 先后 多次 在 上林县 镇 村庄 号 家中 容留 吸毒 人员   <e1>   梁某1   </e1>   李某 吸食毒品   <e2>   2016年6月30日凌晨   </e2>   梁某2 梁某1 带 着 毒品 来到 梁某某 家中 吸食 梁某某 也 吸食 剩下 的 毒品 当日 上午 三人 在 上述 地点 被 公安机关 抓获 几日 后 李某 也 被 抓获 经检测 梁某某 梁某2 梁某1 李某 的 尿液 中 甲基 安非他明 定性 检测 结果 均 呈 阳性 针对 上述 指控 公诉 机关 向 法庭 宣读 和 出示 了 书证 证人 证言 被告人 的 供述 和 辩解 检查 辨认 笔录 及 相关 照片 等 证据 据此 认为 被告人 梁某某 多次 为 他人 吸食毒品 提供 场所 其 行为 触犯 了 中华人民共和国 刑法 第 三百五十 四条 之 规定 犯罪事实 清楚 证据 确实 充分 应当 以 容留 他人 吸毒 罪 追究其 刑事责任 提请 本院 依法 判处 被告人 梁某某 对 公诉 机关 指控 的 事实 和 罪名 均 无异议,4
NA,上林县 人民检察院 指控 2016 年 6 月 被告人 梁某某 先后 多次 在 上林县 镇 村庄 号 家中 容留 吸毒 人员 梁某1 李某 吸食毒品 2016年6月30日凌晨   <e1>   梁某2   </e1>   梁某1 带 着 毒品 来到 梁某某 家中 吸食 梁某某 也 吸食 剩下 的 毒品 当日 上午 三人 在 上述 地点 被 公安机关 抓获 几日 后 李某 也 被 抓获 经检测 梁某某 梁某2 梁某1 李某 的 尿液 中 甲基 安非他明 定性 检测 结果 均 呈 阳性 针对 上述 指控 公诉 机关 向 法庭 宣读 和 出示 了 书证 证人 证言 被告人 的 供述 和 辩解 检查 辨认 笔录 及 相关 照片 等 证据 据此 认为 被告人 梁某某 多次 为 他人 吸食毒品 提供 场所 其 行为 触犯 了 中华人民共和国 刑法 第 三百五十 四条 之 规定 犯罪事实 清楚 证据 确实 充分 应当 以 容留 他人 吸毒 罪 追究其 刑事责任 提请 本院 依法 判处   <e2>   梁某某   </e2>   人 梁某某 对 公诉 机关 指控 的 事实 和 罪名 均 无异议,4
posess,广州市 白云区 人民检察院 指控 2013年9月25日23时 许 被告人   <e1>   张某甲   </e1>   在 本市 白云区 石井 街 张村 大街 30 号 其 租住 的 602 房 内容 留 他人 吸食毒品 时 被 公安人员 发现 张在 撬 窗 逃跑 时 被 公安人员 抓获 并 从 该 房内 缴获 毒品 4 包经 检验 缴获 的 毒品 4 包 净重 40.5 2克 均 含   <e2>   甲基苯丙胺   </e2>   成分,2
NA,广州市 白云区 人民检察院 指控   <e1>   2013年9月25日23时   </e1>   许 被告人   <e2>   张某甲   </e2>   在 本市 白云区 石井 街 张村 大街 30 号 其 租住 的 602 房 内容 留 他人 吸食毒品 时 被 公安人员 发现 张在 撬 窗 逃跑 时 被 公安人员 抓获 并 从 该 房内 缴获 毒品 4 包经 检验 缴获 的 毒品 4 包 净重 40.5 2克 均 含 甲基苯丙胺 成分,4
NA,广州市 白云区 人民检察院 指控   <e1>   2013年9月25日23时   </e1>   许 被告人 张某甲 在 本市 白云区 石井 街 张村 大街 30 号 其 租住 的 602 房 内容 留 他人 吸食毒品 时 被 公安人员 发现 张在 撬 窗 逃跑 时 被 公安人员 抓获 并 从 该 房内 缴获 毒品 4 包经 检验 缴获 的 毒品 4 包 净重 40.5 2克 均 含   <e2>   甲基苯丙胺   </e2>   成分,4
sell_drugs_to,经 审理 查明 2016 年 6 月 5 日 晚上8时 许 被告人   <e1>   曾某   </e1>   以 号码 1505256 的 手机 与 高某 联系 毒品 交易 后 窜 至 中山市沙溪镇沙溪中心市场 附近 路段 以 人民币 200 元 的 价格 向   <e2>   高某   </e2>   贩卖毒品 1 小包 时 被 公安人员 抓获 公安人员 当场 从 曾某 处 缴获 人民币 200 元 手机 1 台 号码 为 1505256 从 高某 处 缴获 其 购买 的 毒品 1 小包 经 检验 检出 甲基苯丙胺 成分 净重 0.57克 归案 后 曾某 如实 供述 了 上述 罪行,1
traffic_in,经 审理 查明 2016 年 6 月 5 日 晚上8时 许 被告人   <e1>   曾某   </e1>   以 号码 1505256 的 手机 与 高某 联系 毒品 交易 后 窜 至 中山市沙溪镇沙溪中心市场 附近 路段 以 人民币 200 元 的 价格 向 高某 贩卖毒品 1 小包 时 被 公安人员 抓获 公安人员 当场 从 曾某 处 缴获 人民币 200 元 手机 1 台 号码 为 1505256 从 高某 处 缴获 其 购买 的 毒品 1 小包 经 检验 检出   <e2>   甲基苯丙胺   </e2>   成分 净重 0.57克 归案 后 曾某 如实 供述 了 上述 罪行,0
NA,经 审理 查明 2016 年 6 月 5 日 晚上8时 许 被告人 曾某 以 号码 1505256 的 手机 与 高某 联系 毒品 交易 后 窜 至 中山市沙溪镇沙溪中心市场 附近 路段 以 人民币 200 元 的 价格 向   <e1>   高某   </e1>   贩卖毒品 1 小包 时 被 公安人员 抓获 公安人员 当场 从 曾某 处 缴获 人民币 200 元 手机 1 台 号码 为 1505256 从 高某 处 缴获 其 购买 的 毒品 1 小包 经 检验 检出 甲基苯丙胺 成   <e2>   0.57克   </e2>   . 57 克 归案 后 曾某 如实 供述 了 上述 罪行,4
NA,经 审理 查明 2016 年 6 月 5 日 晚上8时 许 被告人 曾某 以 号码 1505256 的 手机 与 高某 联系 毒品 交易 后 窜 至   <e1>   中山市沙溪镇沙溪中心市场   </e1>   附近 路段 以 人民币 200 元 的 价格 向 高某 贩卖毒品 1 小包 时 被 公安人员 抓获 公安人员 当场 从 曾某 处 缴获 人民币 200 元 手机 1 台 号码 为 1505256 从 高某 处 缴获 其 购买 的 毒品 1 小包 经 检验 检出   <e2>   甲基苯丙胺   </e2>   成分 净重 0.57克 归案 后 曾某 如实 供述 了 上述 罪行,4
provide_shelter_for,公诉 机关 指控 2014年10月 12 日 20 时许 被告人   <e1>   薛某某   </e1>   在 扶余 市 永平 乡 永平 村 家中 容留   <e2>   赵某某   </e2>   薛某旺 赵某某 海宝 吸食毒品 冰毒 后 被 公安机关 查获 薛某某 外逃 2016年6月30日 扶余 市 公安干警 将 薛某某 抓获 到案,3
provide_shelter_for,公诉 机关 指控 2014年10月 12 日 20 时许 被告人   <e1>   薛某某   </e1>   在 扶余 市 永平 乡 永平 村 家中 容留 赵某某   <e2>   薛某旺   </e2>   赵某某 海宝 吸食毒品 冰毒 后 被 公安机关 查获 薛某某 外逃 2016年6月30日 扶余 市 公安干警 将 薛某某 抓获 到案,3
provide_shelter_for,公诉 机关 指控 2014年10月 12 日 20 时许 被告人   <e1>   薛某某   </e1>   在 扶余 市 永平 乡 永平 村 家中 容留 赵某某 薛某旺   <e2>   赵某某   </e2>   海宝 吸食毒品 冰毒 后 被 公安机关 查获 薛某某 外逃 2016年6月30日 扶余 市 公安干警 将 薛某某 抓获 到案,3
provide_shelter_for,公诉 机关 指控 2014年10月 12 日 20 时许 被告人   <e1>   薛某某   </e1>   在 扶余 市 永平 乡 永平 村 家中 容留 赵某某 薛某旺 赵某某   <e2>   海宝   </e2>   吸食毒品 冰毒 后 被 公安机关 查获 薛某某 外逃 2016年6月30日 扶余 市 公安干警 将 薛某某 抓获 到案,3
NA,公诉 机关 指控 2014年10月 12 日 20 时许 被告人 薛某某 在 扶余 市 永平 乡 永平 村 家中 容留 赵某某 薛某旺   <e1>   赵某某   </e1>   海宝 吸食毒品 冰毒 后 被 公安机关 查获 薛某某 外逃 2016年6月30日 扶余 市公   <e2>   薛某某   </e2>   将 薛某某 抓获 到案,4
NA,公诉 机关 指控 2014年10月 12 日 20 时许 被告人 薛某某 在 扶余 市 永平 乡 永平 村 家中 容留 赵某某 薛某旺 赵某某   <e1>   海宝   </e1>   吸食毒品 冰毒 后 被 公安机关 查获 薛某   <e2>   2016年6月30日   </e2>   月 30 日 扶余 市 公安干警 将 薛某某 抓获 到案,4
sell_drugs_to,大竹县 人民检察院 指控 2013年10月 13 日 13 时许 吸毒 人员   <e1>   吴某   </e1>   在 大竹县竹阳镇北门某某游戏厅 找   <e2>   饶某   </e2>   告人 饶某 要求 购买 200 元 钱 的 毒品 并 将 200 元 的 毒资 交给 被告人 饶某 后 双方 在 大竹县竹阳镇XXXX小区 由 被告人 饶某 将 0.5 2克 毒品 疑似 物 交给 吸毒 人员 吴某 后 被 公安民警 当场 抓获 经 达州市 公安局 物证 鉴定 所 理化 检验 鉴定 该 毒品 疑似 物中 含有 甲基苯丙胺 成份,1
sell_drugs_to,大竹县 人民检察院 指控 2013年10月 13 日 13 时许 吸毒 人员 吴某 在 大竹县竹阳镇北门某某游戏厅 找到 被告人 饶某 要求 购买 200 元 钱 的 毒品 并 将 200 元 的 毒资 交给 被告人 饶某 后 双方 在 大竹县竹阳镇XXXX小区 由 被告人   <e1>   饶某   </e1>   将 0.5 2克 毒品 疑似 物 交给 吸毒 人员   <e2>   吴某   </e2>   后 被 公安民警 当场 抓获 经 达州市 公安局 物证 鉴定 所 理化 检验 鉴定 该 毒品 疑似 物中 含有 甲基苯丙胺 成份,1
traffic_in,大竹县 人民检察院 指控 2013年10月 13 日 13 时许 吸毒 人员 吴某 在 大竹县竹阳镇北门某某游戏厅 找到 被告人 饶某 要求 购买 200 元 钱 的 毒品 并 将 200 元 的 毒资 交给 被告人 饶某 后 双方 在 大竹县竹阳镇XXXX小区 由 被告人   <e1>   饶某   </e1>   将 0.5 2克 毒品 疑似 物 交给 吸毒 人员 吴某 后 被 公安民警 当场 抓获 经 达州市 公安局 物证 鉴定 所 理化 检验 鉴定 该 毒品 疑似 物中 含有   <e2>   甲基苯丙胺   </e2>   成份,0
NA,大竹县 人民检察院 指控 2013年10月 13 日 13 时许 吸毒 人员 吴某 在   <e1>   大竹县竹阳镇北门某某游戏厅   </e1>   找到 被告人 饶某 要求 购买 200 元 钱 的 毒品 并 将 200 元 的 毒资交   <e2>   饶某   </e2>   告人 饶某 后 双方 在 大竹县竹阳镇XXXX小区 由 被告人 饶某 将 0.5 2克 毒品 疑似 物 交给 吸毒 人员 吴某 后 被 公安民警 当场 抓获 经 达州市 公安局 物证 鉴定 所 理化 检验 鉴定 该 毒品 疑似 物中 含有 甲基苯丙胺 成份,4
NA,大竹县 人民检察院 指控 2013年10月 13 日 13 时许 吸毒 人员 吴某 在 大竹县竹阳镇北门某某游戏厅 找到 被告人 饶某 要求 购买 200 元 钱 的 毒品 并 将 200 元 的 毒资 交给 被告人 饶某 后 双方 在   <e1>   大竹县竹阳镇XXXX小区   </e1>   由 被告人 饶某 将 0.5 2克 毒品 疑似 物 交给 吸毒 人员   <e2>   吴某   </e2>   后 被 公安民警 当场 抓获 经 达州市 公安局 物证 鉴定 所 理化 检验 鉴定 该 毒品 疑似 物中 含有 甲基苯丙胺 成份,4
posess,公诉 机关 指控 被告人 李某 与 卿发友 系 男女朋友 关系 期间 卿发友 告知 李某 其 贩毒 的 事实 2016年6月21日 晚 22 时许   <e1>   李某   </e1>   接到 卿发友 的 电话 后 怀疑 卿发友 贩毒 之事 已 败露 遂 将 卿发友 藏匿于 家中 三楼 楼顶 雨棚 钢架 内 的 毒品 冰毒 19.6 1克 取出 装入 塑料袋 中 尔后 乘坐 出租车 将 该 毒品 藏匿在 卿发友 租住 的 位于 灌阳县 灌阳 镇 共和 路 76 号 五楼 灌阳县 新华书店 对面 楼 出租房 内 卧室 床上 一个 装 凉席 的 袋子 里 2016 年 6 月 22 日 凌晨 黑龙江省 齐齐哈尔市 公安局 铁锋 分局 民警 在 搜查 该 出租 房屋 时 依法 扣押 上述 涉案 毒品 经 桂林市 公安局 物证 鉴定 所 检验 从 所 送检 材中均 检出   <e2>   甲基苯丙胺   </e2>   成分 被告人 李某 及其 辩护人 对 公诉 机关 指控 的 犯罪事实 和 罪名 无异议 辩护人 提出 的 辩护 意见 是 被告人 李某 持有 的 毒品 是 他人 所有 的 且 持有 时间 短 数量 少其 社会 危害性 较 小 被告人 文化 程度 不高 其 犯罪 系 初犯 偶犯 被告人 如实 供述 自己 的 犯罪事实 有 悔罪 表现 请求 法庭 对 其 从轻 处罚,2
NA,公诉 机关 指控 被告人 李某 与 卿发友 系 男女朋友 关系 期间 卿发友 告知 李某 其 贩毒 的 事实 2016年6月21日 晚 22 时许   <e1>   李某   </e1>   接到 卿发友 的 电   <e2>   卿发友   </e2>   疑 卿发友 贩毒 之事 已 败露 遂 将 卿发友 藏匿于 家中 三楼 楼顶 雨棚 钢架 内 的 毒品 冰毒 19.6 1克 取出 装入 塑料袋 中 尔后 乘坐 出租车 将 该 毒品 藏匿在 卿发友 租住 的 位于 灌阳县 灌阳 镇 共和 路 76 号 五楼 灌阳县 新华书店 对面 楼 出租房 内 卧室 床上 一个 装 凉席 的 袋子 里 2016 年 6 月 22 日 凌晨 黑龙江省 齐齐哈尔市 公安局 铁锋 分局 民警 在 搜查 该 出租 房屋 时 依法 扣押 上述 涉案 毒品 经 桂林市 公安局 物证 鉴定 所 检验 从 所 送检 材中均 检出 甲基苯丙胺 成分 被告人 李某 及其 辩护人 对 公诉 机关 指控 的 犯罪事实 和 罪名 无异议 辩护人 提出 的 辩护 意见 是 被告人 李某 持有 的 毒品 是 他人 所有 的 且 持有 时间 短 数量 少其 社会 危害性 较 小 被告人 文化 程度 不高 其 犯罪 系 初犯 偶犯 被告人 如实 供述 自己 的 犯罪事实 有 悔罪 表现 请求 法庭 对 其 从轻 处罚,4
NA,公诉 机关 指控 被告人 李某 与 卿发友 系 男女朋友 关系 期间 卿发友 告知 李某 其 贩毒 的 事实 2016年6月21日 晚 22 时许   <e1>   李某   </e1>   接到 卿发友 的 电话 后 怀疑 卿发友 贩毒 之事 已 败露 遂 将 卿发友 藏匿于 家中 三楼 楼顶 雨棚 钢架 内 的 毒品 冰毒 19.6 1克 取出 装入 塑料袋 中 尔后 乘坐 出租车 将 该 毒   <e2>   卿发友   </e2>   在 卿发友 租住 的 位于 灌阳县 灌阳 镇 共和 路 76 号 五楼 灌阳县 新华书店 对面 楼 出租房 内 卧室 床上 一个 装 凉席 的 袋子 里 2016 年 6 月 22 日 凌晨 黑龙江省 齐齐哈尔市 公安局 铁锋 分局 民警 在 搜查 该 出租 房屋 时 依法 扣押 上述 涉案 毒品 经 桂林市 公安局 物证 鉴定 所 检验 从 所 送检 材中均 检出 甲基苯丙胺 成分 被告人 李某 及其 辩护人 对 公诉 机关 指控 的 犯罪事实 和 罪名 无异议 辩护人 提出 的 辩护 意见 是 被告人 李某 持有 的 毒品 是 他人 所有 的 且 持有 时间 短 数量 少其 社会 危害性 较 小 被告人 文化 程度 不高 其 犯罪 系 初犯 偶犯 被告人 如实 供述 自己 的 犯罪事实 有 悔罪 表现 请求 法庭 对 其 从轻 处罚,4
provide_shelter_for,湘阴县 人民检察院 指控 2015年10月 以来 被告人   <e1>   李某   </e1>   多次 在 湘阴县文星镇怡和花园2栋1001室自家客厅内 容留 吸毒 人员   <e2>   李孟某   </e2>   已 行政处罚 瞿某 王某 杨某某 等 人 吸食毒品 甲基苯丙胺 俗称 冰毒 和 甲基苯丙胺片剂 俗称 麻古 该院 以 被告人 李某 的 行为 构成 容留 他人 吸毒 罪 提请 依照 中华人民共和国 刑法 第 三百五十 四条 之 规定 予以 判处,3
provide_shelter_for,湘阴县 人民检察院 指控 2015年10月 以来 被告人   <e1>   李某   </e1>   多次 在 湘阴县文星镇怡和花园2栋1001室自家客厅内 容留 吸毒 人员 李孟某 已 行政处罚   <e2>   瞿某   </e2>   王某 杨某某 等 人 吸食毒品 甲基苯丙胺 俗称 冰毒 和 甲基苯丙胺片剂 俗称 麻古 该院 以 被告人 李某 的 行为 构成 容留 他人 吸毒 罪 提请 依照 中华人民共和国 刑法 第 三百五十 四条 之 规定 予以 判处,3
provide_shelter_for,湘阴县 人民检察院 指控 2015年10月 以来 被告人   <e1>   李某   </e1>   多次 在 湘阴县文星镇怡和花园2栋1001室自家客厅内 容留 吸毒 人员 李孟某 已 行政处罚 瞿某   <e2>   王某   </e2>   杨某某 等 人 吸食毒品 甲基苯丙胺 俗称 冰毒 和 甲基苯丙胺片剂 俗称 麻古 该院 以 被告人 李某 的 行为 构成 容留 他人 吸毒 罪 提请 依照 中华人民共和国 刑法 第 三百五十 四条 之 规定 予以 判处,3
provide_shelter_for,湘阴县 人民检察院 指控 2015年10月 以来 被告人   <e1>   李某   </e1>   多次 在 湘阴县文星镇怡和花园2栋1001室自家客厅内 容留 吸毒 人员 李孟某 已 行政处罚 瞿某 王某   <e2>   杨某某   </e2>   等 人 吸食毒品 甲基苯丙胺 俗称 冰毒 和 甲基苯丙胺片剂 俗称 麻古 该院 以 被告人 李某 的 行为 构成 容留 他人 吸毒 罪 提请 依照 中华人民共和国 刑法 第 三百五十 四条 之 规定 予以 判处,3
NA,湘阴县 人民检察院 指控 2015年10月 以来 被告人 李某 多次 在 湘阴县文星镇怡和花园2栋1001室自家客厅内 容留 吸毒 人员 李孟某 已 行政处罚 瞿某   <e1>   王某   </e1>   杨某某 等 人 吸食毒品 甲基苯丙胺 俗称 冰毒 和   <e2>   甲基苯丙胺片剂   </e2>   俗称 麻古 该院 以 被告人 李某 的 行为 构成 容留 他人 吸毒 罪 提请 依照 中华人民共和国 刑法 第 三百五十 四条 之 规定 予以 判处,4
NA,湘阴县 人民检察院 指控 2015年10月 以来 被告人 李某 多次 在   <e1>   湘阴县文星镇怡和花园2栋1001室自家客厅内   </e1>   容留 吸毒 人员 李孟某 已 行政处罚   <e2>   王某   </e2>   某 王某 杨某某 等 人 吸食毒品 甲基苯丙胺 俗称 冰毒 和 甲基苯丙胺片剂 俗称 麻古 该院 以 被告人 李某 的 行为 构成 容留 他人 吸毒 罪 提请 依照 中华人民共和国 刑法 第 三百五十 四条 之 规定 予以 判处,4
sell_drugs_to,公诉 机关 指控 被告人   <e1>   王 1   </e1>   伙同 胡宋 1 于 2014 年 5 月 8 日 0 时许 在 北京市 海淀区 学清路 肯德基 餐厅 内以 人民币 1000 的 价格 向   <e2>   杨   </e2>   女 28 岁 贩卖 大麻 8.48 g 被告人 王 1 胡宋 1 被 当场 抓获归案 民警 当场 从 宋 1 身上 起获 大麻 4.61 g 上述 毒品 已 收缴 公诉 机关 当庭 宣读 和 出示 了 下列 证据 证人 证言 毒品 检验 报告 物证 照片 等 公诉 提请 本院 依照 中华人民共和国 刑法 第三 百 四十七 条 第三款 之 规定 予以 惩处,1
sell_drugs_to,公诉 机关 指控 被告人 王 1 伙同   <e1>   胡   </e1>   宋 1 于 2014 年 5 月 8 日 0 时许 在 北京市 海淀区 学清路 肯德基 餐厅 内以 人民币 1000 的 价格 向   <e2>   杨   </e2>   女 28 岁 贩卖 大麻 8.48 g 被告人 王 1 胡宋 1 被 当场 抓获归案 民警 当场 从 宋 1 身上 起获 大麻 4.61 g 上述 毒品 已 收缴 公诉 机关 当庭 宣读 和 出示 了 下列 证据 证人 证言 毒品 检验 报告 物证 照片 等 公诉 提请 本院 依照 中华人民共和国 刑法 第三 百 四十七 条 第三款 之 规定 予以 惩处,1
sell_drugs_to,公诉 机关 指控 被告人 王 1 伙同 胡   <e1>   宋 1   </e1>   于 2014 年 5 月 8 日 0 时许 在 北京市 海淀区 学清路 肯德基 餐厅 内以 人民币 1000 的 价格 向   <e2>   杨   </e2>   女 28 岁 贩卖 大麻 8.48 g 被告人 王 1 胡宋 1 被 当场 抓获归案 民警 当场 从 宋 1 身上 起获 大麻 4.61 g 上述 毒品 已 收缴 公诉 机关 当庭 宣读 和 出示 了 下列 证据 证人 证言 毒品 检验 报告 物证 照片 等 公诉 提请 本院 依照 中华人民共和国 刑法 第三 百 四十七 条 第三款 之 规定 予以 惩处,1
traffic_in,公诉 机关 指控 被告人   <e1>   王 1   </e1>   伙同 胡宋 1 于 2014 年 5 月 8 日 0 时许 在 北京市 海淀区 学清路 肯德基 餐厅 内以 人民币 1000 的 价格 向 杨女 28 岁 贩卖   <e2>   大麻   </e2>   8.48 g 被告人 王 1 胡宋 1 被 当场 抓获归案 民警 当场 从 宋 1 身上 起获 大麻 4.61 g 上述 毒品 已 收缴 公诉 机关 当庭 宣读 和 出示 了 下列 证据 证人 证言 毒品 检验 报告 物证 照片 等 公诉 提请 本院 依照 中华人民共和国 刑法 第三 百 四十七 条 第三款 之 规定 予以 惩处,0
traffic_in,公诉 机关 指控 被告人 王 1 伙同   <e1>   胡   </e1>   宋 1 于 2014 年 5 月 8 日 0 时许 在 北京市 海淀区 学清路 肯德基 餐厅 内以 人民币 1000 的 价格 向 杨女 28 岁 贩卖   <e2>   大麻   </e2>   8.48 g 被告人 王 1 胡宋 1 被 当场 抓获归案 民警 当场 从 宋 1 身上 起获 大麻 4.61 g 上述 毒品 已 收缴 公诉 机关 当庭 宣读 和 出示 了 下列 证据 证人 证言 毒品 检验 报告 物证 照片 等 公诉 提请 本院 依照 中华人民共和国 刑法 第三 百 四十七 条 第三款 之 规定 予以 惩处,0
traffic_in,公诉 机关 指控 被告人 王 1 伙同 胡   <e1>   宋 1   </e1>   于 2014 年 5 月 8 日 0 时许 在 北京市 海淀区 学清路 肯德基 餐厅 内以 人民币 1000 的 价格 向 杨女 28 岁 贩卖   <e2>   大麻   </e2>   8.48 g 被告人 王 1 胡宋 1 被 当场 抓获归案 民警 当场 从 宋 1 身上 起获 大麻 4.61 g 上述 毒品 已 收缴 公诉 机关 当庭 宣读 和 出示 了 下列 证据 证人 证言 毒品 检验 报告 物证 照片 等 公诉 提请 本院 依照 中华人民共和国 刑法 第三 百 四十七 条 第三款 之 规定 予以 惩处,0
NA,公诉 机关 指控 被告人 王 1 伙同 胡   <e1>   宋 1   </e1>   于 2014 年 5 月 8 日 0 时许 在 北京市 海淀区 学清路 肯德基 餐厅 内以 人民币 1000 的 价格 向 杨女 28 岁 贩卖   <e2>   大麻   </e2>   8.48 g 被告人 王 1 胡宋 1 被 当场 抓获归案 民警 当场 从 宋 1 身上 起获 大麻 4.61 g 上述 毒品 已 收缴 公诉 机关 当庭 宣读 和 出示 了 下列 证据 证人 证言 毒品 检验 报告 物证 照片 等 公诉 提请 本院 依照 中华人民共和国 刑法 第三 百 四十七 条 第三款 之 规定 予以 惩处,4
NA,公诉 机关 指控 被告人   <e1>   王 1   </e1>   伙同 胡宋 1 于 2014 年 5 月 8 日 0 时许 在 北京市 海淀区 学清路 肯德基 餐厅 内以 人民币 1000 的 价格 向 杨女 28 岁 贩卖 大麻 8.48 g 被告人 王 1   <e2>   胡   </e2>   宋 1 被 当场 抓获归案 民警 当场 从 宋 1 身上 起获 大麻 4.61 g 上述 毒品 已 收缴 公诉 机关 当庭 宣读 和 出示 了 下列 证据 证人 证言 毒品 检验 报告 物证 照片 等 公诉 提请 本院 依照 中华人民共和国 刑法 第三 百 四十七 条 第三款 之 规定 予以 惩处,4
sell_drugs_to,青岛市 崂山区 人民检察院 指控 被告人   <e1>   李某   </e1>   于 2014年10月下旬 的 一天 在 本市市北区某商场西侧 以 人民币 400 元 的 价格 向   <e2>   代某   </e2>   销售 甲基苯丙胺 冰毒 1 包,1
traffic_in,青岛市 崂山区 人民检察院 指控 被告人   <e1>   李某   </e1>   于 2014年10月下旬 的 一天 在 本市市北区某商场西侧 以 人民币 400 元 的 价格 向 代某 销售   <e2>   甲基苯丙胺   </e2>   冰毒 1 包,0
NA,青岛市 崂山区 人民检察院 指控 被告人   <e1>   李某   </e1>   于 2014年10月下旬 的 一天 在 本市市北区某商场西侧 以 人民币 400 元 的 价格 向 代某 销售 甲基   <e2>   冰毒   </e2>   胺 冰毒 1 包,4
NA,青岛市 崂山区 人民检察院 指控 被告人 李某 于   <e1>   2014年10月下旬   </e1>   的 一天 在   <e2>   本市市北区某商场西侧   </e2>   以 人民币 400 元 的 价格 向 代某 销售 甲基苯丙胺 冰毒 1 包,4
posess,公诉 机关 指控 2015年3月20日6时 许 被告人   <e1>   张某   </e1>   在 重庆市沙坪坝区 某某 小区 某栋 某楼 楼道 上 被 公安民警 抓获 民警 当场 从 其 身上 查获   <e2>   甲基苯丙胺   </e2>   冰毒 三包 共计 23.55克,2
NA,公诉 机关 指控   <e1>   2015年3月20日6时   </e1>   许 被告人 张某 在 重庆市沙坪坝区 某某 小区 某栋 某楼 楼道 上 被 公安民警 抓获 民警 当场 从 其 身上 查获 甲基苯丙胺 冰毒   <e2>   23.55克   </e2>   . 55 克,4
NA,公诉 机关 指控 2015年3月20日6时 许 被告人   <e1>   张某   </e1>   在 重庆市沙坪坝区 某某 小区 某栋 某楼 楼道 上 被 公安民警 抓获 民警 当场 从 其   <e2>   甲基苯丙胺   </e2>   基 苯丙胺 冰毒 三包 共计 23.55克,4
provide_shelter_for,公诉 机关 指控 2015年10月 30 日 0 时许 被告人   <e1>   赵某某   </e1>   在 其妻 岳某 经营 的 私家茶楼1楼包间内 制作 简易 吸毒 工具 容留 吸毒 人员   <e2>   董某   </e2>   周某 李某 吸食毒品 四人 采取 烫 吸 的 方式 将 董某 提供 的 甲基苯丙胺 冰毒 吸食 殆尽 被告人 赵某某 吸食毒品 后 想 戒毒 于 次日 14 时许 到 旺苍县 公安局 东河 派出所 投案 并 如实 供述 了 自己 的 犯罪事实,3
provide_shelter_for,公诉 机关 指控 2015年10月 30 日 0 时许 被告人   <e1>   赵某某   </e1>   在 其妻 岳某 经营 的 私家茶楼1楼包间内 制作 简易 吸毒 工具 容留 吸毒 人员 董某   <e2>   周某   </e2>   李某 吸食毒品 四人 采取 烫 吸 的 方式 将 董某 提供 的 甲基苯丙胺 冰毒 吸食 殆尽 被告人 赵某某 吸食毒品 后 想 戒毒 于 次日 14 时许 到 旺苍县 公安局 东河 派出所 投案 并 如实 供述 了 自己 的 犯罪事实,3
provide_shelter_for,公诉 机关 指控 2015年10月 30 日 0 时许 被告人   <e1>   赵某某   </e1>   在 其妻 岳某 经营 的 私家茶楼1楼包间内 制作 简易 吸毒 工具 容留 吸毒 人员 董某 周某   <e2>   李某   </e2>   吸食毒品 四人 采取 烫 吸 的 方式 将 董某 提供 的 甲基苯丙胺 冰毒 吸食 殆尽 被告人 赵某某 吸食毒品 后 想 戒毒 于 次日 14 时许 到 旺苍县 公安局 东河 派出所 投案 并 如实 供述 了 自己 的 犯罪事实,3
NA,公诉 机关 指控 2015年10月 30 日 0 时许 被告人 赵某某 在 其妻 岳某 经营 的   <e1>   私家茶楼1楼包间内   </e1>   制作 简易 吸毒 工具 容留 吸毒人   <e2>   周某   </e2>   某 周某 李某 吸食毒品 四人 采取 烫 吸 的 方式 将 董某 提供 的 甲基苯丙胺 冰毒 吸食 殆尽 被告人 赵某某 吸食毒品 后 想 戒毒 于 次日 14 时许 到 旺苍县 公安局 东河 派出所 投案 并 如实 供述 了 自己 的 犯罪事实,4
NA,公诉 机关 指控 2015年10月 30 日 0 时许 被告人 赵某某 在 其妻 岳某 经营 的 私家茶楼1楼包间内 制作 简易 吸毒 工具 容留 吸毒 人员 董某 周某 李某 吸食毒品 四人 采取 烫 吸 的 方式 将   <e1>   董某   </e1>   提供 的 甲基苯丙胺 冰毒 吸食 殆尽   <e2>   赵某某   </e2>   人 赵某某 吸食毒品 后 想 戒毒 于 次日 14 时许 到 旺苍县 公安局 东河 派出所 投案 并 如实 供述 了 自己 的 犯罪事实,4
sell_drugs_to,公诉 机关 指控 2014 年 11月 19 日 16 时许 吸毒 人员   <e1>   杨某   </e1>   另案处理 通过 电话 联   <e2>   袁某某   </e2>   人 袁某某 欲 购买 毒品 随后 杨某 前往 达州市达川区建新宾馆888房间 内 与 被告人 袁某某 进行 毒品 交易 时 被 民警 当场 抓获 并 从 被告人 袁某某 身上 缴获 冰毒 疑似 物 一小包 净重 0.19克 从 杨某 身上 缴获 了 冰毒 疑似 物 一小包 净重 0.5克 经 达州市 公安局 物证 鉴定 所 鉴定 所 缴获 的 冰毒 疑似 物中均 检测 出 甲基苯丙胺 公诉 机关 认为 被告人 袁某某 违反 国家 毒品 管制 法规 非法 贩卖毒品 0.5克 其 行为 已触犯 刑法 第三 百 四十七 条 第四款 的 规定 应当 以 贩卖毒品 罪 追究其 刑事责任 并 认为 被告人 袁某某 不 认罪 没有 从轻 处罚 情节 提请 本院 惩处,1
traffic_in,公诉 机关 指控 2014 年 11月 19 日 16 时许 吸毒 人员 杨某 另案处理 通过 电话 联系 被告人 袁某某 欲 购买 毒品 随后 杨某 前往 达州市达川区建新宾馆888房间 内 与 被告人 袁某某 进行 毒品 交易 时 被 民警 当场 抓获 并 从 被告人   <e1>   袁某某   </e1>   身上 缴获   <e2>   冰毒   </e2>   疑似 物 一小包 净重 0.19克 从 杨某 身上 缴获 了 冰毒 疑似 物 一小包 净重 0.5克 经 达州市 公安局 物证 鉴定 所 鉴定 所 缴获 的 冰毒 疑似 物中均 检测 出 甲基苯丙胺 公诉 机关 认为 被告人 袁某某 违反 国家 毒品 管制 法规 非法 贩卖毒品 0.5克 其 行为 已触犯 刑法 第三 百 四十七 条 第四款 的 规定 应当 以 贩卖毒品 罪 追究其 刑事责任 并 认为 被告人 袁某某 不 认罪 没有 从轻 处罚 情节 提请 本院 惩处,0
NA,公诉 机关 指控 2014 年 11月 19 日 16 时许 吸毒 人员 杨某 另案处理 通过 电话 联系 被告人 袁某某 欲 购买 毒品 随后 杨某 前往 达州市达川区建新宾馆888房间 内 与 被告人   <e1>   袁某某   </e1>   进行 毒品 交易 时 被 民警 当场 抓获 并 从 被告人 袁某某 身上 缴获 冰毒 疑似 物 一小包 净重 0.19克 从 杨某 身上 缴获 了 冰毒 疑似 物 一小包 净重 0.5克 经 达州市 公安局 物证 鉴定 所 鉴定 所 缴获 的 冰毒 疑似 物中均 检测 出 甲基苯丙胺 公诉 机关 认为 被告人   <e2>   袁某某   </e2>   违反 国家 毒品 管制 法规 非法 贩卖毒品 0.5克 其 行为 已触犯 刑法 第三 百 四十七 条 第四款 的 规定 应当 以 贩卖毒品 罪 追究其 刑事责任 并 认为 被告人 袁某某 不 认罪 没有 从轻 处罚 情节 提请 本院 惩处,4
NA,公诉 机关 指控 2014 年 11月 19 日 16 时许 吸毒 人员 杨某 另案处理 通过 电话 联系 被告人 袁某某 欲 购买 毒品 随后 杨某 前往   <e1>   达州市达川区建新宾馆888房间   </e1>   内 与 被告人 袁某某 进行 毒品 交易 时 被 民警 当场 抓获 并 从 被告人 袁某某 身上 缴获 冰毒 疑似 物 一小包 净重 0.19克 从   <e2>   杨某   </e2>   身上 缴获 了 冰毒 疑似 物 一小包 净重 0.5克 经 达州市 公安局 物证 鉴定 所 鉴定 所 缴获 的 冰毒 疑似 物中均 检测 出 甲基苯丙胺 公诉 机关 认为 被告人 袁某某 违反 国家 毒品 管制 法规 非法 贩卖毒品 0.5克 其 行为 已触犯 刑法 第三 百 四十七 条 第四款 的 规定 应当 以 贩卖毒品 罪 追究其 刑事责任 并 认为 被告人 袁某某 不 认罪 没有 从轻 处罚 情节 提请 本院 惩处,4
provide_shelter_for,普宁市 人民检察院 指控 被告人   <e1>   王   </e1>   于 2015年7月中旬期间 在 普宁市 流沙 西 街道 村 自己 的 家中 2 次 容留 吸毒 人员   <e2>   张   </e2>   吸食毒品 海洛因,3
NA,普宁市 人民检察院 指控 被告人 王于   <e1>   2015年7月中旬期间   </e1>   在 普宁市 流沙 西 街道 村 自己 的 家中 2 次 容留   <e2>   张   </e2>   员张 吸食毒品 海洛因,4
NA,普宁市 人民检察院 指控 被告人 王于 2015年7月中旬期间 在   <e1>   普宁市 流沙 西 街道 村 自己 的 家中   </e1>   2 次 容留 吸毒 人员   <e2>   张   </e2>   吸食毒品 海洛因,4
provide_shelter_for,宁河县 人民检察院 指控 2014年3月 的 一天 晚上 被告人   <e1>   刘某 1   </e1>   提供 冰毒 和 吸食 工具 在 其租 的 房间 内容 留   <e2>   刘   </e2>   并 与 刘 共同 吸食 冰毒,3
sell_drugs_to,宁河县 人民检察院 指控 2014年3月 的 一天 晚上 被告人   <e1>   刘某 1   </e1>   提供 冰毒 和 吸食 工具 在 其租 的 房间 内容 留 刘 并 与   <e2>   刘   </e2>   共同 吸食 冰毒,1
NA,宁河县 人民检察院 指控 2014年3月 的 一天 晚上 被告人   <e1>   刘某 1   </e1>   提供   <e2>   冰毒   </e2>   和 吸食 工具 在 其租 的 房间 内容 留 刘 并 与 刘 共同 吸食 冰毒,4
NA,宁河县 人民检察院 指控   <e1>   2014年3月   </e1>   的 一天 晚上 被告人 刘某 1 提供 冰毒 和 吸食 工具 在 其租 的 房间 内容 留 刘 并 与 刘 共同 吸食   <e2>   冰毒   </e2>  ,4
sell_drugs_to,公诉 机关 指控 2012年10月29日16时40分 许 被告人   <e1>   杨某某   </e1>   在 海口市 龙华区 滨涯 路 农垦 中学 对面 巷口 的 金园 宾馆 门前 以 人民币 100 元 的 价格 将 1 小包 毒品 卖 给   <e2>   刘某某   </e2>   经 鉴定 被告人 杨某某 贩卖 的 毒品 含 海洛因 成份 重 0.0656克 公诉 机关 认为 被告人 杨某某 非法 贩卖毒品 海洛因 0.0656克 根据 中华人民共和国 刑法 第三 百 四十七 条 第四款 之 规定 被告人 杨某某 的 行为 已 构成 贩卖毒品 罪 提请 本院 依法 判处,1
traffic_in,公诉 机关 指控 2012年10月29日16时40分 许 被告人 杨某某 在 海口市 龙华区 滨涯 路 农垦 中学 对面 巷口 的 金园 宾馆 门前 以 人民币 100 元 的 价格 将 1 小包 毒品 卖 给 刘某某 经 鉴定 被告人   <e1>   杨某某   </e1>   贩卖 的 毒品 含   <e2>   海洛因   </e2>   成份 重 0.0656克 公诉 机关 认为 被告人 杨某某 非法 贩卖毒品 海洛因 0.0656克 根据 中华人民共和国 刑法 第三 百 四十七 条 第四款 之 规定 被告人 杨某某 的 行为 已 构成 贩卖毒品 罪 提请 本院 依法 判处,0
NA,公诉 机关 指控 2012年10月29日16时40分 许 被告人 杨某某 在 海口市 龙华区 滨涯 路 农垦 中学 对面 巷口 的 金园 宾馆 门前 以 人民币 100 元 的 价格 将 1 小包 毒品 卖 给 刘某某 经 鉴定 被告人 杨某某 贩卖 的 毒品 含 海洛因 成份 重   <e1>   0.0656克   </e1>   公诉 机关 认为 被告人 杨某某 非法   <e2>   海洛因   </e2>   品 海洛因 0.0656克 根据 中华人民共和国 刑法 第三 百 四十七 条 第四款 之 规定 被告人 杨某某 的 行为 已 构成 贩卖毒品 罪 提请 本院 依法 判处,4
NA,公诉 机关 指控   <e1>   2012年10月29日16时40分   </e1>   许 被告人 杨某某 在 海口市 龙华区 滨涯 路 农垦 中学 对面 巷口 的 金园 宾馆 门前 以 人民币 100 元 的 价格 将 1 小包 毒品 卖 给 刘某某 经 鉴定 被告人 杨某某 贩卖 的 毒品 含 海洛因   <e2>   0.0656克   </e2>   65 6克 公诉 机关 认为 被告人 杨某某 非法 贩卖毒品 海洛因 0.0656克 根据 中华人民共和国 刑法 第三 百 四十七 条 第四款 之 规定 被告人 杨某某 的 行为 已 构成 贩卖毒品 罪 提请 本院 依法 判处,4
sell_drugs_to,经 审理 查明 2013年10月 1 4日 15 时许 被告人   <e1>   甘海斌   </e1>   在 所 租住 的 长沙 星沙 世景华庭 小区 10 栋 楼下 将 半粒 毒品 麻古 和约 0.1克 毒品 冰毒 以 200 元 的 价格 贩卖 给 吸毒 人员   <e2>   闫某   </e2>   当日 17 时 30 分 公安机关 将 被告人 甘海斌 抓获 并 在 其 租住 的 长沙 星沙 世景华庭 小区 10 栋 2311 房 查获 白色晶体 18 包 红色 药丸 3 粒 深黄色 短 杆状 物体 1 袋经 鉴定 查获 的 白色晶体 净重 11.8克 红 绿色 药丸 净重 0.32克 中均 检出 甲基苯丙胺 成分 深黄色 短 杆状 物体 净重 0.5 1克 中未 检出 毒品 成分 经 尿样 毒品 成份 检测 被告人 甘海斌 及 吸毒 人员 闫某 尿液 甲基 安非他明 检测 结果 均 为 阳性,1
traffic_in,经 审理 查明 2013年10月 1 4日 15 时许 被告人   <e1>   甘海斌   </e1>   在 所 租住 的 长沙 星沙 世景华庭 小区 10 栋 楼下 将 半粒 毒品   <e2>   麻古   </e2>   和约 0.1克 毒品 冰毒 以 200 元 的 价格 贩卖 给 吸毒 人员 闫某 当日 17 时 30 分 公安机关 将 被告人 甘海斌 抓获 并 在 其 租住 的 长沙 星沙 世景华庭 小区 10 栋 2311 房 查获 白色晶体 18 包 红色 药丸 3 粒 深黄色 短 杆状 物体 1 袋经 鉴定 查获 的 白色晶体 净重 11.8克 红 绿色 药丸 净重 0.32克 中均 检出 甲基苯丙胺 成分 深黄色 短 杆状 物体 净重 0.5 1克 中未 检出 毒品 成分 经 尿样 毒品 成份 检测 被告人 甘海斌 及 吸毒 人员 闫某 尿液 甲基 安非他明 检测 结果 均 为 阳性,0
traffic_in,经 审理 查明 2013年10月 1 4日 15 时许 被告人   <e1>   甘海斌   </e1>   在 所 租住 的 长沙 星沙 世景华庭 小区 10 栋 楼下 将 半粒 毒品 麻古 和约 0.1克 毒品   <e2>   冰毒   </e2>   以 200 元 的 价格 贩卖 给 吸毒 人员 闫某 当日 17 时 30 分 公安机关 将 被告人 甘海斌 抓获 并 在 其 租住 的 长沙 星沙 世景华庭 小区 10 栋 2311 房 查获 白色晶体 18 包 红色 药丸 3 粒 深黄色 短 杆状 物体 1 袋经 鉴定 查获 的 白色晶体 净重 11.8克 红 绿色 药丸 净重 0.32克 中均 检出 甲基苯丙胺 成分 深黄色 短 杆状 物体 净重 0.5 1克 中未 检出 毒品 成分 经 尿样 毒品 成份 检测 被告人 甘海斌 及 吸毒 人员 闫某 尿液 甲基 安非他明 检测 结果 均 为 阳性,0
NA,经 审理 查明 2013年10月 1 4日 15 时许 被告人 甘海斌 在 所 租住 的 长沙 星沙 世景华庭 小区 10 栋 楼下 将 半粒 毒品 麻古 和约 0.1克 毒品 冰毒 以 200 元 的 价格 贩卖 给 吸毒 人员 闫某 当日 17 时 30 分 公安机关 将 被告人 甘海斌 抓获 并 在 其 租住 的 长沙 星沙 世景华庭 小区 10 栋 2311 房 查获 白色晶体 18 包 红色 药丸 3 粒 深黄色 短 杆状 物体 1 袋经 鉴定 查获 的 白色晶体 净重   <e1>   11.8克   </e1>   红 绿色 药丸 净重 0.32克 中均 检出 甲基苯丙胺 成分 深黄色 短 杆状 物体 净重 0.5 1克 中未 检出 毒品 成分 经 尿样 毒品 成份 检测 被告人 甘海斌 及 吸毒 人员   <e2>   闫某   </e2>   尿液 甲基 安非他明 检测 结果 均 为 阳性,4
NA,经 审理 查明 2013年10月 1 4日 15 时许 被告人 甘海斌 在 所 租住 的 长沙 星沙 世景华庭 小区 10 栋 楼下 将 半粒 毒品 麻古 和约   <e1>   0.1克   </e1>   毒品 冰毒 以 200 元 的 价格 贩卖 给 吸毒 人员 闫某 当日 17 时 30 分 公安机关 将 被告人 甘海斌 抓获 并 在 其 租住 的 长沙 星沙 世景华庭 小区 10 栋 2311 房 查获 白色晶体 18 包 红色 药丸 3 粒 深黄色 短 杆状 物体 1 袋经 鉴定 查获 的 白色晶体 净重 11.8克 红 绿色 药丸 净重 0.32克 中均 检出   <e2>   甲基苯丙胺   </e2>   成分 深黄色 短 杆状 物体 净重 0.5 1克 中未 检出 毒品 成分 经 尿样 毒品 成份 检测 被告人 甘海斌 及 吸毒 人员 闫某 尿液 甲基 安非他明 检测 结果 均 为 阳性,4
traffic_in,公诉 机关 指控 被告人   <e1>   姚践宝   </e1>   于 2013年10月 3 日至 10 月 22 日 期间 在 位于 邵阳市 北塔区 富丽华 宾馆 附近 的 其租 住房 内 分别 以 人民币 50 元 的 价格 贩卖毒品   <e2>   海洛因   </e2>   给 吸毒 人员 陈某 二次 其中 一次 收取 现金 50 元 一次 赊账 50 元 并 容留 陈某 在 其家 吸食毒品 二次 以 人民币 50 元 的 价格 贩卖毒品 海洛因 给 吸毒 人员 陈某某 并 容留 陈某某 在 其 家中 吸食 以 人民币 50 元 的 价格 贩卖毒品 海洛因 给 吸毒 人员 张某某 何某 三次 其中 收取 现金 50 元 二次 赊账 50 元 一次 并 容留 二人 在 家中 吸食毒品 三次 2013年10月 22 日 16 时许 公安人员 在 姚践宝 家中 抓获 姚践宝 张某某 何某 并 从 姚践宝 家中 搜缴 重为 2.69 克 的 红色 塑料袋 包装 疑似 毒品 海洛因 白色 块状 物品 12 小包 经 鉴定 被 搜缴 疑似 毒品 海洛因 白色 块状 物品 中 检出 海洛因 成分 公诉 机关 为 证明 上述事实 当庭 提交 了 证人 陈某 陈某某 张某某 何某 的 证言 鉴定 意见 及 相关 书证 被告人 姚践宝 的 供述 及 户籍 证明 等 证据 公诉 机关 认为 被告人 姚践宝 的 行为 触犯 了 中华人民共和国 刑法 第三 百 四十七 条 第一 四七 款 第 三百五十 四条 之 规定 应以 贩卖毒品 罪 容留 他人 吸毒 罪 追究其 刑事责任 被告人 姚践宝 系 累犯 要求 本院 依法 惩处,0
sell_drugs_to,公诉 机关 指控 被告人   <e1>   姚践宝   </e1>   于 2013年10月 3 日至 10 月 22 日 期间 在 位于 邵阳市 北塔区 富丽华 宾馆 附近 的 其租 住房 内 分别 以 人民币 50 元 的 价格 贩卖毒品 海洛因 给 吸毒 人员   <e2>   陈某   </e2>   二次 其中 一次 收取 现金 50 元 一次 赊账 50 元 并 容留 陈某 在 其家 吸食毒品 二次 以 人民币 50 元 的 价格 贩卖毒品 海洛因 给 吸毒 人员 陈某某 并 容留 陈某某 在 其 家中 吸食 以 人民币 50 元 的 价格 贩卖毒品 海洛因 给 吸毒 人员 张某某 何某 三次 其中 收取 现金 50 元 二次 赊账 50 元 一次 并 容留 二人 在 家中 吸食毒品 三次 2013年10月 22 日 16 时许 公安人员 在 姚践宝 家中 抓获 姚践宝 张某某 何某 并 从 姚践宝 家中 搜缴 重为 2.69 克 的 红色 塑料袋 包装 疑似 毒品 海洛因 白色 块状 物品 12 小包 经 鉴定 被 搜缴 疑似 毒品 海洛因 白色 块状 物品 中 检出 海洛因 成分 公诉 机关 为 证明 上述事实 当庭 提交 了 证人 陈某 陈某某 张某某 何某 的 证言 鉴定 意见 及 相关 书证 被告人 姚践宝 的 供述 及 户籍 证明 等 证据 公诉 机关 认为 被告人 姚践宝 的 行为 触犯 了 中华人民共和国 刑法 第三 百 四十七 条 第一 四七 款 第 三百五十 四条 之 规定 应以 贩卖毒品 罪 容留 他人 吸毒 罪 追究其 刑事责任 被告人 姚践宝 系 累犯 要求 本院 依法 惩处,1
provide_shelter_for,公诉 机关 指控 被告人   <e1>   姚践宝   </e1>   于 2013年10月 3 日至 10 月 22 日 期间 在 位于 邵阳市 北塔区 富丽华 宾馆 附近 的 其租 住房 内 分别 以 人民币 50 元 的 价格 贩卖毒品 海洛因 给 吸毒 人员 陈某 二次 其中 一次 收取 现金 50 元 一次 赊账 50 元 并 容留   <e2>   陈某   </e2>   在 其家 吸食毒品 二次 以 人民币 50 元 的 价格 贩卖毒品 海洛因 给 吸毒 人员 陈某某 并 容留 陈某某 在 其 家中 吸食 以 人民币 50 元 的 价格 贩卖毒品 海洛因 给 吸毒 人员 张某某 何某 三次 其中 收取 现金 50 元 二次 赊账 50 元 一次 并 容留 二人 在 家中 吸食毒品 三次 2013年10月 22 日 16 时许 公安人员 在 姚践宝 家中 抓获 姚践宝 张某某 何某 并 从 姚践宝 家中 搜缴 重为 2.69 克 的 红色 塑料袋 包装 疑似 毒品 海洛因 白色 块状 物品 12 小包 经 鉴定 被 搜缴 疑似 毒品 海洛因 白色 块状 物品 中 检出 海洛因 成分 公诉 机关 为 证明 上述事实 当庭 提交 了 证人 陈某 陈某某 张某某 何某 的 证言 鉴定 意见 及 相关 书证 被告人 姚践宝 的 供述 及 户籍 证明 等 证据 公诉 机关 认为 被告人 姚践宝 的 行为 触犯 了 中华人民共和国 刑法 第三 百 四十七 条 第一 四七 款 第 三百五十 四条 之 规定 应以 贩卖毒品 罪 容留 他人 吸毒 罪 追究其 刑事责任 被告人 姚践宝 系 累犯 要求 本院 依法 惩处,3
traffic_in,公诉 机关 指控 被告人   <e1>   姚践宝   </e1>   于 2013年10月 3 日至 10 月 22 日 期间 在 位于 邵阳市 北塔区 富丽华 宾馆 附近 的 其租 住房 内 分别 以 人民币 50 元 的 价格 贩卖毒品 海洛因 给 吸毒 人员 陈某 二次 其中 一次 收取 现金 50 元 一次 赊账 50 元 并 容留 陈某 在 其家 吸食毒品 二次 以 人民币 50 元 的 价格 贩卖毒品   <e2>   海洛因   </e2>   给 吸毒 人员 陈某某 并 容留 陈某某 在 其 家中 吸食 以 人民币 50 元 的 价格 贩卖毒品 海洛因 给 吸毒 人员 张某某 何某 三次 其中 收取 现金 50 元 二次 赊账 50 元 一次 并 容留 二人 在 家中 吸食毒品 三次 2013年10月 22 日 16 时许 公安人员 在 姚践宝 家中 抓获 姚践宝 张某某 何某 并 从 姚践宝 家中 搜缴 重为 2.69 克 的 红色 塑料袋 包装 疑似 毒品 海洛因 白色 块状 物品 12 小包 经 鉴定 被 搜缴 疑似 毒品 海洛因 白色 块状 物品 中 检出 海洛因 成分 公诉 机关 为 证明 上述事实 当庭 提交 了 证人 陈某 陈某某 张某某 何某 的 证言 鉴定 意见 及 相关 书证 被告人 姚践宝 的 供述 及 户籍 证明 等 证据 公诉 机关 认为 被告人 姚践宝 的 行为 触犯 了 中华人民共和国 刑法 第三 百 四十七 条 第一 四七 款 第 三百五十 四条 之 规定 应以 贩卖毒品 罪 容留 他人 吸毒 罪 追究其 刑事责任 被告人 姚践宝 系 累犯 要求 本院 依法 惩处,0
sell_drugs_to,公诉 机关 指控 被告人   <e1>   姚践宝   </e1>   于 2013年10月 3 日至 10 月 22 日 期间 在 位于 邵阳市 北塔区 富丽华 宾馆 附近 的 其租 住房 内 分别 以 人民币 50 元 的 价格 贩卖毒品 海洛因 给 吸毒 人员 陈某 二次 其中 一次 收取 现金 50 元 一次 赊账 50 元 并 容留 陈某 在 其家 吸食毒品 二次 以 人民币 50 元 的 价格 贩卖毒品 海洛因 给 吸毒 人员   <e2>   陈某某   </e2>   并 容留 陈某某 在 其 家中 吸食 以 人民币 50 元 的 价格 贩卖毒品 海洛因 给 吸毒 人员 张某某 何某 三次 其中 收取 现金 50 元 二次 赊账 50 元 一次 并 容留 二人 在 家中 吸食毒品 三次 2013年10月 22 日 16 时许 公安人员 在 姚践宝 家中 抓获 姚践宝 张某某 何某 并 从 姚践宝 家中 搜缴 重为 2.69 克 的 红色 塑料袋 包装 疑似 毒品 海洛因 白色 块状 物品 12 小包 经 鉴定 被 搜缴 疑似 毒品 海洛因 白色 块状 物品 中 检出 海洛因 成分 公诉 机关 为 证明 上述事实 当庭 提交 了 证人 陈某 陈某某 张某某 何某 的 证言 鉴定 意见 及 相关 书证 被告人 姚践宝 的 供述 及 户籍 证明 等 证据 公诉 机关 认为 被告人 姚践宝 的 行为 触犯 了 中华人民共和国 刑法 第三 百 四十七 条 第一 四七 款 第 三百五十 四条 之 规定 应以 贩卖毒品 罪 容留 他人 吸毒 罪 追究其 刑事责任 被告人 姚践宝 系 累犯 要求 本院 依法 惩处,1
provide_shelter_for,公诉 机关 指控 被告人   <e1>   姚践宝   </e1>   于 2013年10月 3 日至 10 月 22 日 期间 在 位于 邵阳市 北塔区 富丽华 宾馆 附近 的 其租 住房 内 分别 以 人民币 50 元 的 价格 贩卖毒品 海洛因 给 吸毒 人员 陈某 二次 其中 一次 收取 现金 50 元 一次 赊账 50 元 并 容留 陈某 在 其家 吸食毒品 二次 以 人民币 50 元 的 价格 贩卖毒品 海洛因 给 吸毒 人员 陈某某 并 容留   <e2>   陈某某   </e2>   在 其 家中 吸食 以 人民币 50 元 的 价格 贩卖毒品 海洛因 给 吸毒 人员 张某某 何某 三次 其中 收取 现金 50 元 二次 赊账 50 元 一次 并 容留 二人 在 家中 吸食毒品 三次 2013年10月 22 日 16 时许 公安人员 在 姚践宝 家中 抓获 姚践宝 张某某 何某 并 从 姚践宝 家中 搜缴 重为 2.69 克 的 红色 塑料袋 包装 疑似 毒品 海洛因 白色 块状 物品 12 小包 经 鉴定 被 搜缴 疑似 毒品 海洛因 白色 块状 物品 中 检出 海洛因 成分 公诉 机关 为 证明 上述事实 当庭 提交 了 证人 陈某 陈某某 张某某 何某 的 证言 鉴定 意见 及 相关 书证 被告人 姚践宝 的 供述 及 户籍 证明 等 证据 公诉 机关 认为 被告人 姚践宝 的 行为 触犯 了 中华人民共和国 刑法 第三 百 四十七 条 第一 四七 款 第 三百五十 四条 之 规定 应以 贩卖毒品 罪 容留 他人 吸毒 罪 追究其 刑事责任 被告人 姚践宝 系 累犯 要求 本院 依法 惩处,3
traffic_in,公诉 机关 指控 被告人   <e1>   姚践宝   </e1>   于 2013年10月 3 日至 10 月 22 日 期间 在 位于 邵阳市 北塔区 富丽华 宾馆 附近 的 其租 住房 内 分别 以 人民币 50 元 的 价格 贩卖毒品 海洛因 给 吸毒 人员 陈某 二次 其中 一次 收取 现金 50 元 一次 赊账 50 元 并 容留 陈某 在 其家 吸食毒品 二次 以 人民币 50 元 的 价格 贩卖毒品 海洛因 给 吸毒 人员 陈某某 并 容留 陈某某 在 其 家中 吸食 以 人民币 50 元 的 价格 贩卖毒品   <e2>   海洛因   </e2>   给 吸毒 人员 张某某 何某 三次 其中 收取 现金 50 元 二次 赊账 50 元 一次 并 容留 二人 在 家中 吸食毒品 三次 2013年10月 22 日 16 时许 公安人员 在 姚践宝 家中 抓获 姚践宝 张某某 何某 并 从 姚践宝 家中 搜缴 重为 2.69 克 的 红色 塑料袋 包装 疑似 毒品 海洛因 白色 块状 物品 12 小包 经 鉴定 被 搜缴 疑似 毒品 海洛因 白色 块状 物品 中 检出 海洛因 成分 公诉 机关 为 证明 上述事实 当庭 提交 了 证人 陈某 陈某某 张某某 何某 的 证言 鉴定 意见 及 相关 书证 被告人 姚践宝 的 供述 及 户籍 证明 等 证据 公诉 机关 认为 被告人 姚践宝 的 行为 触犯 了 中华人民共和国 刑法 第三 百 四十七 条 第一 四七 款 第 三百五十 四条 之 规定 应以 贩卖毒品 罪 容留 他人 吸毒 罪 追究其 刑事责任 被告人 姚践宝 系 累犯 要求 本院 依法 惩处,0
sell_drugs_to,公诉 机关 指控 被告人   <e1>   姚践宝   </e1>   于 2013年10月 3 日至 10 月 22 日 期间 在 位于 邵阳市 北塔区 富丽华 宾馆 附近 的 其租 住房 内 分别 以 人民币 50 元 的 价格 贩卖毒品 海洛因 给 吸毒 人员 陈某 二次 其中 一次 收取 现金 50 元 一次 赊账 50 元 并 容留 陈某 在 其家 吸食毒品 二次 以 人民币 50 元 的 价格 贩卖毒品 海洛因 给 吸毒 人员 陈某某 并 容留 陈某某 在 其 家中 吸食 以 人民币 50 元 的 价格 贩卖毒品 海洛因 给 吸毒 人员   <e2>   张某某   </e2>   何某 三次 其中 收取 现金 50 元 二次 赊账 50 元 一次 并 容留 二人 在 家中 吸食毒品 三次 2013年10月 22 日 16 时许 公安人员 在 姚践宝 家中 抓获 姚践宝 张某某 何某 并 从 姚践宝 家中 搜缴 重为 2.69 克 的 红色 塑料袋 包装 疑似 毒品 海洛因 白色 块状 物品 12 小包 经 鉴定 被 搜缴 疑似 毒品 海洛因 白色 块状 物品 中 检出 海洛因 成分 公诉 机关 为 证明 上述事实 当庭 提交 了 证人 陈某 陈某某 张某某 何某 的 证言 鉴定 意见 及 相关 书证 被告人 姚践宝 的 供述 及 户籍 证明 等 证据 公诉 机关 认为 被告人 姚践宝 的 行为 触犯 了 中华人民共和国 刑法 第三 百 四十七 条 第一 四七 款 第 三百五十 四条 之 规定 应以 贩卖毒品 罪 容留 他人 吸毒 罪 追究其 刑事责任 被告人 姚践宝 系 累犯 要求 本院 依法 惩处,1
sell_drugs_to,公诉 机关 指控 被告人   <e1>   姚践宝   </e1>   于 2013年10月 3 日至 10 月 22 日 期间 在 位于 邵阳市 北塔区 富丽华 宾馆 附近 的 其租 住房 内 分别 以 人民币 50 元 的 价格 贩卖毒品 海洛因 给 吸毒 人员 陈某 二次 其中 一次 收取 现金 50 元 一次 赊账 50 元 并 容留 陈某 在 其家 吸食毒品 二次 以 人民币 50 元 的 价格 贩卖毒品 海洛因 给 吸毒 人员 陈某某 并 容留 陈某某 在 其 家中 吸食 以 人民币 50 元 的 价格 贩卖毒品 海洛因 给 吸毒 人员 张某某   <e2>   何某   </e2>   三次 其中 收取 现金 50 元 二次 赊账 50 元 一次 并 容留 二人 在 家中 吸食毒品 三次 2013年10月 22 日 16 时许 公安人员 在 姚践宝 家中 抓获 姚践宝 张某某 何某 并 从 姚践宝 家中 搜缴 重为 2.69 克 的 红色 塑料袋 包装 疑似 毒品 海洛因 白色 块状 物品 12 小包 经 鉴定 被 搜缴 疑似 毒品 海洛因 白色 块状 物品 中 检出 海洛因 成分 公诉 机关 为 证明 上述事实 当庭 提交 了 证人 陈某 陈某某 张某某 何某 的 证言 鉴定 意见 及 相关 书证 被告人 姚践宝 的 供述 及 户籍 证明 等 证据 公诉 机关 认为 被告人 姚践宝 的 行为 触犯 了 中华人民共和国 刑法 第三 百 四十七 条 第一 四七 款 第 三百五十 四条 之 规定 应以 贩卖毒品 罪 容留 他人 吸毒 罪 追究其 刑事责任 被告人 姚践宝 系 累犯 要求 本院 依法 惩处,1
NA,公诉 机关 指控 被告人 姚践宝 于 2013年10月 3 日至 10 月 22 日 期间 在 位于 邵阳市 北塔区 富丽华 宾馆 附近 的 其租 住房 内 分别 以 人民币 50 元 的 价格 贩卖毒品 海洛因 给 吸毒 人员 陈某 二次 其中 一次 收取 现金 50 元 一次 赊账 50 元 并 容留 陈某 在 其家 吸食毒品 二次 以 人民币 50 元 的 价格 贩卖毒品 海洛因 给 吸毒 人员 陈某某 并 容留 陈某某 在 其 家中 吸食 以 人民币 50 元 的 价格 贩卖毒品 海洛因 给 吸毒 人员 张某某 何某 三次 其中 收取 现金 50 元 二次 赊账 50 元 一次 并 容留 二人 在 家中 吸食毒品 三次 2013年10月 22 日 16 时许 公安人员 在 姚践宝 家中 抓获 姚践宝 张某某 何某 并 从 姚践宝 家中 搜缴 重为 2.69 克 的 红色 塑料袋 包装 疑似 毒品 海洛因 白色 块状 物品 12 小包 经 鉴定 被 搜缴 疑似 毒品 海洛因 白色 块状 物品 中 检出 海洛因 成分 公诉 机关 为 证明 上述事实 当庭 提交 了 证人 陈某 陈某某 张某某 何某 的 证言 鉴定 意见 及 相关 书证 被告人 姚践宝 的 供述 及 户籍 证明 等 证据 公诉 机关 认为 被告人   <e1>   姚践宝   </e1>   的 行为 触犯 了 中华人民共和国 刑法 第三 百 四十七 条 第一 四七 款 第 三百五十 四条 之 规定 应以 贩卖毒品 罪 容留 他人 吸毒 罪 追究其 刑事责任 被告人   <e2>   姚践宝   </e2>   系 累犯 要求 本院 依法 惩处,4
NA,公诉 机关 指控 被告人 姚践宝 于 2013年10月 3 日至 10 月 22 日 期间 在 位于 邵阳市 北塔区 富丽华 宾馆 附近 的 其租 住房 内 分别 以 人民币 50 元 的 价格 贩卖毒品 海洛因 给 吸毒 人员 陈某 二次 其中 一次 收取 现金 50 元 一次 赊账 50 元 并 容留 陈某 在 其家 吸食毒品 二次 以 人民币 50 元 的 价格 贩卖毒品 海洛因 给 吸毒 人员 陈某某 并 容留 陈某某 在 其 家中 吸食 以 人民币 50 元 的 价格 贩卖毒品 海洛因 给 吸毒 人员 张某某 何某 三次 其中 收取 现金 50 元 二次 赊账 50 元 一次 并 容留 二人 在 家中 吸食毒品 三次 2013年10月 22 日 16 时许 公安人员 在 姚践宝 家中 抓获 姚践宝   <e1>   张某某   </e1>   何某 并 从 姚践宝 家中 搜缴 重为 2.69 克 的 红色 塑料袋 包装 疑似 毒品 海洛因 白色 块状 物品 12 小包 经 鉴定 被 搜缴 疑似 毒品 海洛因 白色 块状 物品 中 检出 海洛因 成分 公诉 机关 为 证明 上述事实 当庭 提   <e2>   陈某   </e2>   证人 陈某 陈某某 张某某 何某 的 证言 鉴定 意见 及 相关 书证 被告人 姚践宝 的 供述 及 户籍 证明 等 证据 公诉 机关 认为 被告人 姚践宝 的 行为 触犯 了 中华人民共和国 刑法 第三 百 四十七 条 第一 四七 款 第 三百五十 四条 之 规定 应以 贩卖毒品 罪 容留 他人 吸毒 罪 追究其 刑事责任 被告人 姚践宝 系 累犯 要求 本院 依法 惩处,4
posess,公诉 机关 指控 2015年2月4日21时 许 公安机关 在 杭州市 上 城区 某 假日酒店 x 房间 抓获 被告人 朱某某 并 在 房间 窗台上 查获 被告人   <e1>   朱某某   </e1>   所有 的   <e2>   甲基苯丙胺   </e2>   冰毒 一袋 净重 5.0990 g 黑色 铁盒 一只 内 装有 甲基苯丙胺 净重 9.7865g 及 在 房间 床头柜 上 查获 被告人 朱某某 所有 的 甲基苯丙胺 一袋 净重 3.5290 g,2
NA,公诉 机关 指控   <e1>   2015年2月4日21时   </e1>   许 公安机关 在 杭州市 上 城区 某 假日酒店 x 房间 抓获 被告人 朱某某 并 在 房间 窗台上 查   <e2>   朱某某   </e2>   人 朱某某 所有 的 甲基苯丙胺 冰毒 一袋 净重 5.0990 g 黑色 铁盒 一只 内 装有 甲基苯丙胺 净重 9.7865g 及 在 房间 床头柜 上 查获 被告人 朱某某 所有 的 甲基苯丙胺 一袋 净重 3.5290 g,4
NA,公诉 机关 指控 2015年2月4日21时 许 公安机关 在 杭州市 上 城区 某 假日酒店 x 房间 抓获 被告人 朱某某 并 在 房间 窗台上 查获 被告人   <e1>   朱某某   </e1>   所有 的 甲基苯丙胺 冰毒 一袋 净重 5.0990 g 黑色 铁盒 一只 内 装有 甲基苯丙胺 净重   <e2>   9.7865g   </e2>   及 在 房间 床头柜 上 查获 被告人 朱某某 所有 的 甲基苯丙胺 一袋 净重 3.5290 g,4
sell_drugs_to,珠海市 金湾区 人民检察院 指控 2015年9月 1 4日 上午 被告人   <e1>   刘某   </e1>   与   <e2>   韦某   </e2>   经 电话 联系 约定 被告人 刘某 以 人民币 300 元 的 价格 卖 给 韦某 一小包 冰毒 当日14时 许 被告人 刘某 驾驶 粤 C 小汽车 来到 珠海市 金湾区 红旗 镇金 荷路 555 号 滚 一滚 时尚 蒸汽 火锅 门口 与 韦某 会面 二人 在 被告人 刘某 的 车里 进行 了 毒品 交易 二人 刚 交易 完毕 就 被 民警 当场 抓获 民警 从 被告人 刘某 身上 搜出 毒资 人民币 300 元 从 韦某 身上 搜出 一 小袋 白色晶体 状物质 经 鉴定 从 该袋 白色晶体 状物质 中 检出 甲基苯丙胺 成份 净重 0.36克,1
traffic_in,珠海市 金湾区 人民检察院 指控 2015年9月 1 4日 上午 被告人   <e1>   刘某   </e1>   与 韦某 经 电话 联系 约定 被告人 刘某 以 人民币 300 元 的 价格 卖 给 韦某 一小包   <e2>   冰毒   </e2>   当日14时 许 被告人 刘某 驾驶 粤 C 小汽车 来到 珠海市 金湾区 红旗 镇金 荷路 555 号 滚 一滚 时尚 蒸汽 火锅 门口 与 韦某 会面 二人 在 被告人 刘某 的 车里 进行 了 毒品 交易 二人 刚 交易 完毕 就 被 民警 当场 抓获 民警 从 被告人 刘某 身上 搜出 毒资 人民币 300 元 从 韦某 身上 搜出 一 小袋 白色晶体 状物质 经 鉴定 从 该袋 白色晶体 状物质 中 检出 甲基苯丙胺 成份 净重 0.36克,0
NA,珠海市 金湾区 人民检察院 指控 2015年9月 1 4日 上午 被告人 刘某 与 韦某 经 电话 联系 约定 被告人 刘某 以 人民币 300 元 的 价格 卖 给 韦某 一小包 冰毒   <e1>   当日14时   </e1>   许   <e2>   刘某   </e2>   告人 刘某 驾驶 粤 C 小汽车 来到 珠海市 金湾区 红旗 镇金 荷路 555 号 滚 一滚 时尚 蒸汽 火锅 门口 与 韦某 会面 二人 在 被告人 刘某 的 车里 进行 了 毒品 交易 二人 刚 交易 完毕 就 被 民警 当场 抓获 民警 从 被告人 刘某 身上 搜出 毒资 人民币 300 元 从 韦某 身上 搜出 一 小袋 白色晶体 状物质 经 鉴定 从 该袋 白色晶体 状物质 中 检出 甲基苯丙胺 成份 净重 0.36克,4
NA,珠海市 金湾区 人民检察院 指控 2015年9月 1 4日 上午 被告人 刘某 与 韦某 经 电话 联系 约定 被告人 刘某 以 人民币 300 元 的 价格 卖 给 韦某 一小包 冰毒 当日14时 许 被告人 刘某 驾驶 粤 C 小汽车 来到 珠海市 金湾区 红旗 镇金 荷路 555 号 滚 一滚 时尚 蒸汽 火锅 门口 与   <e1>   韦某   </e1>   会面 二人 在 被告人 刘某 的 车里 进行 了 毒品 交易 二人 刚 交易 完毕 就 被 民警 当场 抓获 民警 从 被告人 刘某 身上 搜出 毒资 人民币 300 元 从 韦某 身上 搜出 一 小袋 白色晶体 状物质 经 鉴定 从 该袋 白色晶体 状物质 中 检出 甲基苯丙胺 成份 净重   <e2>   0.36克   </e2>  ,4
traffic_in,公诉 机关 指控 被告人   <e1>   唐某   </e1>   多次 贩卖   <e2>   冰毒   </e2>   2.9克 情节严重 其 行为 触犯 了 中华人民共和国 刑法 第三 百 四十七 条 第四款 之 规定 应以 贩卖毒品 罪 追究其 刑事责任 公诉 机关 为 证明 其 指控 提交 了 接受 刑事案件 登记表 抓获 经过 被告人 供述 证人 证言 辨认 笔录 鉴定 意见 户籍 证明 等 证据 予以 证实,0
NA,公诉 机关 指控 被告人   <e1>   唐某   </e1>   多次 贩卖 冰毒   <e2>   2.9克   </e2>   情节严重 其 行为 触犯 了 中华人民共和国 刑法 第三 百 四十七 条 第四款 之 规定 应以 贩卖毒品 罪 追究其 刑事责任 公诉 机关 为 证明 其 指控 提交 了 接受 刑事案件 登记表 抓获 经过 被告人 供述 证人 证言 辨认 笔录 鉴定 意见 户籍 证明 等 证据 予以 证实,4
NA,公诉 机关 指控 被告人 唐某 多次 贩卖   <e1>   冰毒   </e1>     <e2>   2.9克   </e2>   情节严重 其 行为 触犯 了 中华人民共和国 刑法 第三 百 四十七 条 第四款 之 规定 应以 贩卖毒品 罪 追究其 刑事责任 公诉 机关 为 证明 其 指控 提交 了 接受 刑事案件 登记表 抓获 经过 被告人 供述 证人 证言 辨认 笔录 鉴定 意见 户籍 证明 等 证据 予以 证实,4
posess,经 审理 查明 2014年3月 1 日 0 时许 在 长春 汽车 经济 技术开发区 公安机关 从 被告人   <e1>   徐金华   </e1>   租住 的 房屋内 缴获 其 非法 持有 的 毒品   <e2>   甲基苯丙胺   </e2>   冰毒 3 袋 净重 35.70 克 甲基苯丙胺片剂 俗称 麻古 160 片 净重 14.83 克,2
posess,经 审理 查明 2014年3月 1 日 0 时许 在 长春 汽车 经济 技术开发区 公安机关 从 被告人   <e1>   徐金华   </e1>   租住 的 房屋内 缴获 其 非法 持有 的 毒品 甲基苯丙胺 冰毒 3 袋 净重 35.70 克   <e2>   甲基苯丙胺片剂   </e2>   俗称 麻古 160 片 净重 14.83 克,2
NA,经 审理 查明 2014年3月 1 日 0 时许 在 长春 汽车 经济 技术开发区 公安机关 从 被告人 徐金华 租住 的 房屋内 缴获 其 非法 持有 的 毒品 甲基苯丙胺 冰毒 3 袋 净重 35.70 克   <e1>   甲基苯丙胺片剂   </e1>   俗称   <e2>   麻古   </e2>   160 片 净重 14.83 克,4
NA,经 审理 查明 2014年3月 1 日 0 时许 在 长春 汽车 经济 技术开发区 公安机关 从 被告人 徐金华 租住 的 房屋内 缴获 其 非法 持有 的 毒品   <e1>   甲基苯丙胺   < / e   <e2>   冰毒   </e2>     冰毒 3 袋 净重 35.70 克 甲基苯丙胺片剂 俗称 麻古 160 片 净重 14.83 克,4
posess,经 审理 查明 2014年11月3日16时 许 公安人员 在 武汉市洪山区丁字桥南路 与 雅安街 交汇处 抓获 被告人   <e1>   何某某   </e1>   并 当场 从 其 随身携带 的 挎包 内 查获   <e2>   甲基苯丙胺片剂   </e2>   俗称 麻果 2 大包 经 鉴定 上述 物品 均 为 毒品 甲基苯丙胺 共重 1121.05 克,2
NA,经 审理 查明 2014年11月3日16时 许 公安人员 在   <e1>   武汉市洪山区丁字桥南路   < / e   <e2>   雅安街   </e2>   与 雅安街 交汇处 抓获 被告人 何某某 并 当场 从 其 随身携带 的 挎包 内 查获 甲基苯丙胺片剂 俗称 麻果 2 大包 经 鉴定 上述 物品 均 为 毒品 甲基苯丙胺 共重 1121.05 克,4
NA,经 审理 查明   <e1>   2014年11月3日16时   </e1>   许 公安人员 在   <e2>   武汉市洪山区丁字桥南路   </e2>   与 雅安街 交汇处 抓获 被告人 何某某 并 当场 从 其 随身携带 的 挎包 内 查获 甲基苯丙胺片剂 俗称 麻果 2 大包 经 鉴定 上述 物品 均 为 毒品 甲基苯丙胺 共重 1121.05 克,4
provide_shelter_for,昆山市 人民检察院 指控 2014年10月20日左右的一天晚上 被告人   <e1>   程某   </e1>   在 昆山市 千灯 镇 石浦 完美 理发店 内容 留 吸毒 人员   <e2>   洪某   </e2>   胡某 梅某 吸食毒品 冰毒 被告人 程某 因 吸食毒品 于 2014 年 11月 30 日 被查获 后 如实 供述 了 公安机关 尚未 掌握 的 容留 他人 吸食毒品 的 犯罪事实 公诉 机关 认为 被告人 程某 容留 他人 吸食毒品 应当 以 容留 他人 吸毒 罪 追究其 刑事责任 被告人 程某 自动 投案 并 如实 供述 自己 的 罪行 系 自首 可以 从轻 处罚 提请 本院 依法 判处,3
provide_shelter_for,昆山市 人民检察院 指控 2014年10月20日左右的一天晚上 被告人   <e1>   程某   </e1>   在 昆山市 千灯 镇 石浦 完美 理发店 内容 留 吸毒 人员 洪某   <e2>   胡某   </e2>   梅某 吸食毒品 冰毒 被告人 程某 因 吸食毒品 于 2014 年 11月 30 日 被查获 后 如实 供述 了 公安机关 尚未 掌握 的 容留 他人 吸食毒品 的 犯罪事实 公诉 机关 认为 被告人 程某 容留 他人 吸食毒品 应当 以 容留 他人 吸毒 罪 追究其 刑事责任 被告人 程某 自动 投案 并 如实 供述 自己 的 罪行 系 自首 可以 从轻 处罚 提请 本院 依法 判处,3
provide_shelter_for,昆山市 人民检察院 指控 2014年10月20日左右的一天晚上 被告人   <e1>   程某   </e1>   在 昆山市 千灯 镇 石浦 完美 理发店 内容 留 吸毒 人员 洪某 胡某   <e2>   梅某   </e2>   吸食毒品 冰毒 被告人 程某 因 吸食毒品 于 2014 年 11月 30 日 被查获 后 如实 供述 了 公安机关 尚未 掌握 的 容留 他人 吸食毒品 的 犯罪事实 公诉 机关 认为 被告人 程某 容留 他人 吸食毒品 应当 以 容留 他人 吸毒 罪 追究其 刑事责任 被告人 程某 自动 投案 并 如实 供述 自己 的 罪行 系 自首 可以 从轻 处罚 提请 本院 依法 判处,3
NA,昆山市 人民检察院 指控   <e1>   2014年10月20日左右的一天晚上   </e1>   被告人 程某 在 昆山市 千灯 镇 石浦 完美 理发店 内容 留 吸毒 人员 洪某 胡某 梅某   <e2>   冰毒   </e2>   毒品 冰毒 被告人 程某 因 吸食毒品 于 2014 年 11月 30 日 被查获 后 如实 供述 了 公安机关 尚未 掌握 的 容留 他人 吸食毒品 的 犯罪事实 公诉 机关 认为 被告人 程某 容留 他人 吸食毒品 应当 以 容留 他人 吸毒 罪 追究其 刑事责任 被告人 程某 自动 投案 并 如实 供述 自己 的 罪行 系 自首 可以 从轻 处罚 提请 本院 依法 判处,4
NA,昆山市 人民检察院 指控 2014年10月20日左右的一天晚上 被告人   <e1>   程某   </e1>   在 昆山市 千灯 镇 石浦 完美 理发店 内容 留 吸毒 人员 洪某 胡某 梅某 吸食毒品 冰毒   <e2>   程某   </e2>   告人 程某 因 吸食毒品 于 2014 年 11月 30 日 被查获 后 如实 供述 了 公安机关 尚未 掌握 的 容留 他人 吸食毒品 的 犯罪事实 公诉 机关 认为 被告人 程某 容留 他人 吸食毒品 应当 以 容留 他人 吸毒 罪 追究其 刑事责任 被告人 程某 自动 投案 并 如实 供述 自己 的 罪行 系 自首 可以 从轻 处罚 提请 本院 依法 判处,4
traffic_in,遵义市 红花岗区 人民检察院 指控 2016 年 7 月 13 日 15 时许 被告人   <e1>   芦某某   </e1>   通过 电话 联系 在 遵义市红花岗区内环路苟家井附近一三岔路口 以 25O 元 的 价格 贩卖毒品   <e2>   海洛因   </e2>   一小包 给 牟某 后 被 公安民警 当场 抓获 当场 扣押 毒品 毒资及 作案工具 黑色 小米 手机 一部 经 称量 鉴定 查获 的 毒品 净重 0.39克 从中 检出 海洛因 成分,0
sell_drugs_to,遵义市 红花岗区 人民检察院 指控 2016 年 7 月 13 日 15 时许 被告人   <e1>   芦某某   </e1>   通过 电话 联系 在 遵义市红花岗区内环路苟家井附近一三岔路口 以 25O 元 的 价格 贩卖毒品 海洛因 一小包 给   <e2>   牟某   </e2>   后 被 公安民警 当场 抓获 当场 扣押 毒品 毒资及 作案工具 黑色 小米 手机 一部 经 称量 鉴定 查获 的 毒品 净重 0.39克 从中 检出 海洛因 成分,1
NA,遵义市 红花岗区 人民检察院 指控 2016 年 7 月 13 日 15 时许 被告人   <e1>   芦某某   </e1>   通过 电话 联系 在 遵义市红花岗区内环路苟家井附近一三岔路口 以 25O 元 的 价格 贩卖毒品 海洛因 一小包 给 牟某 后 被 公安民警 当场 抓获 当场 扣押 毒品 毒资及 作案工具 黑色 小米 手机 一部 经 称量 鉴定 查获 的 毒品 净重 0.39克 从中 检出   <e2>   海洛因   </e2>   成分,4
NA,遵义市 红花岗区 人民检察院 指控 2016 年 7 月 13 日 15 时许 被告人   <e1>   芦某某   </e1>   通过 电话   <e2>   遵义市红花岗区内环路苟家井附近一三岔路口   </e2>   三岔路口 以 25O 元 的 价格 贩卖毒品 海洛因 一小包 给 牟某 后 被 公安民警 当场 抓获 当场 扣押 毒品 毒资及 作案工具 黑色 小米 手机 一部 经 称量 鉴定 查获 的 毒品 净重 0.39克 从中 检出 海洛因 成分,4
provide_shelter_for,经 审理 查明 2015 年 1 至 2 月份 被告人   <e1>   王某某   </e1>   在 虞城县乔集镇帝皇ktv自己房间内 容留   <e2>   尹某某   </e2>   吸食毒品 三次 在 虞城县 张 集镇 西头 尊皇 ktv 对面 的 洗浴 中心 开房间 容留 尹某某 吸食毒品 一次,3
provide_shelter_for,经 审理 查明 2015 年 1 至 2 月份 被告人   <e1>   王某某   </e1>   在 虞城县乔集镇帝皇ktv自己房间内 容留 尹某某 吸食毒品 三次 在 虞城县 张 集镇 西头 尊皇 ktv 对面 的 洗浴 中心 开房间 容留   <e2>   尹某某   </e2>   吸食毒品 一次,3
NA,经 审理 查明 2015 年 1 至 2 月份 被告人   <e1>   王某某   </e1>   在   <e2>   虞城县乔集镇帝皇ktv自己房间内   </e2>   容留 尹某某 吸食毒品 三次 在 虞城县 张 集镇 西头 尊皇 ktv 对面 的 洗浴 中心 开房间 容留 尹某某 吸食毒品 一次,4
NA,经 审理 查明 2015 年 1 至 2 月份 被告人   <e1>   王某某   </e1>   在 虞城县 乔 集镇 帝皇 ktv 自己 房   <e2>   尹某某   </e2>   留 尹某某 吸食毒品 三次 在 虞城县 张 集镇 西头 尊皇 ktv 对面 的 洗浴 中心 开房间 容留 尹某某 吸食毒品 一次,4
sell_drugs_to,公诉 机关 指控 2014 年 9 月 2 4日 19时 35 分许 被告人   <e1>   关某某   </e1>   至 本区 泗泾镇 横港路 XXX 号景韵 商务酒店 内 将 3.49克 白色晶体 以 人民币 1600 元 的 价格 贩卖 给   <e2>   刘某某   </e2>   后 被告人 关某某 被 公安机关 当场 抓获 经 检验 上述 白色晶体 中 检出 甲基苯丙胺 成分,1
traffic_in,公诉 机关 指控 2014 年 9 月 2 4日 19时 35 分许 被告人 关某某 至 本区 泗泾镇 横港路 XXX 号景韵 商务酒店 内 将 3.49克 白色晶体 以 人民币 1600 元 的 价格 贩卖 给 刘某某 后 被告人   <e1>   关某某   </e1>   被 公安机关 当场 抓获 经 检验 上述 白色晶体 中 检出   <e2>   甲基苯丙胺   </e2>   成分,0
NA,公诉 机关 指控 2014 年 9 月 2 4日 19时 35 分许 被告人 关某某 至 本区 泗泾镇 横港路 XXX 号景韵 商务酒店 内 将 3.49克 白色晶体 以 人民币 1600 元 的 价格 贩卖 给 刘某某 后 被告人   <e1>   关某某   </e1>   被 公安机关 当场 抓获 经 检验 上述 白色晶体 中 检出   <e2>   甲基苯丙胺   </e2>   成分,4
NA,公诉 机关 指控 2014 年 9 月 2 4日 19时 35 分许 被告人 关某某 至 本区 泗泾镇 横港路 XXX 号景韵 商务酒店 内 将   <e1>   3.49克   </e1>   白色晶体 以 人民币 1600 元 的 价格 贩卖 给 刘某某 后 被告人   <e2>   关某某   </e2>   被 公安机关 当场 抓获 经 检验 上述 白色晶体 中 检出 甲基苯丙胺 成分,4
sell_drugs_to,威远县 人民检察院 起诉 指控 2014年10月 29 日 20 时许 吸毒 人员   <e1>   董杨   </e1>     <e2>   曹某某   </e2>   系 曹某某 未 到案 欲 购买 毒品 曹某某 将 一小包 冰毒 交于 被告人 林某某 让 其 交给 董某某 并 收取 250 元毒 资后 林某某 将 毒品 带至 威远县 严陵 镇南 街金浪 网吧 旁一 巷道 内 交给 董某某 收 250 元 现金交易 完成 后 被 公安人员 当场 挡 获 并 在 董某某 身上 查获 疑似 毒品 一小包 重 0.74 克 在 林某某 身上 查获 毒资 250 元 经检测 上述 疑似 毒品 物品 中 含有 甲基苯丙胺 成分,1
traffic_in,威远县 人民检察院 起诉 指控 2014年10月 29 日 20 时许 吸毒 人员 董杨 电话 联系 曹某某 未 到案 欲 购买 毒品   <e1>   曹某某   </e1>   将 一小包   <e2>   冰毒   </e2>   交于 被告人 林某某 让 其 交给 董某某 并 收取 250 元毒 资后 林某某 将 毒品 带至 威远县 严陵 镇南 街金浪 网吧 旁一 巷道 内 交给 董某某 收 250 元 现金交易 完成 后 被 公安人员 当场 挡 获 并 在 董某某 身上 查获 疑似 毒品 一小包 重 0.74 克 在 林某某 身上 查获 毒资 250 元 经检测 上述 疑似 毒品 物品 中 含有 甲基苯丙胺 成分,0
NA,威远县 人民检察院 起诉 指控 2014年10月 29 日 20 时许 吸毒 人员 董杨 电话 联系 曹某某 未 到案 欲 购买 毒品 曹某某 将 一小包 冰毒 交于 被告人 林某某 让 其 交给   <e1>   董某某   </e1>   并 收取 250 元毒 资后 林某某 将 毒品 带至 威远县 严陵 镇南 街金浪 网吧 旁一 巷道 内 交给   <e2>   董某某   </e2>   收 250 元 现金交易 完成 后 被 公安人员 当场 挡 获 并 在 董某某 身上 查获 疑似 毒品 一小包 重 0.74 克 在 林某某 身上 查获 毒资 250 元 经检测 上述 疑似 毒品 物品 中 含有 甲基苯丙胺 成分,4
NA,威远县 人民检察院 起诉 指控 2014年10月 29 日 20 时许 吸毒 人员 董杨 电话 联系 曹某某 未 到案 欲 购买 毒品   <e1>   曹某某   </e1>   将 一小包 冰毒 交于 被告人 林某某 让 其 交给 董某某 并 收取 250 元毒 资后 林某某 将 毒品 带至 威远县 严陵 镇南 街金浪 网吧 旁一 巷道 内 交给   <e2>   董某某   </e2>   收 250 元 现金交易 完成 后 被 公安人员 当场 挡 获 并 在 董某某 身上 查获 疑似 毒品 一小包 重 0.74 克 在 林某某 身上 查获 毒资 250 元 经检测 上述 疑似 毒品 物品 中 含有 甲基苯丙胺 成分,4
provide_shelter_for,经 审理 查明 2015年2月17日18时 许 被告人   <e1>   桂某某   </e1>   在 永州市 零 陵区 路 大酒店 用 自己 的 姓名 开房间 并入 住 后 先后 容留   <e2>   李某   </e2>   韩某某 李某乙 眭某某 邹某某 等 人 在 该 房间内 以 烫 烧 麻古 和 冰毒 的 方式 一同 吸食毒品 2015 年 2 月 1 7日 21 时 20 分 永州市 公安局 零陵 分局 七里 店 派出所 民警 接到 群众 匿名举报 将 被告人 桂某某 及 李某 韩某某 李某乙 眭某某 邹某某 当初 抓获,3
provide_shelter_for,经 审理 查明 2015年2月17日18时 许 被告人   <e1>   桂某某   </e1>   在 永州市 零 陵区 路 大酒店 用 自己 的 姓名 开房间 并入 住 后 先后 容留 李某   <e2>   韩某某   </e2>   李某乙 眭某某 邹某某 等 人 在 该 房间内 以 烫 烧 麻古 和 冰毒 的 方式 一同 吸食毒品 2015 年 2 月 1 7日 21 时 20 分 永州市 公安局 零陵 分局 七里 店 派出所 民警 接到 群众 匿名举报 将 被告人 桂某某 及 李某 韩某某 李某乙 眭某某 邹某某 当初 抓获,3
provide_shelter_for,经 审理 查明 2015年2月17日18时 许 被告人   <e1>   桂某某   </e1>   在 永州市 零 陵区 路 大酒店 用 自己 的 姓名 开房间 并入 住 后 先后 容留 李某 韩某某   <e2>   李某乙   </e2>   眭某某 邹某某 等 人 在 该 房间内 以 烫 烧 麻古 和 冰毒 的 方式 一同 吸食毒品 2015 年 2 月 1 7日 21 时 20 分 永州市 公安局 零陵 分局 七里 店 派出所 民警 接到 群众 匿名举报 将 被告人 桂某某 及 李某 韩某某 李某乙 眭某某 邹某某 当初 抓获,3
provide_shelter_for,经 审理 查明 2015年2月17日18时 许 被告人   <e1>   桂某某   </e1>   在 永州市 零 陵区 路 大酒店 用 自己 的 姓名 开房间 并入 住 后 先后 容留 李某 韩某某 李某乙   <e2>   眭某某   </e2>   邹某某 等 人 在 该 房间内 以 烫 烧 麻古 和 冰毒 的 方式 一同 吸食毒品 2015 年 2 月 1 7日 21 时 20 分 永州市 公安局 零陵 分局 七里 店 派出所 民警 接到 群众 匿名举报 将 被告人 桂某某 及 李某 韩某某 李某乙 眭某某 邹某某 当初 抓获,3
provide_shelter_for,经 审理 查明 2015年2月17日18时 许 被告人   <e1>   桂某某   </e1>   在 永州市 零 陵区 路 大酒店 用 自己 的 姓名 开房间 并入 住 后 先后 容留 李某 韩某某 李某乙 眭某某   <e2>   邹某某   </e2>   等 人 在 该 房间内 以 烫 烧 麻古 和 冰毒 的 方式 一同 吸食毒品 2015 年 2 月 1 7日 21 时 20 分 永州市 公安局 零陵 分局 七里 店 派出所 民警 接到 群众 匿名举报 将 被告人 桂某某 及 李某 韩某某 李某乙 眭某某 邹某某 当初 抓获,3
NA,经 审理 查明 2015年2月17日18时 许 被告人 桂某某 在 永州市 零 陵区 路 大酒店 用 自己 的 姓名 开   <e1>   房间   </e1>   并入 住 后 先后 容留 李某 韩某某   <e2>   眭某某   </e2>   眭某某 邹某某 等 人 在 该 房间内 以 烫 烧 麻古 和 冰毒 的 方式 一同 吸食毒品 2015 年 2 月 1 7日 21 时 20 分 永州市 公安局 零陵 分局 七里 店 派出所 民警 接到 群众 匿名举报 将 被告人 桂某某 及 李某 韩某某 李某乙 眭某某 邹某某 当初 抓获,4
NA,经 审理 查明   <e1>   2015年2月17日18时   </e1>   许 被告人 桂某某 在 永州市 零 陵区 路 大酒店 用 自己 的 姓名 开房间 并入 住 后 先后 容留 李某 韩某某 李某乙 眭某某 邹某某 等 人 在 该 房间内 以 烫   <e2>   冰毒   </e2>   古 和 冰毒 的 方式 一同 吸食毒品 2015 年 2 月 1 7日 21 时 20 分 永州市 公安局 零陵 分局 七里 店 派出所 民警 接到 群众 匿名举报 将 被告人 桂某某 及 李某 韩某某 李某乙 眭某某 邹某某 当初 抓获,4
provide_shelter_for,经 审理 查明 2015年4月一天 被告人   <e1>   吴某某   </e1>   在 本区 南桥镇江海村五星324号暂住处 容留   <e2>   朱某某   </e2>   与其 共同 吸食毒品 甲基苯丙胺 冰毒,3
NA,经 审理 查明   <e1>   2015年4月一天   </e1>   被告人 吴某   <e2>   南桥镇江海村五星324号暂住处   </e2>   号 暂住 处 容留 朱某某 与其 共同 吸食毒品 甲基苯丙胺 冰毒,4
NA,经 审理 查明 2015年4月一天 被告人 吴某某 在 本区   <e1>   南桥镇江海村五星324号暂住处   </e1>   <e2>   朱某某   </e2>   留 朱某某 与其 共同 吸食毒品 甲基苯丙胺 冰毒,4
posess,公诉 机关 指控 2017年3月6日零时 许 被告人 王某 伙同他人 在 武汉市江岸区台北路 城市 快捷酒店 3028 房 某某 毒品 被 巡逻 民警 查获 在 移交 武汉市公安局 江岸区 分局 西马 街 派出所 处理 时 被告人   <e1>   王某   </e1>   欲 将 随身携带 的 7 袋 毒品 疑似 物 丢弃 至 派出所 大厅 被 民警 发现 并 查获 上述 毒品 疑似 物经 鉴定 上述 毒品 疑似 物均 检出 毒品   <e2>   甲基苯丙胺   </e2>   成分 共重 13.35克,2
NA,公诉 机关 指控   <e1>   2017年3月6日零时   </e1>   许 被告人 王某 伙同他人 在 武汉市江岸区台北路 城市 快捷酒店 3028 房 某某 毒品 被 巡逻 民警 查获 在 移交 武汉市公安局 江岸区 分局 西马 街 派出所 处理 时 被告人 王某 欲 将 随身携带 的 7 袋 毒品 疑似 物 丢弃 至 派出所 大厅 被 民警 发现 并 查获 上述 毒品 疑似 物经 鉴定 上述 毒品 疑似 物均 检出 毒品 甲基苯丙胺 成   <e2>   13.35克   </e2>   . 35 克,4
NA,公诉 机关 指控 2017年3月6日零时 许 被告人 王某 伙同他人 在   <e1>   武汉市江岸区台北路   </e1>   城市 快捷酒店 3028 房 某某 毒品 被 巡逻 民警 查获 在 移交 武汉市公安局 江岸区 分局 西马 街 派出所 处理 时   <e2>   王某   </e2>   告人 王某 欲 将 随身携带 的 7 袋 毒品 疑似 物 丢弃 至 派出所 大厅 被 民警 发现 并 查获 上述 毒品 疑似 物经 鉴定 上述 毒品 疑似 物均 检出 毒品 甲基苯丙胺 成分 共重 13.35克,4
posess,武汉市 汉阳区 人民检察院 指控 2011 年 9 月 15 日晚 被告人   <e1>   刘某某   </e1>   驾驶 号牌 为 鄂 m 上海 别克 轿车 行至 武汉 汉 蔡 高速 琴台 收费站 处时 被 公安人员 盘查 抓获 当场 从 其 驾驶 的 车内 搜缴 净重 2 1.84克 的 毒品   <e2>   甲基苯丙胺   </e2>   1 袋,2
NA,武汉市 汉阳区 人民检察院 指控 2011 年 9 月 15 日晚 被告人   <e1>   刘某某   </e1>   驾驶 号牌 为 鄂 m 上海 别克   <e2>   武汉   </e2>   行至 武汉 汉 蔡 高速 琴台 收费站 处时 被 公安人员 盘查 抓获 当场 从 其 驾驶 的 车内 搜缴 净重 2 1.84克 的 毒品 甲基苯丙胺 1 袋,4
NA,武汉市 汉阳区 人民检察院 指控 2011 年 9 月 15 日晚 被告人 刘某某 驾驶 号牌 为 鄂 m 上海 别克 轿车 行至   <e1>   武汉   </e1>   汉 蔡 高速 琴台 收费站 处时 被 公安人员 盘查 抓获 当场 从 其 驾驶 的 车内 搜缴 净重 2 1.84克 的 毒品   <e2>   甲基苯丙胺   </e2>   1 袋,4
sell_drugs_to,经 审理 查明 2013年8月份 的 一天 被告人 周某 和 李某某 在 自家 玩时 二人 提议 由 李某某 出 300 元来 购买 冰毒 吸食 被告人 周某 即 打电话 给 张某某 购买 冰毒 并 叫 其 送来 家中 不久 张某某 另案处理 携带 冰毒 打车 来到 被告人 周某 家 附近 被告人   <e1>   周某   </e1>   用 李某某 的 30   <e2>   张某某   </e2>   从 张某某 处 买来 一小包 冰毒 回到 家中 和 李某某 一同 吸食,1
traffic_in,经 审理 查明 2013年8月份 的 一天 被告人 周某 和 李某某 在 自家 玩时 二人 提议 由 李某某 出 300 元来 购买 冰毒 吸食 被告人 周某 即 打电话 给 张某某 购买 冰毒 并 叫 其 送来 家中 不久 张某某 另案处理 携带 冰毒 打车 来到 被告人 周某 家 附近 被告人 周某 用 李某某 的 300 元 钱 从   <e1>   张某某   </e1>   处 买来 一小包   <e2>   冰毒   </e2>   回到 家中 和 李某某 一同 吸食,0
NA,经 审理 查明 2013年8月份 的 一天 被告人 周某 和 李某某 在 自家 玩时 二人 提议 由 李某某 出 300 元来 购买   <e1>   冰毒   </e1>   吸食 被告人 周某 即 打电话 给 张某某 购买 冰毒 并 叫 其 送来 家中 不久 张某某 另案处理 携带 冰毒 打车 来到 被告人 周某 家 附近 被告   <e2>   李某某   </e2>   用 李某某 的 300 元 钱 从 张某某 处 买来 一小包 冰毒 回到 家中 和 李某某 一同 吸食,4
NA,经 审理 查明 2013年8月份 的 一天 被告人 周某 和 李某某 在 自家 玩时 二人 提议 由 李某某 出 300 元来 购买 冰毒 吸食 被告人 周某 即 打电话 给 张某某 购买 冰毒 并 叫 其 送来 家中 不久 张某某 另案处理 携带 冰毒 打车 来到 被告人   <e1>   周某   </e1>   家 附近 被告人   <e2>   周某   </e2>   用 李某某 的 300 元 钱 从 张某某 处 买来 一小包 冰毒 回到 家中 和 李某某 一同 吸食,4
sell_drugs_to,公诉 机关 指控 2015 年 4 月 2 4日 11 时许   <e1>   骆某某   </e1>     <e2>   沈某   </e2>   告人 沈某 电话 联系 向 其 求购 200 元 的 海洛因 沈某 表示同意 骆某某 随后 将 毒资 210 元 交给 沈某 同日 14 时 30 分许 沈某 从 他人 处 购得 贩卖 所需 的 毒品 后 从中 抠 取 0 . 10克 归 自己 所有 后 将 剩余 的 0.33 克 海洛因 在 沙坪坝区双碑轻轨站附近 交给 骆某某 骆某某 分出 其中 的 0.14 克 海洛因 做为 好处 交给 沈某 交易 完成 后 被 民警 当场 抓获 民警 当场 从 骆某某 和 沈某 身上 查获 毒品,1
traffic_in,公诉 机关 指控 2015 年 4 月 2 4日 11 时许 骆某某 与 被告人   <e1>   沈某   </e1>   电话 联系 向 其 求购 200 元 的   <e2>   海洛因   </e2>   沈某 表示同意 骆某某 随后 将 毒资 210 元 交给 沈某 同日 14 时 30 分许 沈某 从 他人 处 购得 贩卖 所需 的 毒品 后 从中 抠 取 0 . 10克 归 自己 所有 后 将 剩余 的 0.33 克 海洛因 在 沙坪坝区双碑轻轨站附近 交给 骆某某 骆某某 分出 其中 的 0.14 克 海洛因 做为 好处 交给 沈某 交易 完成 后 被 民警 当场 抓获 民警 当场 从 骆某某 和 沈某 身上 查获 毒品,0
NA,公诉 机关 指控 2015 年 4 月 2 4日 11 时许 骆某某 与 被告人 沈某 电话 联系 向 其 求购 200 元 的 海洛因 沈某 表示同意 骆某某 随后 将 毒资 210 元 交给 沈某 同日 14 时 30 分许 沈某 从 他人 处 购得 贩卖 所需 的 毒品 后 从中 抠 取 0 . 10克 归 自己 所有 后 将 剩余 的 0.33 克 海洛因 在   <e1>   沙坪坝区双碑轻轨站附近   </e1>   交给 骆某某 骆某某 分出 其中 的 0.14 克 海洛因 做为 好处 交给 沈某 交易 完成 后 被 民警 当场 抓获 民警 当场 从 骆某某 和   <e2>   沈某   </e2>   身上 查获 毒品,4
NA,公诉 机关 指控 2015 年 4 月 2 4日 11 时许 骆某某 与 被告人 沈某 电话 联系 向 其 求购 200 元 的 海洛因 沈某 表示同意 骆某某 随后 将 毒资 210 元 交给 沈某 同日 14 时 30 分许   <e1>   沈某   </e1>   从 他人 处 购得 贩卖 所需 的 毒品 后 从中 抠 取 0 . 10克 归 自己 所有 后 将 剩余 的 0.33 克 海洛因 在 沙坪坝区 双碑 轻轨站   <e2>   骆某某   </e2>   给 骆某某 骆某某 分出 其中 的 0.14 克 海洛因 做为 好处 交给 沈某 交易 完成 后 被 民警 当场 抓获 民警 当场 从 骆某某 和 沈某 身上 查获 毒品,4
sell_drugs_to,上海市 闸北区 人民检察院 指控 2007年11月6日11时 许 被告人 艾 某某某 某某 某某 与 张某某 另处 电话 约定 交易 毒品 后 二人 按 约定 在 本市 中华 新路 某弄 被告人   <e1>   艾 某某某 某某 某某   </e1>   以 人民币 100 元 将 0.89克 毒品 卖 给   <e2>   张某某   </e2>   时 被 民警 当场 抓获,1
NA,上海市 闸北区 人民检察院 指控   <e1>   2007年11月6日11时   </e1>   许 被告人 艾 某某某 某某 某某 与 张某某 另处 电话 约定 交易 毒品 后 二人 按 约定 在 本市 中华 新路 某弄 被告人 艾 某某某 某某 某某 以 人民币 100 元 将   <e2>   0.89克   </e2>   毒品 卖 给 张某某 时 被 民警 当场 抓获,4
NA,上海市 闸北区 人民检察院 指控 2007年11月6日11时 许 被告人 艾 某某某 某某 某某 与 张某某 另处 电话 约定 交易 毒品 后 二人 按 约定 在 本市 中华 新路 某弄 被告人   <e1>   艾 某某某 某某 某某   </e1>   以 人民币 100 元 将 0.89克   <e2>   张某某   </e2>   给 张某某 时 被 民警 当场 抓获,4
traffic_in,遵义市 红花岗区 人民检察院 指控 2016 年 1 月 10 日 21 时许 被告人   <e1>   吴某某   </e1>   在 遵义市 红花岗区 xx x 其 住处 门口 以 100 元 的 价格 贩卖毒品   <e2>   海洛因   </e2>   一小包 给 唐某某 后 被 公安民警 抓获 当场 收缴 其 贩卖 的 毒品 一小包 及 毒资 100 元经 称量 鉴定 上述 涉案 毒品 共计 净重 0.08克 含有 海洛因 成分,0
sell_drugs_to,遵义市 红花岗区 人民检察院 指控 2016 年 1 月 10 日 21 时许 被告人   <e1>   吴某某   </e1>   在 遵义市 红花岗区 xx x 其 住处 门口 以 100 元 的 价格 贩卖毒品 海洛因 一小包 给   <e2>   唐某某   </e2>   后 被 公安民警 抓获 当场 收缴 其 贩卖 的 毒品 一小包 及 毒资 100 元经 称量 鉴定 上述 涉案 毒品 共计 净重 0.08克 含有 海洛因 成分,1
NA,遵义市 红花岗区 人民检察院 指控 2016 年 1 月 10 日 21 时许 被告人 吴某某 在 遵义市 红花岗区 xx x 其 住处 门口 以 100 元 的 价格 贩卖毒品 海洛因 一小包 给 唐某某 后 被 公安民警 抓获 当场 收缴 其 贩卖 的 毒品 一小包 及 毒资 100 元经 称量 鉴定 上述 涉案 毒品 共计 净重   <e1>   0.08克   </e1>   <e2>   海洛因   </e2>   有 海洛因 成分,4
NA,遵义市 红花岗区 人民检察院 指控 2016 年 1 月 10 日 21 时许 被告人 吴某某 在 遵义市 红花岗区 xx x 其 住处 门口 以 100 元 的 价格 贩卖毒品 海洛因 一小包 给   <e1>   唐某某   </e1>   后 被 公安民警 抓获 当场 收缴 其 贩卖 的 毒品 一小包 及 毒资 100 元经 称量 鉴定 上述 涉案 毒品 共计 净重   <e2>   0.08克   </e2>   含有 海洛因 成分,4
traffic_in,经 审理 查明 被告人   <e1>   肖某   </e1>   于 2015年5月 6 日 14 时许 通过 银行卡 转账 方式 先行 收取 郑某某 购毒款 600 元后 于 同日 20 时许 在 本市 渝中区 新民 街 吉象 宾馆 附近 将 净重 为 1.84克 的 毒品   <e2>   甲基苯丙胺   </e2>   俗称 冰毒 交付给 郑某某 后 被 民警 当场 捉 获 民警 缴获 全部 毒品,0
sell_drugs_to,经 审理 查明 被告人   <e1>   肖某   </e1>   于 2015年5月 6 日 14 时许 通过 银行卡 转账 方式 先行 收取 郑某某 购毒款 600 元后 于 同日 20 时许 在 本市 渝中区 新民 街 吉象 宾馆 附近 将 净重 为 1.84克 的 毒品 甲基苯丙胺 俗称 冰毒 交付给   <e2>   郑某某   </e2>   后 被 民警 当场 捉 获 民警 缴获 全部 毒品,1
NA,经 审理 查明 被告人 肖某 于 2015年5月 6 日 14 时许 通过 银行卡 转账 方式 先行 收取 郑某某 购毒款 600 元后 于 同日 20 时许 在 本市 渝中区 新民 街 吉象 宾馆 附近 将 净重 为   <e1>   1.84克   </e1>   的 毒品 甲基苯丙胺 俗称   <e2>   冰毒   </e2>   交付给 郑某某 后 被 民警 当场 捉 获 民警 缴获 全部 毒品,4
NA,经 审理 查明 被告人   <e1>   肖某   </e1>   于 2015年5月 6 日 14 时许 通过 银行卡 转账 方式 先行 收取 郑某某 购毒款 600 元后 于 同日 20 时许 在 本市 渝中区 新民 街 吉象 宾馆 附近 将 净重 为 1.84克 的 毒品 甲基苯丙胺 俗称   <e2>   冰毒   </e2>   交付给 郑某某 后 被 民警 当场 捉 获 民警 缴获 全部 毒品,4
posess,公诉 机关 指控 2015年3月27日21时 许 南京市 公安局 秦淮 分局 民警 在 本市 秦淮区 岗虹苑 47 号 603 室 被告人   <e1>   左某   </e1>   住处 将 其 抓获 当场 在 其 卧室 床头柜 旁一 紫色 小包 内 查获 3 袋 白色晶体 1 袋 白色 粉末 经 南京市 公安局 物证 鉴定 所 物证 鉴定 上述 白色晶体 和 白色 粉末 共计 净重 10.024克 皆 检出 毒品   <e2>   甲基苯丙胺   </e2>   成分,2
NA,公诉 机关 指控   <e1>   2015年3月27日21时   </e1>   许 南京市 公安局 秦淮 分局 民警 在 本市   <e2>   秦淮区   </e2>   岗虹苑 47 号 603 室 被告人 左某 住处 将 其 抓获 当场 在 其 卧室 床头柜 旁一 紫色 小包 内 查获 3 袋 白色晶体 1 袋 白色 粉末 经 南京市 公安局 物证 鉴定 所 物证 鉴定 上述 白色晶体 和 白色 粉末 共计 净重 10.024克 皆 检出 毒品 甲基苯丙胺 成分,4
NA,公诉 机关 指控 2015年3月27日21时 许 南京市 公安局 秦淮 分局 民警 在 本市 秦淮区 岗虹苑 47 号 603 室 被告人   <e1>   左某   </e1>   住处 将 其 抓获 当场 在 其 卧室 床头柜 旁一 紫色 小包 内 查获 3 袋 白色晶体 1 袋 白色 粉末 经 南京市 公安局 物证 鉴定 所 物证 鉴定 上述 白色晶体 和 白色 粉末 共计 净重   <e2>   10.024克   </e2>   皆 检出 毒品 甲基苯丙胺 成分,4
posess,惠东县 人民检察院 指控 2016年7月2日 20 时许 公安机关 在 惠东县 平 X 街道 景 X 路段 抓获 被告人   <e1>   陈X琪   </e1>   并 当场 在 其 驾驶 的 白色 本田 小汽车 挂牌 粤 Ｂ 上 缴获 毒品   <e2>   氯胺酮   </e2>   0.34克 后 在 其 位于 惠东县 平山 莲花 居委 新华路 78 号 的 住宅 内 缴获 毒品 氯胺酮 162.93 克 含有 氯胺酮 成份 的 液体 1034.45 克及 毒品 甲基苯丙胺 21.74 克,2
NA,惠东县 人民检察院 指控 2016年7月2日 20 时许 公安机关 在 惠东县 平 X 街道 景 X 路段 抓获 被告人 陈X琪 并 当场 在 其 驾驶 的 白色 本田 小汽车 挂牌 粤 Ｂ 上 缴获 毒品 氯胺酮 0.34克 后 在 其 位于 惠东县 平山 莲花 居委   <e1>   新华路   </e1>   78 号 的 住宅 内 缴获 毒品 氯胺酮 162.93 克 含有 氯胺酮 成份 的 液体 1034.45   <e2>   甲基苯丙胺   </e2>   基 苯丙胺 21.74 克,4
NA,惠东县 人民检察院 指控 2016年7月2日 20 时许 公安机关 在 惠东县 平 X 街道 景 X 路段 抓获 被告人 陈X琪 并 当场 在 其 驾驶 的 白色 本田 小汽车 挂牌 粤 Ｂ 上 缴获 毒品 氯胺酮   <e1>   0.34克   </e1>   后 在 其 位于 惠东县 平山 莲花 居委 新华路 78 号 的 住宅 内 缴获 毒品 氯胺酮 162.93 克 含有   <e2>   氯胺酮   </e2>   成份 的 液体 1034.45 克及 毒品 甲基苯丙胺 21.74 克,4
sell_drugs_to,四川省 双流县 人民检察院 起诉 指控 2013 年 2 月 28 日 11 时许 被告人   <e1>   李某某   </e1>   驾车 在 双流县 东升 街办 白鹤 小区 将 净重 0.3克 冰毒 以 200 元 的 价格 贩卖 给   <e2>   邓某   </e2>   被 民警 现场 挡 获 民警 从 邓某 身上 查获 白色晶体 一包 从 被告人 李某某 所 驾驶 的 车上 查获 贩卖毒品 所得 人民币 200 元经 鉴定 从 邓某 身上 查获 的 白色晶体 含有 甲基苯丙胺 成分,1
traffic_in,四川省 双流县 人民检察院 起诉 指控 2013 年 2 月 28 日 11 时许 被告人   <e1>   李某某   </e1>   驾车 在 双流县 东升 街办 白鹤 小区 将 净重 0.3克   <e2>   冰毒   </e2>   以 200 元 的 价格 贩卖 给 邓某 被 民警 现场 挡 获 民警 从 邓某 身上 查获 白色晶体 一包 从 被告人 李某某 所 驾驶 的 车上 查获 贩卖毒品 所得 人民币 200 元经 鉴定 从 邓某 身上 查获 的 白色晶体 含有 甲基苯丙胺 成分,0
NA,四川省 双流县 人民检察院 起诉 指控 2013 年 2 月 28 日 11 时许 被告人 李某某 驾车 在 双流县 东升 街办 白鹤 小区 将 净重 0.3克 冰毒 以 200 元 的 价格 贩卖 给   <e1>   邓某   </e1>   被 民警 现场 挡 获 民警 从 邓某 身上 查获 白色晶体 一包 从 被告人 李某某 所 驾驶 的 车上 查获 贩卖毒品 所得 人民币 200 元经 鉴定 从   <e2>   邓某   </e2>   身上 查获 的 白色晶体 含有 甲基苯丙胺 成分,4
NA,四川省 双流县 人民检察院 起诉 指控 2013 年 2 月 28 日 11 时许 被告人 李某某 驾车 在 双流县 东升 街办 白鹤 小区 将 净重   <e1>   0.3克   </e1>   冰毒 以 200 元 的 价   <e2>   邓某   </e2>   卖 给 邓某 被 民警 现场 挡 获 民警 从 邓某 身上 查获 白色晶体 一包 从 被告人 李某某 所 驾驶 的 车上 查获 贩卖毒品 所得 人民币 200 元经 鉴定 从 邓某 身上 查获 的 白色晶体 含有 甲基苯丙胺 成分,4
sell_drugs_to,经 审理 查明 2015 年 4 月 1 日 15 时许 被告人   <e1>   张某甲   </e1>   在 宁远县舜陵街道办事处帝景湾小区 附近 路旁 贺某甲 的 车上 以 100 元 的 价格 卖 给   <e2>   贺某甲   </e2>   0.73克 甲基苯丙胺 冰毒,1
traffic_in,经 审理 查明 2015 年 4 月 1 日 15 时许 被告人   <e1>   张某甲   </e1>   在 宁远县舜陵街道办事处帝景湾小区 附近 路旁 贺某甲 的 车上 以 100 元 的 价格 卖 给 贺某甲 0.73克   <e2>   甲基苯丙胺   </e2>   冰毒,0
NA,经 审理 查明 2015 年 4 月 1 日 15 时许 被告人 张某甲 在 宁远县舜陵街道办事处帝景湾小区 附近 路旁   <e1>   贺某甲   </e1>   的 车上 以 100 元 的 价格 卖 给 贺某甲 0   <e2>   甲基苯丙胺   </e2>   基 苯丙胺 冰毒,4
NA,经 审理 查明 2015 年 4 月 1 日 15 时许 被告人 张某甲 在   <e1>   宁远县舜陵街道办事处帝景湾小区   </e1>   附近 路旁 贺某甲 的 车上 以 100 元 的 价格 卖 给 贺某甲 0.73克 甲基   <e2>   冰毒   </e2>   胺 冰毒,4
sell_drugs_to,兰州市 西固区 人民检察院 指控 2013年9月4日16时 许 吸毒 人员   <e1>   陈某某   </e1>   在 西固区 福利 西路 山丹 街 什字 附近 偶遇 被告人   <e2>   吴某某   </e2>   便 问 吴某某 有 无毒品 出卖 该 吴称 其 有 两 小包 毒品 价格 为 100 元 陈某某 便 将 100 元 钱 交给 吴某某 吴某某 将 两 小包 毒品 交给 陈某某 交易 后 二人 被 公安人员 抓获 并 当场 从 陈某某 身上 提取 到 毒品 两小 纸包 从 吴某某 身上 提取 到 毒资 100 元经 兰州市 西固区 公安 司法鉴定 中心 鉴定 提取 的 毒品 净重 分别 为 0.04克 0.03克 从中 均 检出 海洛因 成份 公诉 机关 认为 被告人 吴某某 的 行为 已 构成 贩卖毒品 罪 建议 本院 对 被告人 处以 1 年 以下 有期徒刑 并 处罚金,1
traffic_in,兰州市 西固区 人民检察院 指控 2013年9月4日16时 许 吸毒 人员 陈某某 在 西固区 福利 西路 山丹 街 什字 附近 偶遇 被告人 吴某某 便 问 吴某某 有 无毒品 出卖 该 吴称 其 有 两 小包 毒品 价格 为 100 元 陈某某 便 将 100 元 钱 交给 吴某某 吴某某 将 两 小包 毒品 交给 陈某某 交易 后 二人 被 公安人员 抓获 并 当场 从 陈某某 身上 提取 到 毒品 两小 纸包 从   <e1>   吴某某   </e1>   身上 提取 到 毒资 100 元经 兰州市 西固区 公安 司法鉴定 中心 鉴定 提取 的 毒品 净重 分别 为 0.04克 0.03克 从中 均 检出   <e2>   海洛因   </e2>   成份 公诉 机关 认为 被告人 吴某某 的 行为 已 构成 贩卖毒品 罪 建议 本院 对 被告人 处以 1 年 以下 有期徒刑 并 处罚金,0
NA,兰州市 西固区 人民检察院 指控 2013年9月4日16时 许 吸毒 人员 陈某某 在 西固区 福利 西路 山丹 街 什字 附近 偶遇 被告人 吴某某 便 问   <e1>   吴某某   </e1>   有 无毒品 出卖 该 吴称 其 有 两 小包 毒品 价格 为 100 元 陈某某 便 将 100   <e2>   吴某某   </e2>   给 吴某某 吴某某 将 两 小包 毒品 交给 陈某某 交易 后 二人 被 公安人员 抓获 并 当场 从 陈某某 身上 提取 到 毒品 两小 纸包 从 吴某某 身上 提取 到 毒资 100 元经 兰州市 西固区 公安 司法鉴定 中心 鉴定 提取 的 毒品 净重 分别 为 0.04克 0.03克 从中 均 检出 海洛因 成份 公诉 机关 认为 被告人 吴某某 的 行为 已 构成 贩卖毒品 罪 建议 本院 对 被告人 处以 1 年 以下 有期徒刑 并 处罚金,4
NA,兰州市 西固区 人民检察院 指控   <e1>   2013年9月4日16时   </e1>   许 吸毒 人员 陈某某 在 西固区 福利 西路 山丹 街 什字 附近 偶遇 被告人 吴某某 便 问 吴某某 有 无毒品 出卖 该 吴称 其 有 两 小包 毒品 价格 为 100 元 陈某某 便 将 100 元 钱 交给 吴某某 吴某某 将 两 小包 毒品 交给 陈某某 交易 后 二人 被 公安人员 抓获 并 当场 从 陈某某 身上 提取 到 毒品 两小 纸包 从   <e2>   吴某某   </e2>   身上 提取 到 毒资 100 元经 兰州市 西固区 公安 司法鉴定 中心 鉴定 提取 的 毒品 净重 分别 为 0.04克 0.03克 从中 均 检出 海洛因 成份 公诉 机关 认为 被告人 吴某某 的 行为 已 构成 贩卖毒品 罪 建议 本院 对 被告人 处以 1 年 以下 有期徒刑 并 处罚金,4
sell_drugs_to,公诉 机关 指控 2014年9月16日12时 许在 桑植县 洪家 关乡 泉峪村 去往 桥 自湾 乡 的 公路 边 被告人   <e1>   皮某   </e1>   在 面包车 内 给   <e2>   向某甲   </e2>   谷某甲 贩卖 海洛因 一小包 凉水 口 派出所 民警 将 皮某 现场 抓获 查获 毒品 疑似 物 白色晶体 一包 和 白色 粉末 三包 经 张家界市 公安局 刑科 所 鉴定 在 白色晶体 中 检测 出 甲基苯丙胺 成分 净重 0.1克 在 三包 白色 粉末 中均 检出 海洛因 成分 毛重 0.28克,1
sell_drugs_to,公诉 机关 指控 2014年9月16日12时 许在 桑植县 洪家 关乡 泉峪村 去往 桥 自湾 乡 的 公路 边 被告人   <e1>   皮某   </e1>   在 面包车 内 给 向某甲   <e2>   谷某甲   </e2>   贩卖 海洛因 一小包 凉水 口 派出所 民警 将 皮某 现场 抓获 查获 毒品 疑似 物 白色晶体 一包 和 白色 粉末 三包 经 张家界市 公安局 刑科 所 鉴定 在 白色晶体 中 检测 出 甲基苯丙胺 成分 净重 0.1克 在 三包 白色 粉末 中均 检出 海洛因 成分 毛重 0.28克,1
traffic_in,公诉 机关 指控 2014年9月16日12时 许在 桑植县 洪家 关乡 泉峪村 去往 桥 自湾 乡 的 公路 边 被告人   <e1>   皮某   </e1>   在 面包车 内 给 向某甲 谷某甲 贩卖   <e2>   海洛因   </e2>   一小包 凉水 口 派出所 民警 将 皮某 现场 抓获 查获 毒品 疑似 物 白色晶体 一包 和 白色 粉末 三包 经 张家界市 公安局 刑科 所 鉴定 在 白色晶体 中 检测 出 甲基苯丙胺 成分 净重 0.1克 在 三包 白色 粉末 中均 检出 海洛因 成分 毛重 0.28克,0
NA,公诉 机关 指控 2014年9月16日12时 许在 桑植县 洪家 关乡 泉峪村 去往 桥 自湾 乡 的 公路 边 被告人 皮某 在 面包车 内 给 向某甲 谷某甲 贩卖 海洛因 一小包 凉水 口 派出所 民警 将   <e1>   皮某   </e1>   现场 抓获 查获 毒品 疑似 物 白色晶体 一包 和 白色 粉末 三包 经 张家界市 公安局 刑科 所 鉴定 在 白色晶体 中 检测 出 甲基苯丙胺 成分 净重 0.1克 在 三包 白色 粉末 中均 检出 海洛因 成分 毛重   <e2>   0.28克   </e2>  ,4
NA,公诉 机关 指控   <e1>   2014年9月16日12时   </e1>   许在 桑植县 洪家 关乡 泉峪村 去往 桥 自湾 乡 的 公路 边   <e2>   皮某   </e2>   告人 皮某 在 面包车 内 给 向某甲 谷某甲 贩卖 海洛因 一小包 凉水 口 派出所 民警 将 皮某 现场 抓获 查获 毒品 疑似 物 白色晶体 一包 和 白色 粉末 三包 经 张家界市 公安局 刑科 所 鉴定 在 白色晶体 中 检测 出 甲基苯丙胺 成分 净重 0.1克 在 三包 白色 粉末 中均 检出 海洛因 成分 毛重 0.28克,4
sell_drugs_to,公诉 机关 指控 2013 年 2 月 28 日 凌晨 被告人   <e1>   黄某   </e1>   在 淳安县 千岛湖 镇 龙门路 60 弄 6 号龙苑 503 室内 将 约 0.2克 的 冰毒 以 300 元 的 价格 卖 给   <e2>   余某某   </e2>  ,1
traffic_in,公诉 机关 指控 2013 年 2 月 28 日 凌晨 被告人   <e1>   黄某   </e1>   在 淳安县 千岛湖 镇 龙门路 60 弄 6 号龙苑 503 室内 将 约 0.2克 的   <e2>   冰毒   </e2>   以 300 元 的 价格 卖 给 余某某,0
NA,公诉 机关 指控 2013 年 2 月 28 日 凌晨 被告人   <e1>   黄某   </e1>   在 淳安县 千岛湖 镇 龙门路 60 弄 6 号龙苑 503 室内 将 约 0.2克 的 冰毒 以 300 元 的 价格 卖 给   <e2>   余某某   </e2>  ,4
NA,公诉 机关 指控 2013 年 2 月 28 日 凌晨 被告人   <e1>   黄某   </e1>   在 淳安县 千岛湖 镇 龙门路 60 弄 6 号龙苑 503 室内 将 约   <e2>   0.2克   </e2>   的 冰毒 以 300 元 的 价格 卖 给 余某某,4
posess,公诉 机关 指控 并经 审理 查明 2013年10月6日15时 许 被告人 杨 在 北京市 大兴区 黄村镇 刘村 西侧 加油站 附近 因 形迹可疑 被 民警 检查 民警 在 其 驾驶 的 车内 查获 挎包 一个 被告人 杨即 驾车 逃跑 民警 从 查获 的 挎包 内 提取 被告人   <e1>   杨   </e1>   身份证 及 21 包 可疑 白色晶体 等 物经 鉴定 上述 被 公安民警 查获 21 包 可疑 白色晶体 为   <e2>   甲基苯丙胺   </e2>   类 毒品 30.93克 已 被 公安机关 收缴 后 被告人 杨于 2013年11月23日 被 抓获归案 其 到案 后 如实 供述 了 自己 非法 持有 上述 毒品 的 事实,2
NA,公诉 机关 指控 并经 审理 查明   <e1>   2013年10月6日15时   </e1>   许 被告人 杨 在 北京市 大兴区 黄村镇 刘村 西侧 加油站 附近 因 形迹可疑 被 民警 检查 民警 在 其 驾驶 的 车内 查获 挎包 一个 被告人 杨即 驾车 逃跑 民警 从 查获 的 挎包 内 提取 被告人 杨 身份证 及 21 包 可疑 白色晶体 等 物经 鉴定 上述 被 公安民警 查获 21 包 可疑 白色晶体 为 甲基苯丙胺类毒品 30.93克 已 被 公安机关 收缴 后 被告人 杨于   <e2>   2013年11月23日   </e2>   被 抓获归案 其 到案 后 如实 供述 了 自己 非法 持有 上述 毒品 的 事实,4
NA,公诉 机关 指控 并经 审理 查明 2013年10月6日15时 许 被告人   <e1>   杨   </e1>   在 北京市 大兴区 黄村镇 刘村 西侧 加油站 附近 因 形迹可疑 被 民警 检查 民警 在 其 驾驶 的 车内 查获 挎包 一个 被告人 杨即 驾车 逃跑 民警 从 查获 的 挎包 内 提取 被告人 杨 身份证 及 21 包 可疑 白色晶体 等 物经 鉴定 上述 被 公安民警 查获 21 包 可疑 白色晶体 为 甲基 苯丙   <e2>   30.93克   </e2>   . 93 克 已 被 公安机关 收缴 后 被告人 杨于 2013年11月23日 被 抓获归案 其 到案 后 如实 供述 了 自己 非法 持有 上述 毒品 的 事实,4
sell_drugs_to,安顺市 西秀区 人民检察院 指控 一 2015 年 8 月 25 日 15 时许 吸毒 人员   <e1>   汪某   </e1>   打电话   <e2>   肖某某   </e2>   人 肖某某 购买 100 元 钱 的 毒品 海洛因 肖某某 同意 后 要求 汪某 到 南马大道花园街 进行 毒品 交易 汪某 到达 南马大道花园街 与 肖某某 进行 毒品 交易 后 二人 被 公安民警 抓获 当场 查获 毒品 海洛因 0.1克 毒资 100 元,1
traffic_in,安顺市 西秀区 人民检察院 指控 一 2015 年 8 月 25 日 15 时许 吸毒 人员 汪某 打电话 向 被告人   <e1>   肖某某   </e1>   购买 100 元 钱 的 毒品   <e2>   海洛因   </e2>   肖某某 同意 后 要求 汪某 到 南马大道花园街 进行 毒品 交易 汪某 到达 南马大道花园街 与 肖某某 进行 毒品 交易 后 二人 被 公安民警 抓获 当场 查获 毒品 海洛因 0.1克 毒资 100 元,0
NA,安顺市 西秀区 人民检察院 指控 一 2015 年 8 月 25 日 15 时许 吸毒 人员 汪某 打电话 向 被告人 肖某某 购买 100 元 钱 的 毒品 海洛因 肖某某 同意 后 要求   <e1>   汪某   </e1>   到 南马大道花园街 进行 毒品 交易   <e2>   南马大道花园街   </e2>   道 花园街 与 肖某某 进行 毒品 交易 后 二人 被 公安民警 抓获 当场 查获 毒品 海洛因 0.1克 毒资 100 元,4
NA,安顺市 西秀区 人民检察院 指控 一 2015 年 8 月 25 日 15 时许 吸毒 人员 汪某 打电话 向 被告人 肖某某 购买 100 元 钱 的 毒品   <e1>   海洛因   </e1>   肖某某 同意 后 要求 汪某 到 南马大道花园街 进行 毒   <e2>   汪某   </e2>   易 汪某 到达 南马大道花园街 与 肖某某 进行 毒品 交易 后 二人 被 公安民警 抓获 当场 查获 毒品 海洛因 0.1克 毒资 100 元,4
posess,经 审理 查明 2013年3月 28 日晚 被告人 姚某某 在 上海市浦东新区 北艾路 1660 弄 23 号 1202 室内 吸食毒品 被 民警 抓获 嗣后 民警 在   <e1>   姚某某   </e1>   的 牌号 为 沪 F26572 轿车 的 正副 驾驶 座位 之间 储物格 内 查获 白色晶体 54.38克 经 上海市 毒品 检验 中心 检验 上述 白色晶体 中均 检出   <e2>   甲基苯丙胺   </e2>   成分,2
NA,经 审理 查明 2013年3月 28 日晚 被告人   <e1>   姚某某   </e1>   在 上海市浦东新区 北艾路 1660 弄 23 号 1202 室内 吸食毒品 被 民警 抓获 嗣后 民警 在 姚某某 的 牌号 为 沪 F26572 轿车 的 正副 驾驶 座位 之间 储物格 内 查获 白色晶体   <e2>   54.38克   </e2>   经 上海市 毒品 检验 中心 检验 上述 白色晶体 中均 检出 甲基苯丙胺 成分,4
NA,经 审理 查明 2013年3月 28 日晚 被告人 姚某某 在 上海市浦东新区 北艾路 1660 弄 23 号 1202 室内 吸食毒品 被 民警 抓获   <e1>   嗣后   </e1>   民警 在 姚某某 的 牌号 为 沪 F26572 轿车 的 正副 驾驶 座位 之间 储物格 内 查获 白色晶体 54.38克 经 上海市 毒品 检验 中心 检验 上述 白色晶体   <e2>   甲基苯丙胺   </e2>   基 苯丙胺 成分,4
posess,浙江省 宁波市 海曙区 人民检察院 指控 2014 年 11月 5 日 凌晨 被告人   <e1>   朱某   </e1>   吸食毒品 后 从 本市 鄞州区 邱隘 镇 出发 沿 高速公路 驾车 行驶 至 本市 海曙区 段塘 出口处 时因 形迹可疑 被 民警 拦获 民警 当场 从 其 上衣 口袋 内 查获   <e2>   甲基苯丙胺   </e2>   冰毒 二 包重 16.0344 克,2
NA,浙江省 宁波市 海曙区 人民检察院 指控 2014 年 11月 5 日 凌晨 被告人   <e1>   朱某   </e1>   吸食毒品 后 从 本市 鄞州区 邱隘 镇 出发 沿 高速公路 驾车 行驶 至 本市 海曙区 段塘 出口处 时因 形迹可疑 被 民警 拦获 民警 当场 从 其 上衣 口袋 内 查获 甲基   <e2>   冰毒   </e2>   胺 冰毒 二 包重 16.0344 克,4
NA,浙江省 宁波市 海曙区 人民检察院 指控 2014 年 11月 5 日 凌晨 被告人 朱某 吸食毒品 后 从 本市 鄞州区 邱隘 镇 出发 沿 高速公路 驾车 行驶 至 本市 海曙区 段塘 出口处 时因 形迹可疑 被 民警 拦获 民警 当场 从 其 上衣 口袋 内 查获   <e1>   甲基苯丙胺   < / e   <e2>   冰毒   </e2>     冰毒 二 包重 16.0344 克,4
sell_drugs_to,东兴市 人民检察院 指控 2012年8月23日凌晨1时 许 被告人   <e1>   韦XX   </e1>   接到 购毒 人员   <e2>   梁XX   </e2>   要求 购买 200 元 毒品 K粉 的 电话 约定 在 东兴市东兴镇新华路福满楼KTV 进行 交易 当日 凌晨 2 时许 被告人 韦XX 驾驶 车牌号 为桂 P XX XX 的 面包车 来到 福满楼 KTV 门口 与 梁XX 进行 交易 完后 被 民警 当场 抓获 从 梁德伟 身上 搜出 一包 可疑 毒品 K粉 从 韦XX 身上 搜出 两包 可疑 毒品 K粉 在 韦XX 驾驶 的 面包车 里 搜出 一包 可疑 毒品 K粉 经 称量 四包 可疑 毒品 K粉 净重 25.5 克经 刑事 科学技术 检验 从 缴获 的 可疑 毒品 中 检出 氯胺酮 公诉 机关 认为 被告人 韦XX 违反 国家 毒品 管理 法规 贩卖毒品 氯胺酮 其 行为 已触犯 了 中华人民共和国 刑法 第三 百 四十七 条 的 规定 应当 以 贩卖毒品 罪 追究其 刑事责任,1
traffic_in,东兴市 人民检察院 指控 2012年8月23日凌晨1时 许 被告人   <e1>   韦XX   </e1>   接到 购毒 人员 梁XX 要求 购买 200 元 毒品   <e2>   K粉   </e2>   的 电话 约定 在 东兴市东兴镇新华路福满楼KTV 进行 交易 当日 凌晨 2 时许 被告人 韦XX 驾驶 车牌号 为桂 P XX XX 的 面包车 来到 福满楼 KTV 门口 与 梁XX 进行 交易 完后 被 民警 当场 抓获 从 梁德伟 身上 搜出 一包 可疑 毒品 K粉 从 韦XX 身上 搜出 两包 可疑 毒品 K粉 在 韦XX 驾驶 的 面包车 里 搜出 一包 可疑 毒品 K粉 经 称量 四包 可疑 毒品 K粉 净重 25.5 克经 刑事 科学技术 检验 从 缴获 的 可疑 毒品 中 检出 氯胺酮 公诉 机关 认为 被告人 韦XX 违反 国家 毒品 管理 法规 贩卖毒品 氯胺酮 其 行为 已触犯 了 中华人民共和国 刑法 第三 百 四十七 条 的 规定 应当 以 贩卖毒品 罪 追究其 刑事责任,0
traffic_in,东兴市 人民检察院 指控 2012年8月23日凌晨1时 许 被告人 韦XX 接到 购毒 人员 梁XX 要求 购买 200 元 毒品 K粉 的 电话 约定 在 东兴市东兴镇新华路福满楼KTV 进行 交易 当日 凌晨 2 时许 被告人 韦XX 驾驶 车牌号 为桂 P XX XX 的 面包车 来到 福满楼 KTV 门口 与 梁XX 进行 交易 完后 被 民警 当场 抓获 从 梁德伟 身上 搜出 一包 可疑 毒品 K粉 从 韦XX 身上 搜出 两包 可疑 毒品 K粉 在 韦XX 驾驶 的 面包车 里 搜出 一包 可疑 毒品 K粉 经 称量 四包 可疑 毒品 K粉 净重 25.5 克经 刑事 科学技术 检验 从 缴获 的 可疑 毒品 中 检出 氯胺酮 公诉 机关 认为 被告人   <e1>   韦XX   </e1>   违反 国家 毒品 管理 法规 贩卖毒品   <e2>   氯胺酮   </e2>   其 行为 已触犯 了 中华人民共和国 刑法 第三 百 四十七 条 的 规定 应当 以 贩卖毒品 罪 追究其 刑事责任,0
NA,东兴市 人民检察院 指控   <e1>   2012年8月23日凌晨1时   </e1>   许 被告人 韦XX 接到 购毒 人员 梁XX 要求 购买 200 元 毒品 K粉 的 电话 约定 在 东兴市东兴镇新华路福满楼KTV 进行 交易 当日 凌晨 2 时许   <e2>   韦XX   </e2>   人 韦XX 驾驶 车牌号 为桂 P XX XX 的 面包车 来到 福满楼 KTV 门口 与 梁XX 进行 交易 完后 被 民警 当场 抓获 从 梁德伟 身上 搜出 一包 可疑 毒品 K粉 从 韦XX 身上 搜出 两包 可疑 毒品 K粉 在 韦XX 驾驶 的 面包车 里 搜出 一包 可疑 毒品 K粉 经 称量 四包 可疑 毒品 K粉 净重 25.5 克经 刑事 科学技术 检验 从 缴获 的 可疑 毒品 中 检出 氯胺酮 公诉 机关 认为 被告人 韦XX 违反 国家 毒品 管理 法规 贩卖毒品 氯胺酮 其 行为 已触犯 了 中华人民共和国 刑法 第三 百 四十七 条 的 规定 应当 以 贩卖毒品 罪 追究其 刑事责任,4
NA,东兴市 人民检察院 指控 2012年8月23日凌晨1时 许 被告人 韦XX 接到 购毒 人员 梁XX 要求 购买 200 元 毒品 K粉 的 电话 约定 在   <e1>   东兴市东兴镇新华路福满楼KTV   </e1>   进行 交易 当日 凌晨 2 时许 被告人 韦XX 驾驶 车牌号 为桂 P XX XX 的 面包车 来到 福满楼 KT   <e2>   梁XX   </e2>   与 梁XX 进行 交易 完后 被 民警 当场 抓获 从 梁德伟 身上 搜出 一包 可疑 毒品 K粉 从 韦XX 身上 搜出 两包 可疑 毒品 K粉 在 韦XX 驾驶 的 面包车 里 搜出 一包 可疑 毒品 K粉 经 称量 四包 可疑 毒品 K粉 净重 25.5 克经 刑事 科学技术 检验 从 缴获 的 可疑 毒品 中 检出 氯胺酮 公诉 机关 认为 被告人 韦XX 违反 国家 毒品 管理 法规 贩卖毒品 氯胺酮 其 行为 已触犯 了 中华人民共和国 刑法 第三 百 四十七 条 的 规定 应当 以 贩卖毒品 罪 追究其 刑事责任,4
sell_drugs_to,三穗县 人民检察院 指控 2015 年 2 月 至 3 月 被告人   <e1>   莫某某   </e1>   在 其 家中 多次 贩卖毒品 海洛因 给   <e2>   王某   </e2>   吸食 2015 年 4 月份 莫某某 在 其 家中 贩卖毒品 海洛因 零包 一个 给 谢某林 谢某林 用 越南 币 1 万元 向 莫某某 抵毒资 2015年5月 初 莫某某 在 其 家中 贩卖毒品 海洛因 零包 一个 给 周某 吸食 获毒资 30 元,1
traffic_in,三穗县 人民检察院 指控 2015 年 2 月 至 3 月 被告人   <e1>   莫某某   </e1>   在 其 家中 多次 贩卖毒品   <e2>   海洛因   </e2>   给 王某 吸食 2015 年 4 月份 莫某某 在 其 家中 贩卖毒品 海洛因 零包 一个 给 谢某林 谢某林 用 越南 币 1 万元 向 莫某某 抵毒资 2015年5月 初 莫某某 在 其 家中 贩卖毒品 海洛因 零包 一个 给 周某 吸食 获毒资 30 元,0
sell_drugs_to,三穗县 人民检察院 指控 2015 年 2 月 至 3 月 被告人 莫某某 在 其 家中 多次 贩卖毒品 海洛因 给 王某 吸食 2015 年 4 月份   <e1>   莫某某   </e1>   在 其 家中 贩卖毒品 海洛因 零包 一个 给   <e2>   谢某林   </e2>   谢某林 用 越南 币 1 万元 向 莫某某 抵毒资 2015年5月 初 莫某某 在 其 家中 贩卖毒品 海洛因 零包 一个 给 周某 吸食 获毒资 30 元,1
sell_drugs_to,三穗县 人民检察院 指控 2015 年 2 月 至 3 月 被告人 莫某某 在 其 家中 多次 贩卖毒品 海洛因 给 王某 吸食 2015 年 4 月份 莫某某 在 其 家中 贩卖毒品 海洛因 零包 一个 给 谢某林 谢某林 用 越南 币 1 万元 向 莫某某 抵毒资 2015年5月 初   <e1>   莫某某   </e1>   在 其 家中 贩卖毒品 海洛因 零包 一个 给   <e2>   周某   </e2>   吸食 获毒资 30 元,1
NA,三穗县 人民检察院 指控 2015 年 2 月 至 3 月 被告人 莫某某 在 其 家中 多次 贩卖毒品 海洛因 给   <e1>   王某   </e1>   吸食 2015 年 4 月份 莫某某 在 其 家中 贩卖毒品 海洛因 零包 一个 给 谢某林 谢某林 用 越南 币   <e2>   莫某某   </e2>   向 莫某某 抵毒资 2015年5月 初 莫某某 在 其 家中 贩卖毒品 海洛因 零包 一个 给 周某 吸食 获毒资 30 元,4
NA,三穗县 人民检察院 指控 2015 年 2 月 至 3 月 被告人 莫某某 在 其 家中 多次 贩卖毒品 海洛因 给   <e1>   王某   </e1>   吸食 2015 年 4 月份 莫某某 在 其 家中 贩卖毒品 海洛因 零包 一个 给 谢某林 谢某林 用 越南 币 1 万元 向 莫某某 抵毒资 2015年5月 初 莫某某 在 其 家中 贩卖毒品 海洛因 零   <e2>   周某   </e2>   个 给 周某 吸食 获毒资 30 元,4
sell_drugs_to,宜城市 人民检察院 指控 2015 年 3 月 被告人   <e1>   肖某   </e1>   先   <e2>   李某   </e2>   次 从 李某 另案处理 处 购得 两千元 的 甲基苯丙胺 俗称 冰毒 藏匿于 宜城市 鄢城 办事处 汉江 路 社区 其 租住 的 房间内 用于 自己 平时 吸食 2015 年 3 月 1 7日 15 时许 公安机关 在 肖某 租住 房屋内 将 其 抓获 并 现场 搜出 甲基苯丙胺 及 甲基苯丙胺片剂 俗称 麻古 共计 14.9克 经 襄阳 市 公安局 司法鉴定 中心 鉴定 均 检出 甲基苯丙胺 成份,1
traffic_in,宜城市 人民检察院 指控 2015 年 3 月 被告人 肖某 先后 两次 从   <e1>   李某   </e1>   另案处理 处 购得 两千元 的   <e2>   甲基苯丙胺   </e2>   俗称 冰毒 藏匿于 宜城市 鄢城 办事处 汉江 路 社区 其 租住 的 房间内 用于 自己 平时 吸食 2015 年 3 月 1 7日 15 时许 公安机关 在 肖某 租住 房屋内 将 其 抓获 并 现场 搜出 甲基苯丙胺 及 甲基苯丙胺片剂 俗称 麻古 共计 14.9克 经 襄阳 市 公安局 司法鉴定 中心 鉴定 均 检出 甲基苯丙胺 成份,0
NA,宜城市 人民检察院 指控 2015 年 3 月 被告人   <e1>   肖某   </e1>   先后 两次 从 李某 另案处理 处 购得 两千元 的 甲基苯丙胺 俗称 冰毒 藏匿于 宜城市 鄢城 办事处 汉江 路 社区 其 租住 的 房间内 用于 自己 平时 吸食 2015 年 3 月 1 7日 15 时许 公安机关 在 肖某 租住 房屋内 将 其 抓获 并 现场 搜出 甲基苯丙胺 及 甲基苯丙胺片剂 俗称 麻古 共计   <e2>   14.9克   </e2>   经 襄阳 市 公安局 司法鉴定 中心 鉴定 均 检出 甲基苯丙胺 成份,4
NA,宜城市 人民检察院 指控 2015 年 3 月 被告人 肖某 先后 两次 从 李某 另案处理 处 购得 两千元 的 甲基苯丙胺 俗称 冰毒 藏匿于 宜城市 鄢城 办事处 汉江 路 社区 其 租住 的 房间内 用于 自己 平时 吸食 2015 年 3 月 1 7日 15 时许 公安机关 在   <e1>   肖某   </e1>   租住 房屋内 将 其 抓获 并 现场 搜出 甲基苯丙胺 及 甲基苯丙胺片剂 俗称 麻古 共计 14.9克 经 襄阳 市 公安局 司法鉴定 中心 鉴定 均 检出   <e2>   甲基苯丙胺   </e2>   成份,4
sell_drugs_to,上海市 闸北区 人民检察院 指控 被告人   <e1>   玛某某某某   </e1>   于 2010 年 7 月 18 日晚 7 时 30 分许 在 本市 沪 太路 新村 路 东侧 以 人民币 100 元 的 价格 将 0.39克 毒品 海洛因 贩卖 给   <e2>   李某   </e2>   后 被 公安人员 人赃俱获,1
traffic_in,上海市 闸北区 人民检察院 指控 被告人   <e1>   玛某某某某   </e1>   于 2010 年 7 月 18 日晚 7 时 30 分许 在 本市 沪 太路 新村 路 东侧 以 人民币 100 元 的 价格 将 0.39克 毒品   <e2>   海洛因   </e2>   贩卖 给 李某 后 被 公安人员 人赃俱获,0
NA,上海市 闸北区 人民检察院 指控 被告人   <e1>   玛某某某某   </e1>   于 2010 年 7 月 18 日晚 7 时 30 分许 在 本市 沪 太路 新村 路 东侧 以 人民币 100 元 的 价格 将 0.3   <e2>   海洛因   </e2>   品 海洛因 贩卖 给 李某 后 被 公安人员 人赃俱获,4
NA,上海市 闸北区 人民检察院 指控 被告人 玛某某某某 于 2010 年 7 月 18 日晚 7 时 30 分许 在 本市 沪 太路 新村 路 东侧 以 人民币 100 元 的 价格 将   <e1>   0.39克   </e1>   毒品 海洛因 贩卖 给   <e2>   李某   </e2>   后 被 公安人员 人赃俱获,4
sell_drugs_to,公诉 机关 指控 2013年3月 1 4日 21 时许 被告人   <e1>   夏某某   </e1>   与 吸毒 人员   <e2>   方某某   </e2>   在 本市 德吉北路边防大厦门口 进行 毒品 交易 交易 完毕 后 二人 准备 离开 时 被 公安机关 抓获 当场 从 被告人 夏某某 处 搜出 贩卖毒品 所得 毒资 600 元 从 吸毒 人员 方某某 处 缴获 从 被告人 夏某某 处 购买 的 装 在 云烟 烟盒 内 的 白色晶体 状 可疑 物 一包 经 鉴定 可疑 物 含有 甲基苯丙胺 成分 净重 0.2756克 公诉 机关 认为 被告人 的 行为 已触犯 中华人民共和国 刑法 第三 百 四十七 条 第四款 之 规定 构成 贩卖毒品 罪 建议 法庭 判处 被告人 有期徒刑 六个月 至 一年 六个月 并处 相应 的 罚金,1
traffic_in,公诉 机关 指控 2013年3月 1 4日 21 时许 被告人 夏某某 与 吸毒 人员 方某某 在 本市 德吉北路边防大厦门口 进行 毒品 交易 交易 完毕 后 二人 准备 离开 时 被 公安机关 抓获 当场 从 被告人 夏某某 处 搜出 贩卖毒品 所得 毒资 600 元 从 吸毒 人员 方某某 处 缴获 从 被告人   <e1>   夏某某   </e1>   处 购买 的 装 在 云烟 烟盒 内 的 白色晶体 状 可疑 物 一包 经 鉴定 可疑 物 含有   <e2>   甲基苯丙胺   </e2>   成分 净重 0.2756克 公诉 机关 认为 被告人 的 行为 已触犯 中华人民共和国 刑法 第三 百 四十七 条 第四款 之 规定 构成 贩卖毒品 罪 建议 法庭 判处 被告人 有期徒刑 六个月 至 一年 六个月 并处 相应 的 罚金,0
NA,公诉 机关 指控 2013年3月 1 4日 21 时许 被告人 夏某某 与 吸毒 人员 方某某 在 本市   <e1>   德吉北路边防大厦门口   </e1>   进行 毒品 交易 交易 完毕 后 二人 准备 离开 时 被 公安机关 抓获 当场 从 被告人 夏某某 处 搜出 贩卖毒品 所得 毒资 600 元 从 吸毒 人员 方某某 处 缴获 从 被告人 夏某某 处 购买 的 装 在 云烟 烟盒 内 的 白色晶体 状 可疑 物 一包 经 鉴定 可疑 物 含有 甲基苯丙胺 成   <e2>   0.2756克   </e2>   75 6克 公诉 机关 认为 被告人 的 行为 已触犯 中华人民共和国 刑法 第三 百 四十七 条 第四款 之 规定 构成 贩卖毒品 罪 建议 法庭 判处 被告人 有期徒刑 六个月 至 一年 六个月 并处 相应 的 罚金,4
NA,公诉 机关 指控 2013年3月 1 4日 21 时许 被告人 夏某某 与 吸毒 人员 方某某 在 本市 德吉北路边防大厦门口 进行 毒品 交易 交易 完毕 后 二人 准备 离开 时 被 公安机关 抓获 当场 从 被告人   <e1>   夏某某   </e1>   处 搜出 贩卖毒品 所得 毒资 600 元 从 吸毒 人员 方某某 处 缴获 从 被告人   <e2>   夏某某   </e2>   处 购买 的 装 在 云烟 烟盒 内 的 白色晶体 状 可疑 物 一包 经 鉴定 可疑 物 含有 甲基苯丙胺 成分 净重 0.2756克 公诉 机关 认为 被告人 的 行为 已触犯 中华人民共和国 刑法 第三 百 四十七 条 第四款 之 规定 构成 贩卖毒品 罪 建议 法庭 判处 被告人 有期徒刑 六个月 至 一年 六个月 并处 相应 的 罚金,4
posess,包头市 青山区 人民检察院 指控 被告人   <e1>   乔某   </e1>   非法 持有   <e2>   甲基苯丙胺   </e2>   冰毒 32.17克 甲基苯丙胺片剂 俗称 麻古 2.8 6克 其 行为 已 构成 非法 持有 毒品 罪 建议 依照 中华人民共和国 刑法 第三 百 四十八条 之 规定 处罚,2
posess,包头市 青山区 人民检察院 指控 被告人   <e1>   乔某   </e1>   非法 持有 甲基苯丙胺 冰毒 32.17克   <e2>   甲基苯丙胺片剂   </e2>   俗称 麻古 2.8 6克 其 行为 已 构成 非法 持有 毒品 罪 建议 依照 中华人民共和国 刑法 第三 百 四十八条 之 规定 处罚,2
NA,包头市 青山区 人民检察院 指控 被告人 乔某 非法 持有   <e1>   甲基苯丙胺   </e1>   冰毒 32.17克 甲基苯丙胺片剂 俗称 麻古 2.8 6克 其 行为 已 构成 非法 持有 毒品 罪 建议 依照   <e2>   中华人民共和国   </e2>   刑法 第三 百 四十八条 之 规定 处罚,4
NA,包头市 青山区 人民检察院 指控 被告人 乔某 非法 持有   <e1>   甲基苯丙胺   </e1>   冰毒   <e2>   32.17克   </e2>   甲基苯丙胺片剂 俗称 麻古 2.8 6克 其 行为 已 构成 非法 持有 毒品 罪 建议 依照 中华人民共和国 刑法 第三 百 四十八条 之 规定 处罚,4
sell_drugs_to,公诉 机关 指控 2013 年 2 月 2 日 19时 许 平舆县 公安局 民警 在 平舆县 城老 步行街 南段 将 吸毒 人员 樊某 查获 并 收缴 毒品 一包 经 鉴定 含有 海洛因 成分 重 0.04克 被告人   <e1>   樊某   </e1>   在 驻马店市 强制 戒毒所 戒毒 期间 主动 供述 2012年11月22日晚 其 在 平舆县 城 天都 大酒店 门口 以 180 元 的 价格 卖 给 吸毒 人员   <e2>   姜卫帅   </e2>   两 小包 毒品,1
NA,公诉 机关 指控 2013 年 2 月 2 日 19时 许 平舆县 公安局 民警 在 平舆县 城老 步行街 南段 将 吸毒 人员 樊某 查获 并 收缴 毒品 一包 经 鉴定 含有 海洛因 成分 重   <e1>   0.04克   </e1>   被告人 樊某 在 驻马店市 强制 戒毒所 戒毒 期间 主动 供述 2012年11月22日晚 其 在 平舆县 城 天都 大酒店 门口 以 180 元 的 价格 卖 给   <e2>   姜卫帅   </e2>   员 姜卫帅 两 小包 毒品,4
NA,公诉 机关 指控 2013 年 2 月 2 日 19时 许 平舆县 公安局 民警 在 平舆县 城老 步行街 南段 将 吸毒 人员 樊某 查获 并 收缴 毒品 一包 经 鉴定 含有 海洛因 成分 重 0.04克 被告人 樊某 在 驻马店市 强制 戒毒所 戒毒 期间 主动 供述   <e1>   2012年11月22日晚   </e1>   其 在 平舆县 城 天都 大酒店 门口 以 180 元 的 价格 卖 给 吸毒 人员   <e2>   姜卫帅   </e2>   两 小包 毒品,4
traffic_in,广西壮族自治区 灵山县 人民检察院 指控 2014 年 7 月 期间 被告人   <e1>   李明盛   </e1>   为 以 贩养 吸 在 灵山县平南镇白花村委会何八塘村一公路边的水泥管厂处 先后 四次 贩卖毒品   <e2>   海洛因   </e2>   给 吸毒 人员 陈某 得款 178 元 具体 如下,0
sell_drugs_to,广西壮族自治区 灵山县 人民检察院 指控 2014 年 7 月 期间 被告人   <e1>   李明盛   </e1>   为 以 贩养 吸 在 灵山县平南镇白花村委会何八塘村一公路边的水泥管厂处 先后 四次 贩卖毒品 海洛因 给 吸毒 人员   <e2>   陈某   </e2>   得款 178 元 具体 如下,1
NA,广西壮族自治区 灵山县 人民检察院 指控 2014 年 7 月 期间 被告人   <e1>   李明盛   </e1>   为 以 贩养 吸 在 灵山县平南镇白花村委会何八塘村一公路边的水泥管厂处 先后 四次 贩卖毒品 海洛因 给   <e2>   陈某   </e2>   人员 陈某 得款 178 元 具体 如下,4
NA,广西壮族自治区 灵山县 人民检察院 指控 2014 年 7 月 期间 被告人 李明盛 为 以 贩养 吸 在   <e1>   灵山县平南镇白花村委会何八塘村一公路边的水泥管厂处   </e1>   先后 四次 贩卖毒品 海洛因 给   <e2>   陈某   </e2>   人员 陈某 得款 178 元 具体 如下,4
sell_drugs_to,兰州市 西固区 人民检察院 指控 2016 年 5 月 23 日 11 时许 购毒 人员   <e1>   李某   </e1>   通过 电话 联系   <e2>   王某某   </e2>   人 王某某 欲 从 王某某 处 购买 毒品 海洛因 随后 二人 在 西固区 某 小区 8 号 楼下 见面 李某 将 400 元 钱 交给 王某某 王某某 将 一小包 毒品 交给 李某 交易 后 二人 被 公安机关 工作人员 当场 抓获 从 王某某 身上 提取 到 毒资 400 元 从 李某 身上 提取 到 毒品 一小包 经 兰州市 公安 司法鉴定 中心 鉴定 从 李某 身上 查获 的 用 白色 塑料纸 包装 的 白色 块状 物及 粉末 物 一包 净重 0.38 克 检出 海洛因 成分 公诉 机关 认为 被告人 王某某 的 行为 已 构成 贩卖毒品 罪 建议 本院 对 被告人 判处 一年 以下 有期徒刑 并 处罚金,1
traffic_in,兰州市 西固区 人民检察院 指控 2016 年 5 月 23 日 11 时许 购毒 人员 李某 通过 电话 联系 到 被告人 王某某 欲 从   <e1>   王某某   </e1>   处 购买 毒品   <e2>   海洛因   </e2>   随后 二人 在 西固区 某 小区 8 号 楼下 见面 李某 将 400 元 钱 交给 王某某 王某某 将 一小包 毒品 交给 李某 交易 后 二人 被 公安机关 工作人员 当场 抓获 从 王某某 身上 提取 到 毒资 400 元 从 李某 身上 提取 到 毒品 一小包 经 兰州市 公安 司法鉴定 中心 鉴定 从 李某 身上 查获 的 用 白色 塑料纸 包装 的 白色 块状 物及 粉末 物 一包 净重 0.38 克 检出 海洛因 成分 公诉 机关 认为 被告人 王某某 的 行为 已 构成 贩卖毒品 罪 建议 本院 对 被告人 判处 一年 以下 有期徒刑 并 处罚金,0
NA,兰州市 西固区 人民检察院 指控 2016 年 5 月 23 日 11 时许 购毒 人员 李某 通过 电话 联系 到 被告人 王某某 欲 从 王某某 处 购买 毒品 海洛因 随后 二人 在 西固区 某 小区 8 号 楼下 见面 李某 将 400 元 钱 交给 王某某   <e1>   王某某   </e1>   将 一小包 毒品 交给 李某 交易 后 二人 被 公安机关 工作人员 当场 抓获 从 王某某 身上 提取 到 毒资 400 元 从 李某 身上 提取 到 毒品 一小包 经 兰州市 公安 司法鉴定 中心 鉴定 从 李某 身上 查获 的 用 白色 塑料纸 包装 的 白色 块状 物及 粉末 物 一包 净重 0.38 克 检出 海洛因 成分 公诉 机关 认   <e2>   王某某   </e2>   人 王某某 的 行为 已 构成 贩卖毒品 罪 建议 本院 对 被告人 判处 一年 以下 有期徒刑 并 处罚金,4
NA,兰州市 西固区 人民检察院 指控 2016 年 5 月 23 日 11 时许 购毒 人员   <e1>   李某   </e1>   通过 电话 联系 到 被告人 王某某 欲 从 王某某 处 购买 毒品 海洛因 随后 二人 在 西固区 某 小区 8 号 楼下 见面 李某 将 400 元 钱 交给 王某某 王某某 将 一小包 毒品 交给 李某 交易 后 二人 被 公安机关 工作人员 当场 抓获 从 王某某 身上 提取 到 毒资 400 元 从 李某 身上 提取 到 毒品 一小包 经 兰州市 公安 司法鉴定 中心   <e2>   李某   </e2>   从 李某 身上 查获 的 用 白色 塑料纸 包装 的 白色 块状 物及 粉末 物 一包 净重 0.38 克 检出 海洛因 成分 公诉 机关 认为 被告人 王某某 的 行为 已 构成 贩卖毒品 罪 建议 本院 对 被告人 判处 一年 以下 有期徒刑 并 处罚金,4
provide_shelter_for,阳江市 江城区 人民检察院 指控 从 2014年8月24日至9月19日 被告人   <e1>   冯某龄   </e1>   先后 多次 容留 吸毒 人员   <e2>   陈某存   </e2>   冯某裕 等 人 在 冯某龄 位于 闸坡镇丹济村委会丹二社长行路兴福巷北151号的住 所 吸食毒品 后 民警 将 冯某龄 冯某裕 等 人 抓获,3
provide_shelter_for,阳江市 江城区 人民检察院 指控 从 2014年8月24日至9月19日 被告人   <e1>   冯某龄   </e1>   先后 多次 容留 吸毒 人员 陈某存   <e2>   冯某裕   </e2>   等 人 在 冯某龄 位于 闸坡镇丹济村委会丹二社长行路兴福巷北151号的住 所 吸食毒品 后 民警 将 冯某龄 冯某裕 等 人 抓获,3
NA,阳江市 江城区 人民检察院 指控 从   <e1>   2014年8月24日至9月19日   </e1>   被告人 冯某龄 先后 多次 容留 吸毒 人员 陈某存 冯某裕 等 人 在 冯某龄 位于   <e2>   闸坡镇丹济村委会丹二社长行路兴福巷北151号的住   </e2>   所 吸食毒品 后 民警 将 冯某龄 冯某裕 等 人 抓获,4
NA,阳江市 江城区 人民检察院 指控 从 2014年8月24日至9月19日 被告人 冯某龄 先后 多次 容留 吸毒 人员 陈某存 冯某裕 等 人 在 冯某龄 位于   <e1>   闸坡镇丹济村委会丹二社长行路兴福巷北151号的住   </e1>   所 吸食毒品 后 民警 将   <e2>   冯某裕   </e2>   冯某裕 等 人 抓获,4
posess,武汉市 汉阳区 人民检察院 指控 2013年7月22日10时 许 被告人 肖某某 在 武汉市 汉阳区 建桥 新村 45 号 3 楼 6 号 其 居住地 被 公安民警 抓获 当场 从 该 房间 卧室 内一 圆形 塑料 凳下 查获 塑料袋 装 白色晶体 颗粒 毒品 1 包 塑料袋 装 红色 片剂 毒品 6 包 塑料袋 装 白色 块状 物 和 颗粒物 的 混合物 毒品 3 包后 公安民警 在 武汉市 汉阳区 拦江路 望江 花园 9 号 4 楼 1 号   <e1>   肖某某   </e1>   另 一 租住 地 查获 客厅 沙发 旁 柜子 抽屉 及 电视机 旁 娃哈哈 纸箱 中 查获 塑料袋 装 红色 片剂 毒品 7 包 塑料袋 装 白色晶体 颗粒 毒品 1 包 塑料袋 装 棕红色 粉末 毒品 2 包 塑料袋 装 红褐色 粉末 毒品 1 包 塑料袋 装 黑色 粉末 毒品 1 包 塑料袋 装 黄色 晶体 粉末 毒品 1 包 塑料袋 装 棕黄色 晶体 粉末 毒品 1 包 塑料袋 装 白色 粉末 毒品 2 包 塑料袋 装 淡黄色 晶体 颗粒 毒品 1 包 塑料袋 装 黄色 粉末 毒品 1 包 塑料袋 装 灰褐色 粉末 毒品 1 包 查获 的 毒品 中共 有 净重 1192.88 克 的   <e2>   甲基苯丙胺   </e2>   净重 15.54 克 的 海洛因 净重 12.20克 的 国家 管制 一类 精神药品 氯胺酮 净重 9.5 6克 的 国家 管制 二类 精神药品 咖啡因,2
posess,武汉市 汉阳区 人民检察院 指控 2013年7月22日10时 许 被告人 肖某某 在 武汉市 汉阳区 建桥 新村 45 号 3 楼 6 号 其 居住地 被 公安民警 抓获 当场 从 该 房间 卧室 内一 圆形 塑料 凳下 查获 塑料袋 装 白色晶体 颗粒 毒品 1 包 塑料袋 装 红色 片剂 毒品 6 包 塑料袋 装 白色 块状 物 和 颗粒物 的 混合物 毒品 3 包后 公安民警 在 武汉市 汉阳区 拦江路 望江 花园 9 号 4 楼 1 号   <e1>   肖某某   </e1>   另 一 租住 地 查获 客厅 沙发 旁 柜子 抽屉 及 电视机 旁 娃哈哈 纸箱 中 查获 塑料袋 装 红色 片剂 毒品 7 包 塑料袋 装 白色晶体 颗粒 毒品 1 包 塑料袋 装 棕红色 粉末 毒品 2 包 塑料袋 装 红褐色 粉末 毒品 1 包 塑料袋 装 黑色 粉末 毒品 1 包 塑料袋 装 黄色 晶体 粉末 毒品 1 包 塑料袋 装 棕黄色 晶体 粉末 毒品 1 包 塑料袋 装 白色 粉末 毒品 2 包 塑料袋 装 淡黄色 晶体 颗粒 毒品 1 包 塑料袋 装 黄色 粉末 毒品 1 包 塑料袋 装 灰褐色 粉末 毒品 1 包 查获 的 毒品 中共 有 净重 1192.88 克 的 甲基苯丙胺 净重 15.54 克 的   <e2>   海洛因   </e2>   净重 12.20克 的 国家 管制 一类 精神药品 氯胺酮 净重 9.5 6克 的 国家 管制 二类 精神药品 咖啡因,2
NA,武汉市 汉阳区 人民检察院 指控 2013年7月22日10时 许 被告人 肖某某 在 武汉市 汉阳区 建桥 新村 45 号 3 楼 6 号 其 居住地 被 公安民警 抓获 当场 从 该 房间 卧室 内一 圆形 塑料 凳下 查获 塑料袋 装 白色晶体 颗粒 毒品 1 包 塑料袋 装 红色 片剂 毒品 6 包 塑料袋 装 白色 块状 物 和 颗粒物 的 混合物 毒品 3 包后 公安民警 在 武汉市 汉阳区 拦江路 望江 花园 9 号 4 楼 1 号 肖某某 另 一 租住 地 查获 客厅 沙发 旁 柜子 抽屉 及 电视机 旁 娃哈哈 纸箱 中 查获 塑料袋 装 红色 片剂 毒品 7 包 塑料袋 装 白色晶体 颗粒 毒品 1 包 塑料袋 装 棕红色 粉末 毒品 2 包 塑料袋 装 红褐色 粉末 毒品 1 包 塑料袋 装 黑色 粉末 毒品 1 包 塑料袋 装 黄色 晶体 粉末 毒品 1 包 塑料袋 装 棕黄色 晶体 粉末 毒品 1 包 塑料袋 装 白色 粉末 毒品 2 包 塑料袋 装 淡黄色 晶体 颗粒 毒品 1 包 塑料袋 装 黄色 粉末 毒品 1 包 塑料袋 装 灰褐色 粉末 毒品 1 包 查获 的 毒品 中共 有 净重 1192.88 克 的   <e1>   甲基苯丙胺   </e1>   净重 15.54 克 的 海洛因 净重 12.20克 的 国家 管制 一类 精神药品 氯胺酮 净重 9.5 6克 的 国家 管制 二类   <e2>   咖啡因   </e2>   品 咖啡因,4
NA,武汉市 汉阳区 人民检察院 指控   <e1>   2013年7月22日10时   </e1>   许 被告人 肖某某 在 武汉市 汉阳区 建桥 新村 45 号 3 楼 6 号 其 居住地 被 公安民警 抓获 当场 从 该 房间 卧室 内一 圆形 塑料 凳下 查获 塑料袋 装 白色晶体 颗粒 毒品 1 包 塑料袋 装 红色 片剂 毒品 6 包 塑料袋 装 白色 块状 物 和 颗粒物 的 混合物 毒品 3 包后 公安民警 在 武汉市 汉阳区 拦江路 望江 花园 9 号 4 楼 1 号 肖某某 另 一 租住 地 查获 客厅 沙发 旁 柜子 抽屉 及 电视机 旁 娃哈哈 纸箱 中 查获 塑料袋 装 红色 片剂 毒品 7 包 塑料袋 装 白色晶体 颗粒 毒品 1 包 塑料袋 装 棕红色 粉末 毒品 2 包 塑料袋 装 红褐色 粉末 毒品 1 包 塑料袋 装 黑色 粉末 毒品 1 包 塑料袋 装 黄色 晶体 粉末 毒品 1 包 塑料袋 装 棕黄色 晶体 粉末 毒品 1 包 塑料袋 装 白色 粉末 毒品 2 包 塑料袋 装 淡黄色 晶体 颗粒 毒品 1 包 塑料袋 装 黄色 粉末 毒品 1 包 塑料袋 装 灰褐色 粉末 毒品 1 包 查获 的 毒品 中共 有 净重 1192.88 克 的 甲基苯丙胺 净重 15.54 克 的 海洛   <e2>   12.20克   </e2>   . 20克 的 国家 管制 一类 精神药品 氯胺酮 净重 9.5 6克 的 国家 管制 二类 精神药品 咖啡因,4
sell_drugs_to,经 审理 查明 被告人   <e1>   胡修忠   </e1>   于 2015年1月13日21时 许 通过 电话 联系 与   <e2>   刘某某   </e2>   达成 贩卖 10克 甲基苯丙胺 冰毒 和 20 颗 甲基苯丙胺片剂 俗称 麻古 的 协议 双方 约定 交易价格 人民币 2200 元 由 被告人 胡修忠 将 毒品 送至 重庆市 渝中区 菜园坝 美渝 酒店 1908 房间 同月 1 4日 凌晨 0 时 10 分许 被告人 胡修忠 在 交易 地点 美渝 酒店 大厅 欲 乘 电梯 上楼 将 携带 的 毒品 贩卖 给 刘某某 时 被 公安机关 当场 捉 获 民警 从 被告人 胡修忠 身上 查获 欲 交易 的 三包 净重 分别 为 4.9 克 4.8 2克 和 0.7 克 共计 10.4 2克 的 甲基苯丙胺 及 两包 净重 分别 为 2克 和 0.2克 的 甲基苯丙胺片剂 被告人 胡修忠 到案 后 如实 供述 了 上述 犯罪事实,1
traffic_in,经 审理 查明 被告人   <e1>   胡修忠   </e1>   于 2015年1月13日21时 许 通过 电话 联系 与 刘某某 达成 贩卖 10克   <e2>   甲基苯丙胺   </e2>   冰毒 和 20 颗 甲基苯丙胺片剂 俗称 麻古 的 协议 双方 约定 交易价格 人民币 2200 元 由 被告人 胡修忠 将 毒品 送至 重庆市 渝中区 菜园坝 美渝 酒店 1908 房间 同月 1 4日 凌晨 0 时 10 分许 被告人 胡修忠 在 交易 地点 美渝 酒店 大厅 欲 乘 电梯 上楼 将 携带 的 毒品 贩卖 给 刘某某 时 被 公安机关 当场 捉 获 民警 从 被告人 胡修忠 身上 查获 欲 交易 的 三包 净重 分别 为 4.9 克 4.8 2克 和 0.7 克 共计 10.4 2克 的 甲基苯丙胺 及 两包 净重 分别 为 2克 和 0.2克 的 甲基苯丙胺片剂 被告人 胡修忠 到案 后 如实 供述 了 上述 犯罪事实,0
traffic_in,经 审理 查明 被告人   <e1>   胡修忠   </e1>   于 2015年1月13日21时 许 通过 电话 联系 与 刘某某 达成 贩卖 10克 甲基苯丙胺   <e2>   冰毒   </e2>   和 20 颗 甲基苯丙胺片剂 俗称 麻古 的 协议 双方 约定 交易价格 人民币 2200 元 由 被告人 胡修忠 将 毒品 送至 重庆市 渝中区 菜园坝 美渝 酒店 1908 房间 同月 1 4日 凌晨 0 时 10 分许 被告人 胡修忠 在 交易 地点 美渝 酒店 大厅 欲 乘 电梯 上楼 将 携带 的 毒品 贩卖 给 刘某某 时 被 公安机关 当场 捉 获 民警 从 被告人 胡修忠 身上 查获 欲 交易 的 三包 净重 分别 为 4.9 克 4.8 2克 和 0.7 克 共计 10.4 2克 的 甲基苯丙胺 及 两包 净重 分别 为 2克 和 0.2克 的 甲基苯丙胺片剂 被告人 胡修忠 到案 后 如实 供述 了 上述 犯罪事实,0
traffic_in,经 审理 查明 被告人   <e1>   胡修忠   </e1>   于 2015年1月13日21时 许 通过 电话 联系 与 刘某某 达成 贩卖 10克 甲基苯丙胺 冰毒 和 20 颗   <e2>   甲基苯丙胺片剂   </e2>   俗称 麻古 的 协议 双方 约定 交易价格 人民币 2200 元 由 被告人 胡修忠 将 毒品 送至 重庆市 渝中区 菜园坝 美渝 酒店 1908 房间 同月 1 4日 凌晨 0 时 10 分许 被告人 胡修忠 在 交易 地点 美渝 酒店 大厅 欲 乘 电梯 上楼 将 携带 的 毒品 贩卖 给 刘某某 时 被 公安机关 当场 捉 获 民警 从 被告人 胡修忠 身上 查获 欲 交易 的 三包 净重 分别 为 4.9 克 4.8 2克 和 0.7 克 共计 10.4 2克 的 甲基苯丙胺 及 两包 净重 分别 为 2克 和 0.2克 的 甲基苯丙胺片剂 被告人 胡修忠 到案 后 如实 供述 了 上述 犯罪事实,0
traffic_in,经 审理 查明 被告人   <e1>   胡修忠   </e1>   于 2015年1月13日21时 许 通过 电话 联系 与 刘某某 达成 贩卖 10克 甲基苯丙胺 冰毒 和 20 颗 甲基苯丙胺片剂 俗称   <e2>   麻古   </e2>   的 协议 双方 约定 交易价格 人民币 2200 元 由 被告人 胡修忠 将 毒品 送至 重庆市 渝中区 菜园坝 美渝 酒店 1908 房间 同月 1 4日 凌晨 0 时 10 分许 被告人 胡修忠 在 交易 地点 美渝 酒店 大厅 欲 乘 电梯 上楼 将 携带 的 毒品 贩卖 给 刘某某 时 被 公安机关 当场 捉 获 民警 从 被告人 胡修忠 身上 查获 欲 交易 的 三包 净重 分别 为 4.9 克 4.8 2克 和 0.7 克 共计 10.4 2克 的 甲基苯丙胺 及 两包 净重 分别 为 2克 和 0.2克 的 甲基苯丙胺片剂 被告人 胡修忠 到案 后 如实 供述 了 上述 犯罪事实,0
NA,经 审理 查明 被告人 胡修忠 于   <e1>   2015年1月13日21时   </e1>   许 通过 电话 联系 与 刘某某 达成 贩卖 10克 甲基苯丙胺 冰毒 和 20 颗 甲基苯丙胺片剂 俗称 麻古 的 协议 双方 约定 交易价格 人民币 2200 元 由 被告人 胡修忠 将 毒品 送至 重庆市 渝中区 菜园坝 美渝 酒店 1908 房间 同月 1 4日 凌晨 0 时 10 分许 被告人 胡修忠 在 交易 地点 美渝 酒店 大厅 欲 乘 电梯 上楼 将 携带 的 毒品 贩卖 给 刘某某 时 被 公安机关 当场 捉 获 民警 从 被告人 胡修忠 身上 查获 欲 交易 的 三包 净重 分别 为 4.9 克 4.8 2克 和 0.7 克 共计 10.4 2克 的 甲基苯丙胺 及 两包 净重 分别 为   <e2>   2克   </e2>   和 0.2克 的 甲基苯丙胺片剂 被告人 胡修忠 到案 后 如实 供述 了 上述 犯罪事实,4
NA,经 审理 查明 被告人 胡修忠 于 2015年1月13日21时 许 通过 电话 联系 与 刘某某 达成 贩卖   <e1>   10克   </e1>   甲基苯丙胺 冰毒 和 20 颗 甲基苯丙胺片剂 俗称 麻古 的 协议 双方 约定 交易价格 人民币 2200 元 由 被告人 胡修忠 将 毒品 送至 重庆市 渝中区 菜园坝 美渝 酒店 1908 房间 同月 1 4日 凌晨 0 时 10 分许 被告人 胡修忠 在 交易 地点 美渝 酒店 大厅 欲 乘 电梯 上楼 将 携带 的 毒品 贩卖 给 刘某某 时 被 公安机关 当场 捉 获 民警 从 被告人 胡修忠 身上 查获 欲 交易 的 三包 净重 分别 为 4.9 克 4.8 2克 和 0.7 克 共计 10.4 2克 的 甲基苯丙胺 及 两包 净   <e2>   2克   </e2>   别为 2克 和 0.2克 的 甲基苯丙胺片剂 被告人 胡修忠 到案 后 如实 供述 了 上述 犯罪事实,4
traffic_in,经 审理 查明 2016年8月27日 被告人   <e1>   胡某某   </e1>   在 邵阳市大祥区祭旗坡社区老加油站附近的租房内 贩卖 0.1克 毒品   <e2>   海洛因   </e2>   给 吸毒 人员 孙某某 收取 毒资 人民币 40 元,0
sell_drugs_to,经 审理 查明 2016年8月27日 被告人   <e1>   胡某某   </e1>   在 邵阳市大祥区祭旗坡社区老加油站附近的租房内 贩卖 0.1克 毒品 海洛因 给 吸毒 人员   <e2>   孙某某   </e2>   收取 毒资 人民币 40 元,1
NA,经 审理 查明 2016年8月27日 被告人 胡某某 在   <e1>   邵阳市大祥区祭旗坡社区老加油站附近的租房内   </e1>   贩卖 0 .   <e2>   海洛因   </e2>   品 海洛因 给 吸毒 人员 孙某某 收取 毒资 人民币 40 元,4
NA,经 审理 查明   <e1>   2016年8月27日   </e1>   被告人 胡某某 在 邵阳市大祥区祭旗坡社区老加油站附近的租房内 贩卖   <e2>   0.1克   </e2>   毒品 海洛因 给 吸毒 人员 孙某某 收取 毒资 人民币 40 元,4
provide_shelter_for,利辛县 人民检察院 指控 2016 年 3 月 19 日 15 时许 被告人   <e1>   王某   </e1>   在 其 位于 利辛县 银杏 花园 小区 九栋 X 单元 XX 室 的 家中 容留   <e2>   晏某   </e2>   刘某 陆某 佳佳 身份 待 核实 吸食 冰毒 并 当庭 出示 了 相关 书证 证人 证言 被告人 供述 与 辩解 辨认 笔录 等 证据 认为 被告人 王某 的 行为 触犯 了 中华人民共和国 刑法 第 三百五十 四条 的 规定 提请 本院 以 容留 他人 吸毒 罪 追究 被告人 王某 的 刑事责任,3
provide_shelter_for,利辛县 人民检察院 指控 2016 年 3 月 19 日 15 时许 被告人   <e1>   王某   </e1>   在 其 位于 利辛县 银杏 花园 小区 九栋 X 单元 XX 室 的 家中 容留 晏某   <e2>   刘某   </e2>   陆某 佳佳 身份 待 核实 吸食 冰毒 并 当庭 出示 了 相关 书证 证人 证言 被告人 供述 与 辩解 辨认 笔录 等 证据 认为 被告人 王某 的 行为 触犯 了 中华人民共和国 刑法 第 三百五十 四条 的 规定 提请 本院 以 容留 他人 吸毒 罪 追究 被告人 王某 的 刑事责任,3
provide_shelter_for,利辛县 人民检察院 指控 2016 年 3 月 19 日 15 时许 被告人   <e1>   王某   </e1>   在 其 位于 利辛县 银杏 花园 小区 九栋 X 单元 XX 室 的 家中 容留 晏某 刘某   <e2>   陆某   </e2>   佳佳 身份 待 核实 吸食 冰毒 并 当庭 出示 了 相关 书证 证人 证言 被告人 供述 与 辩解 辨认 笔录 等 证据 认为 被告人 王某 的 行为 触犯 了 中华人民共和国 刑法 第 三百五十 四条 的 规定 提请 本院 以 容留 他人 吸毒 罪 追究 被告人 王某 的 刑事责任,3
provide_shelter_for,利辛县 人民检察院 指控 2016 年 3 月 19 日 15 时许 被告人   <e1>   王某   </e1>   在 其 位于 利辛县 银杏 花园 小区 九栋 X 单元 XX 室 的 家中 容留 晏某 刘某 陆某   <e2>   佳佳   </e2>   身份 待 核实 吸食 冰毒 并 当庭 出示 了 相关 书证 证人 证言 被告人 供述 与 辩解 辨认 笔录 等 证据 认为 被告人 王某 的 行为 触犯 了 中华人民共和国 刑法 第 三百五十 四条 的 规定 提请 本院 以 容留 他人 吸毒 罪 追究 被告人 王某 的 刑事责任,3
NA,利辛县 人民检察院 指控 2016 年 3 月 19 日 15 时许 被告人 王某 在 其 位于 利辛县 银杏 花园 小区 九栋 X 单元 XX 室 的 家中 容留 晏某 刘某   <e1>   陆某   </e1>   佳佳 身份 待 核实 吸食 冰毒 并 当庭 出示 了 相关 书证 证人 证言 被告人 供述 与 辩解 辨认 笔录 等 证据 认为 被告人   <e2>   王某   </e2>   的 行为 触犯 了 中华人民共和国 刑法 第 三百五十 四条 的 规定 提请 本院 以 容留 他人 吸毒 罪 追究 被告人 王某 的 刑事责任,4
NA,利辛县 人民检察院 指控 2016 年 3 月 19 日 15 时许 被告人 王某 在 其 位于 利辛县 银杏 花园 小区 九栋 X 单元 XX 室 的 家中 容留 晏某   <e1>   刘某   </e1>     <e2>   陆某   </e2>   佳佳 身份 待 核实 吸食 冰毒 并 当庭 出示 了 相关 书证 证人 证言 被告人 供述 与 辩解 辨认 笔录 等 证据 认为 被告人 王某 的 行为 触犯 了 中华人民共和国 刑法 第 三百五十 四条 的 规定 提请 本院 以 容留 他人 吸毒 罪 追究 被告人 王某 的 刑事责任,4
traffic_in,重庆市 渝中区 人民检察院 指控 被告人   <e1>   蔡某某   </e1>   于 2015 年 2 月 9 日 22 时许 在 本市 渝中区 医学院 路 13 幢 42 室 客厅 将 一包 净重 0.41克 的 毒品   <e2>   甲基苯丙胺   </e2>   俗称 冰毒 贩卖 给 李某 收取 毒资 200 元后 被 公安人员 捉 获 查获 全部 毒品 和 毒资 被告人 蔡某某 归案 后 如实 供述 了 上述 犯罪事实 公诉 机关 认为 被告人 蔡某某 的 行为 已触犯 中华人民共和国 刑法 第三 百 四十七 条 第四款 的 规定 应当 以 贩卖毒品 罪 追究其 刑事责任 被告人 蔡某某 曾 因犯 贩卖毒品 罪 被 判处 有期徒刑 在 刑罚 执行 完毕 后 五年 内 又 犯 应当 判处 有期徒刑 以上 刑罚 的 贩卖毒品 罪 是 累犯 和 毒品 再犯 具有 中华人民共和国 刑法 第六十五条 第一款 第 三百五十六 条 规定 的 从重 处罚 情节 其 归案 后 如实 供述 自己 的 罪行 具有 中华人民共和国 刑法 第六十七条 第三款 规定 的 从轻 处罚 情节 提请 依法 判处,0
sell_drugs_to,重庆市 渝中区 人民检察院 指控 被告人   <e1>   蔡某某   </e1>   于 2015 年 2 月 9 日 22 时许 在 本市 渝中区 医学院 路 13 幢 42 室 客厅 将 一包 净重 0.41克 的 毒品 甲基苯丙胺 俗称 冰毒 贩卖 给   <e2>   李某   </e2>   收取 毒资 200 元后 被 公安人员 捉 获 查获 全部 毒品 和 毒资 被告人 蔡某某 归案 后 如实 供述 了 上述 犯罪事实 公诉 机关 认为 被告人 蔡某某 的 行为 已触犯 中华人民共和国 刑法 第三 百 四十七 条 第四款 的 规定 应当 以 贩卖毒品 罪 追究其 刑事责任 被告人 蔡某某 曾 因犯 贩卖毒品 罪 被 判处 有期徒刑 在 刑罚 执行 完毕 后 五年 内 又 犯 应当 判处 有期徒刑 以上 刑罚 的 贩卖毒品 罪 是 累犯 和 毒品 再犯 具有 中华人民共和国 刑法 第六十五条 第一款 第 三百五十六 条 规定 的 从重 处罚 情节 其 归案 后 如实 供述 自己 的 罪行 具有 中华人民共和国 刑法 第六十七条 第三款 规定 的 从轻 处罚 情节 提请 依法 判处,1
NA,重庆市 渝中区 人民检察院 指控 被告人 蔡某某 于 2015 年 2 月 9 日 22 时许 在 本市 渝中区 医学院 路 13 幢 42 室 客厅 将 一包 净重   <e1>   0.41克   </e1>   的 毒品 甲基苯丙胺 俗称 冰毒 贩卖 给 李某 收取 毒资 200 元后 被 公安人员 捉 获 查获 全部 毒品 和 毒资 被告人 蔡某某 归案 后 如实 供述 了 上述 犯罪事实 公诉 机关 认为 被告人 蔡某某 的 行为 已触犯 中华人民共和国 刑法 第三 百 四十七 条 第四款 的 规定 应当 以 贩卖毒品 罪 追究其 刑事责任   <e2>   蔡某某   </e2>   人 蔡某某 曾 因犯 贩卖毒品 罪 被 判处 有期徒刑 在 刑罚 执行 完毕 后 五年 内 又 犯 应当 判处 有期徒刑 以上 刑罚 的 贩卖毒品 罪 是 累犯 和 毒品 再犯 具有 中华人民共和国 刑法 第六十五条 第一款 第 三百五十六 条 规定 的 从重 处罚 情节 其 归案 后 如实 供述 自己 的 罪行 具有 中华人民共和国 刑法 第六十七条 第三款 规定 的 从轻 处罚 情节 提请 依法 判处,4
NA,重庆市 渝中区 人民检察院 指控 被告人 蔡某某 于 2015 年 2 月 9 日 22 时许 在 本市 渝中区 医学院 路 13 幢 42 室 客厅 将 一包 净重 0.41克 的 毒品 甲基苯丙胺 俗称 冰毒 贩卖 给 李某 收取 毒资 200 元后 被 公安人员 捉 获 查获 全部 毒品 和 毒资 被告人 蔡某某 归案 后 如实 供述 了 上述 犯罪事实 公诉 机关 认为 被告人   <e1>   蔡某某   </e1>   的 行为 已触犯 中华人民共和国 刑法 第三 百 四十七 条 第四款 的 规定 应当 以 贩卖毒品 罪 追究其 刑事责任   <e2>   蔡某某   </e2>   人 蔡某某 曾 因犯 贩卖毒品 罪 被 判处 有期徒刑 在 刑罚 执行 完毕 后 五年 内 又 犯 应当 判处 有期徒刑 以上 刑罚 的 贩卖毒品 罪 是 累犯 和 毒品 再犯 具有 中华人民共和国 刑法 第六十五条 第一款 第 三百五十六 条 规定 的 从重 处罚 情节 其 归案 后 如实 供述 自己 的 罪行 具有 中华人民共和国 刑法 第六十七条 第三款 规定 的 从轻 处罚 情节 提请 依法 判处,4
traffic_in,深圳市 罗湖区 人民检察院 指控 2013年11月 20 日 16 时许 谭某 电话 联系 在 逃 嫌疑人 D 哥 求购 人民币 5000 元 毒品 可卡因 D 哥 表示同意 双方 约定 毒品 交易 的 相关 事宜 随后 D 哥以 人民币 200 元 作为 报酬 让 被告人 刘某 前往 交易 被告人 刘某 应允 并 按 D 哥 指示 前往 深圳市 罗湖区 虹福城 桑拿 门口 从 一 陌生 男子 身份 不详 在 逃处 取得 一个 装有 20 小包 毒品 可卡因 的 绿色 万宝路 烟盒 随后 被告人 刘某 携毒 至 深圳市 罗湖区 春风 路 维也纳 酒店 85718 房 与 谭某 碰面 被告人   <e1>   刘某   </e1>   将 装有 毒品   <e2>   可卡因   </e2>   的 绿色 万宝路 烟盒 交给 谭某 后 收取 了 谭某 人民币 5000 元 双方 交易 完成 后 被 民警 抓获 民警 当场 从 被告人 刘某 处 缴获 毒资 人民币 5000 元 从 谭某 处 缴获 交易所 得 的 毒品 可卡因 20 小包 经 鉴定 涉案 毒品 净重 共 4.33 克均 检出 可卡因,0
sell_drugs_to,深圳市 罗湖区 人民检察院 指控 2013年11月 20 日 16 时许 谭某 电话 联系 在 逃 嫌疑人 D 哥 求购 人民币 5000 元 毒品 可卡因 D 哥 表示同意 双方 约定 毒品 交易 的 相关 事宜 随后 D 哥以 人民币 200 元 作为 报酬 让 被告人 刘某 前往 交易 被告人 刘某 应允 并 按 D 哥 指示 前往 深圳市 罗湖区 虹福城 桑拿 门口 从 一 陌生 男子 身份 不详 在 逃处 取得 一个 装有 20 小包 毒品 可卡因 的 绿色 万宝路 烟盒 随后 被告人 刘某 携毒 至 深圳市 罗湖区 春风 路 维也纳 酒店 85718 房 与 谭某 碰面 被告人   <e1>   刘某   </e1>   将 装有 毒品 可卡因 的 绿色 万宝路 烟盒 交给   <e2>   谭某   </e2>   后 收取 了 谭某 人民币 5000 元 双方 交易 完成 后 被 民警 抓获 民警 当场 从 被告人 刘某 处 缴获 毒资 人民币 5000 元 从 谭某 处 缴获 交易所 得 的 毒品 可卡因 20 小包 经 鉴定 涉案 毒品 净重 共 4.33 克均 检出 可卡因,1
NA,深圳市 罗湖区 人民检察院 指控 2013年11月 20 日 16 时许 谭某 电话 联系 在 逃 嫌疑人 D 哥 求购 人民币 5000 元 毒品 可卡因 D 哥 表示同意 双方 约定 毒品 交易 的 相关 事宜 随后 D 哥以 人民币 200 元 作为 报酬 让 被告人 刘某 前往 交易 被告人 刘某 应允 并 按 D 哥 指示 前往 深圳市 罗湖区 虹福城 桑拿 门口 从 一 陌生 男子 身份 不详 在 逃处 取得 一个 装有 20 小包 毒品 可卡因 的 绿色 万宝路 烟盒 随后 被告人 刘某 携毒 至 深圳市 罗湖区 春风 路 维也纳 酒店 85718 房 与 谭某 碰面 被告人   <e1>   刘某   </e1>   将 装有 毒品 可卡因 的 绿色 万宝路 烟盒 交给 谭某 后 收取 了 谭某 人民币 5000 元 双方 交易 完成 后 被 民警 抓获 民警 当场 从 被告人 刘某 处 缴获 毒资 人民币 500   <e2>   谭某   </e2>   从 谭某 处 缴获 交易所 得 的 毒品 可卡因 20 小包 经 鉴定 涉案 毒品 净重 共 4.33 克均 检出 可卡因,4
NA,深圳市 罗湖区 人民检察院 指控 2013年11月 20 日 16 时许 谭某 电话 联系 在 逃 嫌疑人 D 哥 求购 人民币 5000 元 毒品 可卡因 D 哥 表示同意 双方 约定 毒品 交易 的 相关 事宜 随后 D 哥以 人民币 200 元 作为 报酬 让 被告人 刘某 前往 交易 被告人 刘某 应允 并 按 D 哥 指示 前往 深圳市 罗湖区 虹福城 桑拿 门口 从 一 陌生 男子 身份 不详 在 逃处 取得 一个 装有 20 小包 毒品   <e1>   可卡因   </e1>   的 绿色 万宝路 烟盒 随后 被告人 刘某 携毒 至 深圳市 罗湖区 春风 路 维也纳 酒店 85718 房 与 谭某 碰面 被告人 刘某 将 装有 毒品 可卡因 的 绿色 万宝路 烟盒 交给 谭某 后 收取 了 谭某 人民币 5000 元 双方 交易 完成 后 被 民警 抓获 民警 当场 从 被告人 刘某 处 缴获 毒资 人民币 5000 元 从 谭某 处 缴获 交易所 得 的 毒品 可卡因 20 小包 经 鉴定 涉案 毒品 净重 共 4.33 克   <e2>   可卡因   </e2>   出 可卡因,4
traffic_in,经 审理 查明 2014 年 1 月份 开始 被告人   <e1>   麦某甲   </e1>   开始 贩卖毒品   <e2>   氯胺酮   </e2>   从中 牟利 2014年1月25日 至 2014 年 1 月 28 日 期间 被告人 麦某甲 在 清远市 清城区 横荷 街道 车头 村委会 新麦 屋村 的 一间 铁 棚屋 处 先后 三次 共 将 重约 3 克 的 毒品 氯胺酮 贩卖 给 吸毒 人员 麦某乙 得 赃款 共 150 元 2014年1月28日13时 许 公安人员 在 清远市 清城区 横荷 街道 车头 村委会 新麦 屋村 的 一间 铁 棚屋 处 抓获 被告人 麦某甲 时 从 其 身上 起获 11 包 白色晶体 状 粉末 经 鉴定 内含 氯胺酮 成分 净重 7.5 克,0
sell_drugs_to,经 审理 查明 2014 年 1 月份 开始 被告人 麦某甲 开始 贩卖毒品 氯胺酮 从中 牟利 2014年1月25日 至 2014 年 1 月 28 日 期间 被告人   <e1>   麦某甲   </e1>   在 清远市 清城区 横荷 街道 车头 村委会 新麦 屋村 的 一间 铁 棚屋 处 先后 三次 共 将 重约 3 克 的 毒品 氯胺酮 贩卖 给 吸毒 人员   <e2>   麦某乙   </e2>   得 赃款 共 150 元 2014年1月28日13时 许 公安人员 在 清远市 清城区 横荷 街道 车头 村委会 新麦 屋村 的 一间 铁 棚屋 处 抓获 被告人 麦某甲 时 从 其 身上 起获 11 包 白色晶体 状 粉末 经 鉴定 内含 氯胺酮 成分 净重 7.5 克,1
traffic_in,经 审理 查明 2014 年 1 月份 开始 被告人 麦某甲 开始 贩卖毒品 氯胺酮 从中 牟利 2014年1月25日 至 2014 年 1 月 28 日 期间 被告人   <e1>   麦某甲   </e1>   在 清远市 清城区 横荷 街道 车头 村委会 新麦 屋村 的 一间 铁 棚屋 处 先后 三次 共 将 重约 3 克 的 毒品   <e2>   氯胺酮   </e2>   贩卖 给 吸毒 人员 麦某乙 得 赃款 共 150 元 2014年1月28日13时 许 公安人员 在 清远市 清城区 横荷 街道 车头 村委会 新麦 屋村 的 一间 铁 棚屋 处 抓获 被告人 麦某甲 时 从 其 身上 起获 11 包 白色晶体 状 粉末 经 鉴定 内含 氯胺酮 成分 净重 7.5 克,0
NA,经 审理 查明 2014 年 1 月份 开始 被告人 麦某甲 开始 贩卖毒品 氯胺酮 从中 牟利   <e1>   2014年1月25日   </e1>   至 2014 年 1 月 28 日 期间   <e2>   麦某甲   </e2>   人 麦某甲 在 清远市 清城区 横荷 街道 车头 村委会 新麦 屋村 的 一间 铁 棚屋 处 先后 三次 共 将 重约 3 克 的 毒品 氯胺酮 贩卖 给 吸毒 人员 麦某乙 得 赃款 共 150 元 2014年1月28日13时 许 公安人员 在 清远市 清城区 横荷 街道 车头 村委会 新麦 屋村 的 一间 铁 棚屋 处 抓获 被告人 麦某甲 时 从 其 身上 起获 11 包 白色晶体 状 粉末 经 鉴定 内含 氯胺酮 成分 净重 7.5 克,4
NA,经 审理 查明 2014 年 1 月份 开始 被告人 麦某甲 开始 贩卖毒品 氯胺酮 从中 牟利 2014年1月25日 至 2014 年 1 月 28 日 期间 被告人 麦某甲 在 清远市 清城区 横荷 街道 车头 村委会 新麦 屋村 的 一间 铁 棚屋 处 先后 三次 共 将 重约 3 克 的 毒品   <e1>   氯胺酮   </e1>   贩卖 给 吸毒 人员 麦某乙 得 赃款 共 150 元   <e2>   2014年1月28日13时   </e2>   许 公安人员 在 清远市 清城区 横荷 街道 车头 村委会 新麦 屋村 的 一间 铁 棚屋 处 抓获 被告人 麦某甲 时 从 其 身上 起获 11 包 白色晶体 状 粉末 经 鉴定 内含 氯胺酮 成分 净重 7.5 克,4
traffic_in,贵州省 织金县 人民检察院 指控 2015年12月27日23时 许 被告人   <e1>   林某某   </e1>   在 织金县茶店乡东风村错地组的通村公路上 贩卖毒品 给 他人 时 被 公安民警 抓获 当场 缴获 其 贩卖 的 毒品 可疑 物 1 包并 扣押 其 用于 联系 贩卖毒品 的 白色 杂牌 手机 一部 经 称量 该包 毒品 可疑 物 净重 5.09克 经 毕节市 公安 司法鉴定 中心 鉴定 在 该 5.09克 毒品 可疑 物内 检出   <e2>   海洛因   </e2>   的 主要 成分 二 乙酰 吗啡,0
NA,贵州省 织金县 人民检察院 指控 2015年12月27日23时 许 被告人 林某某 在   <e1>   织金县茶店乡东风村错地组的通村公路上   </e1>   贩卖毒品 给 他人 时 被 公安民警 抓获 当场 缴获 其 贩卖 的 毒品 可疑 物 1 包并 扣押 其 用于 联系 贩卖毒品 的 白色 杂牌 手机 一部 经 称量 该包 毒品 可疑 物 净重 5.09克 经 毕节市 公安 司法鉴定 中心 鉴   <e2>   5.09克   </e2>   . 09 克 毒品 可疑 物内 检出 海洛因 的 主要 成分 二 乙酰 吗啡,4
NA,贵州省 织金县 人民检察院 指控   <e1>   2015年12月27日23时   </e1>   许   <e2>   林某某   </e2>   人 林某某 在 织金县茶店乡东风村错地组的通村公路上 贩卖毒品 给 他人 时 被 公安民警 抓获 当场 缴获 其 贩卖 的 毒品 可疑 物 1 包并 扣押 其 用于 联系 贩卖毒品 的 白色 杂牌 手机 一部 经 称量 该包 毒品 可疑 物 净重 5.09克 经 毕节市 公安 司法鉴定 中心 鉴定 在 该 5.09克 毒品 可疑 物内 检出 海洛因 的 主要 成分 二 乙酰 吗啡,4
sell_drugs_to,经 审理 查明 2016年5月1日16时 许 被告人   <e1>   柯某某   </e1>   在 平和县山格镇迎宾路大世界超市门前路段 出售 约 0.5克 甲基苯丙胺 俗称 冰毒 给 吸毒 人员   <e2>   林某   </e2>   得款 人民币 50 元 柯某某 的 尿液 经 甲基 安非他明 反应 卡 检测 呈 阳性,1
traffic_in,经 审理 查明 2016年5月1日16时 许 被告人   <e1>   柯某某   </e1>   在 平和县山格镇迎宾路大世界超市门前路段 出售 约 0.5克   <e2>   甲基苯丙胺   </e2>   俗称 冰毒 给 吸毒 人员 林某 得款 人民币 50 元 柯某某 的 尿液 经 甲基 安非他明 反应 卡 检测 呈 阳性,0
traffic_in,经 审理 查明 2016年5月1日16时 许 被告人   <e1>   柯某某   </e1>   在 平和县山格镇迎宾路大世界超市门前路段 出售 约 0.5克 甲基苯丙胺 俗称   <e2>   冰毒   </e2>   给 吸毒 人员 林某 得款 人民币 50 元 柯某某 的 尿液 经 甲基 安非他明 反应 卡 检测 呈 阳性,0
NA,经 审理 查明 2016年5月1日16时 许 被告人 柯某某 在   <e1>   平和县山格镇迎宾路大世界超市门前路段   </e1>   出售 约 0.5克 甲基苯丙胺 俗称 冰毒 给 吸毒 人员 林某 得款 人民币   <e2>   柯某某   </e2>   柯某某 的 尿液 经 甲基 安非他明 反应 卡 检测 呈 阳性,4
NA,经 审理 查明   <e1>   2016年5月1日16时   </e1>   许 被告人   <e2>   柯某某   </e2>   在 平和县山格镇迎宾路大世界超市门前路段 出售 约 0.5克 甲基苯丙胺 俗称 冰毒 给 吸毒 人员 林某 得款 人民币 50 元 柯某某 的 尿液 经 甲基 安非他明 反应 卡 检测 呈 阳性,4
sell_drugs_to,深圳市 龙岗区 人民检察院 指控 2015年4月13日10时30分 许 深圳市公安局 龙岗 分局 禁毒 大队 接 群众 李明 化名 举报 称 其 在 网络 上 认识 一名 网 名叫 守护 格调 的 男子 在 龙岗区 一带 贩卖毒品 并 愿意 配合 公安机关 抓获 该 贩毒 嫌疑人 接警 后 民警 安排 举报人 李明 与 贩毒 嫌疑人 联系 购买 冰毒 双方 约 好 在 深圳市 龙岗区 布吉 地铁站 A 出口 的 卫生间 交易 2015 年 4 月 13 日 14 时许 举报人 李明 在 深圳市 龙岗区 布吉 地铁口 A 出口 的 卫生间 见到 被告人 黄某存 被告人   <e1>   黄某存   </e1>   将 一包 用 芙蓉王 烟盒 包装 的 毒品 贩卖 给 举报人   <e2>   李明   </e2>   并 收取 4500 元 的 毒资 交易 完成 后 民警 将 被告人 黄某存 抓获 当场 从 其 身上 缴获 赌资 4500 元 人民币 及 作案工具 手机 一部 同时 在 举报人 李明 处 缴获 用 芙蓉王 烟盒 包装 的 疑似 冰毒 一包 经 鉴定 涉案 疑似 毒品 重量 为 29.93 克 检出 甲基苯丙胺 成分,1
traffic_in,深圳市 龙岗区 人民检察院 指控 2015年4月13日10时30分 许 深圳市公安局 龙岗 分局 禁毒 大队 接 群众 李明 化名 举报 称 其 在 网络 上 认识 一名 网 名叫 守护 格调 的 男子 在 龙岗区 一带 贩卖毒品 并 愿意 配合 公安机关 抓获 该 贩毒 嫌疑人 接警 后 民警 安排 举报人 李明 与 贩毒 嫌疑人 联系 购买 冰毒 双方 约 好 在 深圳市 龙岗区 布吉 地铁站 A 出口 的 卫生间 交易 2015 年 4 月 13 日 14 时许 举报人 李明 在 深圳市 龙岗区 布吉 地铁口 A 出口 的 卫生间 见到 被告人 黄某存 被告人 黄某存 将 一包 用 芙蓉王 烟盒 包装 的 毒品 贩卖 给 举报人 李明 并 收取 4500 元 的 毒资 交易 完成 后 民警 将 被告人   <e1>   黄某存   </e1>   抓获 当场 从 其 身上 缴获 赌资 4500 元 人民币 及 作案工具 手机 一部 同时 在 举报人 李明 处 缴获 用 芙蓉王 烟盒 包装 的 疑似   <e2>   冰毒   </e2>   一包 经 鉴定 涉案 疑似 毒品 重量 为 29.93 克 检出 甲基苯丙胺 成分,0
NA,深圳市 龙岗区 人民检察院 指控   <e1>   2015年4月13日10时30分   </e1>   许 深圳市公安局 龙岗 分局 禁毒 大队 接 群众 李明 化名 举报 称 其 在 网络 上 认识 一名 网 名叫 守护 格调 的 男子 在 龙岗区 一带 贩卖毒品 并 愿意 配合 公安机关 抓获 该 贩毒 嫌疑人 接警 后 民警 安排 举报人 李明 与 贩毒 嫌疑人 联系 购买   <e2>   冰毒   </e2>   双方 约 好 在 深圳市 龙岗区 布吉 地铁站 A 出口 的 卫生间 交易 2015 年 4 月 13 日 14 时许 举报人 李明 在 深圳市 龙岗区 布吉 地铁口 A 出口 的 卫生间 见到 被告人 黄某存 被告人 黄某存 将 一包 用 芙蓉王 烟盒 包装 的 毒品 贩卖 给 举报人 李明 并 收取 4500 元 的 毒资 交易 完成 后 民警 将 被告人 黄某存 抓获 当场 从 其 身上 缴获 赌资 4500 元 人民币 及 作案工具 手机 一部 同时 在 举报人 李明 处 缴获 用 芙蓉王 烟盒 包装 的 疑似 冰毒 一包 经 鉴定 涉案 疑似 毒品 重量 为 29.93 克 检出 甲基苯丙胺 成分,4
NA,深圳市 龙岗区 人民检察院 指控 2015年4月13日10时30分 许 深圳市公安局 龙岗 分局 禁毒 大队 接 群众 李明 化名 举报 称 其 在 网络 上 认识 一名 网 名叫 守护 格调 的 男子 在   <e1>   龙岗区   </e1>   一带 贩卖毒品 并 愿意 配合 公安机关 抓获 该 贩毒 嫌疑人 接警 后 民警 安   <e2>   李明   </e2>   报人 李明 与 贩毒 嫌疑人 联系 购买 冰毒 双方 约 好 在 深圳市 龙岗区 布吉 地铁站 A 出口 的 卫生间 交易 2015 年 4 月 13 日 14 时许 举报人 李明 在 深圳市 龙岗区 布吉 地铁口 A 出口 的 卫生间 见到 被告人 黄某存 被告人 黄某存 将 一包 用 芙蓉王 烟盒 包装 的 毒品 贩卖 给 举报人 李明 并 收取 4500 元 的 毒资 交易 完成 后 民警 将 被告人 黄某存 抓获 当场 从 其 身上 缴获 赌资 4500 元 人民币 及 作案工具 手机 一部 同时 在 举报人 李明 处 缴获 用 芙蓉王 烟盒 包装 的 疑似 冰毒 一包 经 鉴定 涉案 疑似 毒品 重量 为 29.93 克 检出 甲基苯丙胺 成分,4
sell_drugs_to,经 审理 查明 被告人   <e1>   曾某   </e1>   于 2014 年 4 月 3 日 18 时许 从 犯罪   <e2>   华仔   </e2>   人 华仔 具体 名址 不详 另案处理 处买 了 一包 毒品 当日 23 时许 民警 在 深圳市 龙华 新区 帝 龙城 KTV1 楼美宜佳 便利店 门口 抓获 被告人 曾某 时 从 其 所 背 的 背包 内 缴获 疑似 毒品 一包 经 鉴定 上述 毒品 重 31.03克 含有 甲基苯丙胺 成分,1
posess,经 审理 查明 被告人 曾某 于 2014 年 4 月 3 日 18 时许 从 犯罪 嫌疑人 华仔 具体 名址 不详 另案处理 处买 了 一包 毒品 当日 23 时许 民警 在 深圳市 龙华 新区 帝 龙城 KTV1 楼美宜佳 便利店 门口 抓获 被告人   <e1>   曾某   </e1>   时 从 其 所 背 的 背包 内 缴获 疑似 毒品 一包 经 鉴定 上述 毒品 重 31.03克 含有   <e2>   甲基苯丙胺   </e2>   成分,2
NA,经 审理 查明 被告人 曾某 于 2014 年 4 月 3 日 18 时许 从 犯罪 嫌疑人   <e1>   华仔   </e1>   具体 名址 不详 另案处理 处买 了 一包 毒品 当日 23 时许 民警 在 深圳市 龙华 新区 帝 龙城 KTV1 楼美宜佳 便利店 门口 抓获 被告人 曾某 时 从 其 所 背 的 背包 内 缴获 疑似 毒品 一包 经 鉴定 上   <e2>   31.03克   </e2>   . 03 克 含有 甲基苯丙胺 成分,4
NA,经 审理 查明 被告人   <e1>   曾某   </e1>   于 2014 年 4 月 3 日 18 时许 从 犯罪 嫌疑人   <e2>   华仔   </e2>   具体 名址 不详 另案处理 处买 了 一包 毒品 当日 23 时许 民警 在 深圳市 龙华 新区 帝 龙城 KTV1 楼美宜佳 便利店 门口 抓获 被告人 曾某 时 从 其 所 背 的 背包 内 缴获 疑似 毒品 一包 经 鉴定 上述 毒品 重 31.03克 含有 甲基苯丙胺 成分,4
sell_drugs_to,东莞市 第三 市区 人民检察院 指控 称 2014 年 6 月 30 日 12 时许 被告人   <e1>   杨某   < / e   <e2>   老邱   </e2>     向 老邱 另案处理 购买 冰毒 用于 吸食 当日13时 许 杨某 携带 冰毒 在 东莞市 凤岗镇 雁田村 新高 商场 附近 路段 被 抓获 民警 从 杨某 身上 查获 一包 毒品 冰毒 净重 12.4 克 检验 出 甲基苯丙胺 成分,1
traffic_in,东莞市 第三 市区 人民检察院 指控 称 2014 年 6 月 30 日 12 时许 被告人 杨某 向   <e1>   老邱   </e1>   另案处理 购买   <e2>   冰毒   </e2>   用于 吸食 当日13时 许 杨某 携带 冰毒 在 东莞市 凤岗镇 雁田村 新高 商场 附近 路段 被 抓获 民警 从 杨某 身上 查获 一包 毒品 冰毒 净重 12.4 克 检验 出 甲基苯丙胺 成分,0
posess,东莞市 第三 市区 人民检察院 指控 称 2014 年 6 月 30 日 12 时许 被告人 杨某 向 老邱 另案处理 购买 冰毒 用于 吸食 当日13时 许   <e1>   杨某   </e1>   携带   <e2>   冰毒   </e2>   在 东莞市 凤岗镇 雁田村 新高 商场 附近 路段 被 抓获 民警 从 杨某 身上 查获 一包 毒品 冰毒 净重 12.4 克 检验 出 甲基苯丙胺 成分,2
NA,东莞市 第三 市区 人民检察院 指控 称 2014 年 6 月 30 日 12 时许 被告人 杨某 向 老邱 另案处理 购买 冰毒 用于 吸食   <e1>   当日13时   </e1>   许   <e2>   杨某   </e2>   携带 冰毒 在 东莞市 凤岗镇 雁田村 新高 商场 附近 路段 被 抓获 民警 从 杨某 身上 查获 一包 毒品 冰毒 净重 12.4 克 检验 出 甲基苯丙胺 成分,4
NA,东莞市 第三 市区 人民检察院 指控 称 2014 年 6 月 30 日 12 时许 被告人   <e1>   杨某   </e1>   向 老邱 另案处理 购买 冰毒 用于 吸食 当日13时 许 杨某 携带 冰毒 在 东莞市 凤岗镇 雁田村 新高 商场 附近 路段 被 抓获 民警 从 杨某 身上 查获 一包 毒品 冰毒 净重 12.4 克 检验 出   <e2>   甲基苯丙胺   </e2>   成分,4
provide_shelter_for,武汉市 汉阳区 人民检察院 指控 2014 年 8 月 28 日 20 时许 被告人   <e1>   余某   </e1>   在 其 家中 提供 场所 容留   <e2>   余某猛   </e2>   余某雷 胡某 等 人 吸食毒品 后 当场 被 公安民警 查获 经 武汉市 公安 汉阳区 分局 现场 毒品 尿样 检测 被告人 余某 及 余某猛 余某雷 胡某 等 人均 吸食毒品,3
provide_shelter_for,武汉市 汉阳区 人民检察院 指控 2014 年 8 月 28 日 20 时许 被告人   <e1>   余某   </e1>   在 其 家中 提供 场所 容留 余某猛   <e2>   余某雷   </e2>   胡某 等 人 吸食毒品 后 当场 被 公安民警 查获 经 武汉市 公安 汉阳区 分局 现场 毒品 尿样 检测 被告人 余某 及 余某猛 余某雷 胡某 等 人均 吸食毒品,3
provide_shelter_for,武汉市 汉阳区 人民检察院 指控 2014 年 8 月 28 日 20 时许 被告人   <e1>   余某   </e1>   在 其 家中 提供 场所 容留 余某猛 余某雷   <e2>   胡某   </e2>   等 人 吸食毒品 后 当场 被 公安民警 查获 经 武汉市 公安 汉阳区 分局 现场 毒品 尿样 检测 被告人 余某 及 余某猛 余某雷 胡某 等 人均 吸食毒品,3
NA,武汉市 汉阳区 人民检察院 指控 2014 年 8 月 28 日 20 时许 被告人   <e1>   余某   </e1>   在 其 家中 提供 场所 容留   <e2>   余某猛   </e2>   余某雷 胡某 等 人 吸食毒品 后 当场 被 公安民警 查获 经 武汉市 公安 汉阳区 分局 现场 毒品 尿样 检测 被告人 余某 及 余某猛 余某雷 胡某 等 人均 吸食毒品,4
NA,武汉市 汉阳区 人民检察院 指控 2014 年 8 月 28 日 20 时许 被告人 余某 在 其 家中 提供 场所 容留 余某猛 余某雷 胡某 等 人 吸食毒品 后 当场 被 公安民警 查获 经 武汉市 公安 汉阳区 分局 现场 毒品 尿样 检测 被告人   <e1>   余某   </e1>   及   <e2>   余某猛   </e2>   余某雷 胡某 等 人均 吸食毒品,4
provide_shelter_for,莆田市 涵江区 人民检察院 指控 2010年12月30日21时许 被告人 黄某某1 邀请 其 朋友 李某某 等 三人 到 其 入住 的 格林 万豪 酒店 位于 莆田市 涵江区 涵西 街道 1201 房 玩牌 期间 被告人   <e1>   黄某某1   </e1>   容留   <e2>   李某某   </e2>   等 三人 在 该 房间内 吸食毒品 冰毒 次日上午 公安机关 在 该 房间内 抓获 被告人 黄某某1 和 李某某 并 当场 查扣 吸管 玻璃管 等 吸毒 工具 经 现场 检测 被告人 黄某某1 和 李某某 的 尿检 结果 均 呈 阳性,3
NA,莆田市 涵江区 人民检察院 指控   <e1>   2010年12月30日21时许   </e1>   被告人 黄某某1 邀请 其 朋友 李某某 等 三人 到 其 入住 的 格林 万豪 酒店 位于 莆田市 涵江区 涵西 街道 1201 房 玩牌 期间 被告人 黄某某1 容留 李某某 等 三人 在 该 房间内 吸食毒品   <e2>   次日上午   </e2>   次日上午 公安机关 在 该 房间内 抓获 被告人 黄某某1 和 李某某 并 当场 查扣 吸管 玻璃管 等 吸毒 工具 经 现场 检测 被告人 黄某某1 和 李某某 的 尿检 结果 均 呈 阳性,4
NA,莆田市 涵江区 人民检察院 指控 2010年12月30日21时许 被告人 黄某某1 邀请 其 朋友 李某某 等 三人 到 其 入住 的 格林 万豪 酒店 位于 莆田市 涵江区 涵西 街道 1201 房 玩牌 期间 被告人   <e1>   黄某某1   </e1>   容留 李某某 等 三人 在 该 房间内 吸   <e2>   冰毒   </e2>   品 冰毒 次日上午 公安机关 在 该 房间内 抓获 被告人 黄某某1 和 李某某 并 当场 查扣 吸管 玻璃管 等 吸毒 工具 经 现场 检测 被告人 黄某某1 和 李某某 的 尿检 结果 均 呈 阳性,4
sell_drugs_to,威海 经济 技术开发区 人民检察院 指控 12015 年 78 月份 的 一天 晚上 被告人   <e1>   柳某某   </e1>   将 之前 在 QQ 群里 以 300 元 价格 购买 的 一克 甲基苯丙胺 欲 以 400 元卖 给 经常 去 自己 店里 的 一名 女 顾客 因女 顾客 嫌贵 未买后 被告人 主动 联系   <e2>   张某   </e2>   并 以 300 元 的 价格 将 甲基苯丙胺 卖 给 张某,1
traffic_in,威海 经济 技术开发区 人民检察院 指控 12015 年 78 月份 的 一天 晚上 被告人   <e1>   柳某某   </e1>   将 之前 在 QQ 群里 以 300 元 价格 购买 的 一克   <e2>   甲基苯丙胺   </e2>   欲 以 400 元卖 给 经常 去 自己 店里 的 一名 女 顾客 因女 顾客 嫌贵 未买后 被告人 主动 联系 张某 并 以 300 元 的 价格 将 甲基苯丙胺 卖 给 张某,0
NA,威海 经济 技术开发区 人民检察院 指控 12015 年 78 月份 的 一天 晚上 被告人   <e1>   柳某某   </e1>   将 之前 在 QQ 群里 以 300 元 价格 购买 的 一克 甲基苯丙胺 欲 以 400 元卖 给 经常 去 自己 店里 的 一名 女 顾客 因女 顾客 嫌贵 未买后 被告人 主动 联系 张某 并 以 300 元 的 价格 将   <e2>   甲基苯丙胺   </e2>   卖 给 张某,4
NA,威海 经济 技术开发区 人民检察院 指控 12015 年 78 月份 的 一天 晚上 被告人 柳某某 将 之前 在 QQ 群里 以 300 元 价格 购买 的 一克   <e1>   甲基苯丙胺   </e1>   欲 以 400 元卖 给 经常 去 自己 店里 的 一名 女 顾客 因女 顾客 嫌贵 未买后 被告人 主动 联系 张某 并 以 300 元   <e2>   甲基苯丙胺   </e2>   基 苯丙胺 卖 给 张某,4
sell_drugs_to,南京市 玄武区 人民检察院 指控 2014 年 11月 19 日 15 时许 被告人 唐某 在 本市 秦淮区 xx 路 135 号 xx 浴室 边上 的 出租屋 内 帮助   <e1>   钟某   </e1>   另案处理 以 人民币 1200 元 的 价格 向 吸毒 人员   <e2>   肖某   </e2>   出售 甲基苯丙胺 5.158 克 针对 上述 指控 公诉人 当庭 宣读 出示 了 被告人 供述 证人 证言 及 相关 书证 等 证据 予以 证实 公诉 机关 认为 被告人 唐某 的 行为 已 构成 贩卖毒品 罪系 共同犯罪 唐某 在 共同犯罪 中系 从犯 应当 从轻 减轻 或 免除 处罚 其,1
traffic_in,南京市 玄武区 人民检察院 指控 2014 年 11月 19 日 15 时许 被告人 唐某 在 本市 秦淮区 xx 路 135 号 xx 浴室 边上 的 出租屋 内 帮助   <e1>   钟某   </e1>   另案处理 以 人民币 1200 元 的 价格 向 吸毒 人员 肖某 出售   <e2>   甲基苯丙胺   </e2>   5.158 克 针对 上述 指控 公诉人 当庭 宣读 出示 了 被告人 供述 证人 证言 及 相关 书证 等 证据 予以 证实 公诉 机关 认为 被告人 唐某 的 行为 已 构成 贩卖毒品 罪系 共同犯罪 唐某 在 共同犯罪 中系 从犯 应当 从轻 减轻 或 免除 处罚 其,0
NA,南京市 玄武区 人民检察院 指控 2014 年 11月 19 日 15 时许 被告人 唐某 在 本市 秦淮区 xx 路 135 号 xx 浴室 边上 的 出租屋 内 帮助 钟某 另案处理 以 人民币 1200 元 的 价格 向 吸毒 人员   <e1>   肖某   </e1>   出售 甲基苯丙胺 5.158 克 针对 上述 指控 公诉人 当庭 宣读 出示 了 被告人 供述 证人 证言 及 相关 书证 等 证据 予以 证实 公诉 机关 认为   <e2>   唐某   </e2>   告人 唐某 的 行为 已 构成 贩卖毒品 罪系 共同犯罪 唐某 在 共同犯罪 中系 从犯 应当 从轻 减轻 或 免除 处罚 其,4
NA,南京市 玄武区 人民检察院 指控 2014 年 11月 19 日 15 时许 被告人   <e1>   唐某   </e1>   在 本市 秦淮区 xx 路 135 号 xx 浴室 边上 的 出租屋 内 帮助 钟某 另案处理 以 人民币 1200 元 的 价格 向 吸毒 人员 肖某 出售 甲基苯丙胺 5.158 克 针对 上述 指控 公诉人 当庭 宣读 出示 了 被告人 供述 证人 证言 及 相关 书证 等 证据 予以 证实 公诉 机关 认为   <e2>   唐某   </e2>   告人 唐某 的 行为 已 构成 贩卖毒品 罪系 共同犯罪 唐某 在 共同犯罪 中系 从犯 应当 从轻 减轻 或 免除 处罚 其,4
sell_drugs_to,花垣县 人民检察院 指控 2016 年 6 月 9 日 下午 吸毒 人员 郑某 周某1 到 被告人 刘某某 家 找到 吴某 要 吴 帮忙 购买 毒品 冰毒 并 送给 吴购 毒 资金 80 元后   <e1>   吴某   </e1>   从   <e2>   杨某1   </e2>   员 杨某1 处 购买 了 100 元 的 冰毒 并 拿 回 刘某某 家 吴某 刘某某 郑某 周某1 四人 就 在 刘某某 家 四楼 客厅 内 共同 吸食 冰毒,1
traffic_in,花垣县 人民检察院 指控 2016 年 6 月 9 日 下午 吸毒 人员 郑某 周某1 到 被告人 刘某某 家 找到 吴某 要 吴 帮忙 购买 毒品 冰毒 并 送给 吴购 毒 资金 80 元后 吴某 从 贩毒 人员   <e1>   杨某1   </e1>   处 购买 了 100 元 的   <e2>   冰毒   </e2>   并 拿 回 刘某某 家 吴某 刘某某 郑某 周某1 四人 就 在 刘某某 家 四楼 客厅 内 共同 吸食 冰毒,0
provide_shelter_for,花垣县 人民检察院 指控 2016 年 6 月 9 日 下午 吸毒 人员 郑某 周某1 到 被告人 刘某某 家 找到 吴某 要 吴 帮忙 购买 毒品 冰毒 并 送给 吴购 毒 资金 80 元后 吴某 从 贩毒 人员 杨某1 处 购买 了 100 元 的 冰毒 并 拿 回 刘某某 家   <e1>   吴某   </e1>   刘某某 郑某 周某1   <e2>   刘某某   </e2>   在 刘某某 家 四楼 客厅 内 共同 吸食 冰毒,3
provide_shelter_for,花垣县 人民检察院 指控 2016 年 6 月 9 日 下午 吸毒 人员 郑某 周某1 到 被告人 刘某某 家 找到 吴某 要 吴 帮忙 购买 毒品 冰毒 并 送给 吴购 毒 资金 80 元后 吴某 从 贩毒 人员 杨某1 处 购买 了 100 元 的 冰毒 并 拿 回 刘某某 家 吴某   <e1>   刘某某   </e1>   郑某 周某1   <e2>   刘某某   </e2>   在 刘某某 家 四楼 客厅 内 共同 吸食 冰毒,3
provide_shelter_for,花垣县 人民检察院 指控 2016 年 6 月 9 日 下午 吸毒 人员 郑某 周某1 到 被告人 刘某某 家 找到 吴某 要 吴 帮忙 购买 毒品 冰毒 并 送给 吴购 毒 资金 80 元后 吴某 从 贩毒 人员 杨某1 处 购买 了 100 元 的 冰毒 并 拿 回 刘某某 家 吴某 刘某某   <e1>   郑某   </e1>   周某1   <e2>   刘某某   </e2>   在 刘某某 家 四楼 客厅 内 共同 吸食 冰毒,3
provide_shelter_for,花垣县 人民检察院 指控 2016 年 6 月 9 日 下午 吸毒 人员 郑某 周某1 到 被告人 刘某某 家 找到 吴某 要 吴 帮忙 购买 毒品 冰毒 并 送给 吴购 毒 资金 80 元后 吴某 从 贩毒 人员 杨某1 处 购买 了 100 元 的 冰毒 并 拿 回 刘某某 家 吴某 刘某某 郑某   <e1>   周某1   </e1>     <e2>   刘某某   </e2>   在 刘某某 家 四楼 客厅 内 共同 吸食 冰毒,3
NA,花垣县 人民检察院 指控 2016 年 6 月 9 日 下午 吸毒 人员 郑某 周某1 到 被告人 刘某某 家 找到 吴某 要   <e1>   吴   </e1>   帮忙 购买 毒品 冰毒 并 送给 吴购 毒 资金 80 元后 吴某 从 贩毒 人员 杨某1 处 购买 了 100 元 的 冰毒 并 拿 回 刘某某 家   <e2>   刘某某   </e2>   刘某某 郑某 周某1 四人 就 在 刘某某 家 四楼 客厅 内 共同 吸食 冰毒,4
NA,花垣县 人民检察院 指控 2016 年 6 月 9 日 下午 吸毒 人员 郑某 周某1 到 被告人 刘某某 家 找到 吴某 要   <e1>   吴   </e1>   帮忙 购买 毒品 冰毒 并 送给 吴购 毒 资金 80 元后 吴某 从   <e2>   杨某1   </e2>   员 杨某1 处 购买 了 100 元 的 冰毒 并 拿 回 刘某某 家 吴某 刘某某 郑某 周某1 四人 就 在 刘某某 家 四楼 客厅 内 共同 吸食 冰毒,4
traffic_in,龙州县 人民检察院 指控 2013 年 4 月 中旬 至 2013 年 5 月 8 日 被告人   <e1>   林某某   </e1>   分别 在 龙州县龙州镇新填地广场 东街 和 兴仁 街 十字路口 等 地 三次 零包 贩卖毒品   <e2>   海洛因   </e2>   给 吸毒 人员 公诉 机关 向 法庭 提供 相关 证据 公诉 机关 认为 被告人 的 行为 已触犯 中华人民共和国 刑法 第三 百 四十七 条 第四款 规定 构成 贩卖毒品 罪 提请 本院 依法 惩处,0
NA,龙州县 人民检察院 指控 2013 年 4 月 中旬 至 2013 年 5 月 8 日 被告人   <e1>   林某某   </e1>   <e2>   龙州县龙州镇新填地广场   </e2>   填地 广场 东街 和 兴仁 街 十字路口 等 地 三次 零包 贩卖毒品 海洛因 给 吸毒 人员 公诉 机关 向 法庭 提供 相关 证据 公诉 机关 认为 被告人 的 行为 已触犯 中华人民共和国 刑法 第三 百 四十七 条 第四款 规定 构成 贩卖毒品 罪 提请 本院 依法 惩处,4
NA,龙州县 人民检察院 指控 2013 年 4 月 中旬 至 2013 年 5 月 8 日 被告人 林某某 分别 在 龙州县龙州镇新填地广场   <e1>   东街   </e1>   和 兴仁 街 十字路口 等 地 三次 零包 贩卖毒品   <e2>   海洛因   </e2>   给 吸毒 人员 公诉 机关 向 法庭 提供 相关 证据 公诉 机关 认为 被告人 的 行为 已触犯 中华人民共和国 刑法 第三 百 四十七 条 第四款 规定 构成 贩卖毒品 罪 提请 本院 依法 惩处,4
posess,经 审理 查明 2016年6月1日10时 15 分许 景洪市 公安局 南路 派出所 民警 在 景洪市 曼听大寨 开展 租房 清查工作 时 在 曼听大寨 出租房 301 室 抓获 被告人 高某 当场 从 被告人   <e1>   高某   </e1>   租住 的 房间内 床头 旁 的 小 茶几 下 查获 藏匿在 铁皮 盒内 的   <e2>   冰毒   </e2>   可疑 物 一盒 经 称量 被告人 高某 被 抓获 时 非法 持有 的 冰毒 可疑 物 净重 32.3 克,2
NA,经 审理 查明   <e1>   2016年6月1日10时   </e1>   15 分许 景洪市 公安局 南路 派出所 民警 在 景洪市 曼听大寨 开展 租房 清查工作 时 在   <e2>   曼听大寨   </e2>   出租房 301 室 抓获 被告人 高某 当场 从 被告人 高某 租住 的 房间内 床头 旁 的 小 茶几 下 查获 藏匿在 铁皮 盒内 的 冰毒 可疑 物 一盒 经 称量 被告人 高某 被 抓获 时 非法 持有 的 冰毒 可疑 物 净重 32.3 克,4
NA,经 审理 查明 2016年6月1日10时 15 分许 景洪市 公安局 南路 派出所 民警 在 景洪市 曼听大寨 开展 租房 清查工作 时 在 曼听大寨 出租房 301 室 抓获 被告人   <e1>   高某   </e1>   当场 从 被告人 高某 租住 的 房间内 床头 旁 的 小 茶几 下 查获 藏匿在 铁皮 盒内 的   <e2>   冰毒   </e2>   可疑 物 一盒 经 称量 被告人 高某 被 抓获 时 非法 持有 的 冰毒 可疑 物 净重 32.3 克,4
posess,经 审理 查明 2010年9月7日12时 许 沈阳 铁路 公安处 乘警 在 由 成都 开往 沈阳 北 的 K386 次列车 执勤 时 从 7 号 车厢 7 号 上铺 被告人   <e1>   张某某   </e1>   随身携带 的 奶茶 盒内 查获 疑似 毒品 2 小袋 后经 沈阳 铁路 公安局 刑事 技术 处 鉴定 均 含有   <e2>   甲基苯丙胺   </e2>   成分 重 96.30 克 破案 后 毒品 已 上缴 沈阳 铁路 公安局,2
NA,经 审理 查明 2010年9月7日12时 许 沈阳 铁路 公安处 乘警 在 由   <e1>   成都   < / e1   <e2>   沈阳   </e2>   开往 沈阳 北 的 K386 次列车 执勤 时 从 7 号 车厢 7 号 上铺 被告人 张某某 随身携带 的 奶茶 盒内 查获 疑似 毒品 2 小袋 后经 沈阳 铁路 公安局 刑事 技术 处 鉴定 均 含有 甲基苯丙胺 成分 重 96.30 克 破案 后 毒品 已 上缴 沈阳 铁路 公安局,4
NA,经 审理 查明   <e1>   2010年9月7日12时   </e1>   许 沈阳 铁路 公安处 乘警 在 由 成都 开往   <e2>   沈阳   </e2>   北 的 K386 次列车 执勤 时 从 7 号 车厢 7 号 上铺 被告人 张某某 随身携带 的 奶茶 盒内 查获 疑似 毒品 2 小袋 后经 沈阳 铁路 公安局 刑事 技术 处 鉴定 均 含有 甲基苯丙胺 成分 重 96.30 克 破案 后 毒品 已 上缴 沈阳 铁路 公安局,4
sell_drugs_to,某区 人民检察院 指控 2011 年 10 月 20 日 11 时许 被告人   <e1>   丁某   </e1>   在 本市 A 路 A 号   <e2>   张某   </e2>   向 张某 另案处理 以 人民币 5300 元 购买 3 包 甲基苯丙胺 嗣后 被告人 丁某 在 离开 A 路 A 号 一楼 时 被 民警 抓获 民警 当场 从 其 身上 查获 毒品 白色晶体 5 包 红色 药片 1 粒 黄色 药片 1 包经 检验 上述 5 包 白色晶体 状 物品 净重 13.99 克均 检出 甲基苯丙胺 成分 1 粒 红色 药片 净重 0.39克 检出 咖啡因 成分,1
traffic_in,某区 人民检察院 指控 2011 年 10 月 20 日 11 时许 被告人 丁某 在 本市 A 路 A 号 A 室 向   <e1>   张某   </e1>   另案处理 以 人民币 5300 元 购买 3 包   <e2>   甲基苯丙胺   </e2>   嗣后 被告人 丁某 在 离开 A 路 A 号 一楼 时 被 民警 抓获 民警 当场 从 其 身上 查获 毒品 白色晶体 5 包 红色 药片 1 粒 黄色 药片 1 包经 检验 上述 5 包 白色晶体 状 物品 净重 13.99 克均 检出 甲基苯丙胺 成分 1 粒 红色 药片 净重 0.39克 检出 咖啡因 成分,0
NA,某区 人民检察院 指控 2011 年 10 月 20 日 11 时许 被告人 丁某 在 本市 A 路 A 号 A 室 向 张某 另案处理 以 人民币 5300 元 购买 3 包 甲基苯丙胺 嗣后 被告人 丁某 在 离开 A 路 A 号 一楼 时 被 民警 抓获 民警 当场 从 其 身上 查获 毒品 白色晶体 5 包 红色 药片 1 粒 黄色 药片 1 包经 检验 上述 5 包 白色晶体 状 物品 净重 13.99 克均 检出   <e1>   甲基苯丙胺   </e1>   成分 1 粒 红色   <e2>   0.39克   </e2>   . 39 克 检出 咖啡因 成分,4
NA,某区 人民检察院 指控 2011 年 10 月 20 日 11 时许 被告人 丁某 在 本市 A 路 A 号 A 室 向   <e1>   张某   </e1>   另案处理 以 人民币 5300 元 购买 3 包 甲基苯丙胺 嗣后 被告人   <e2>   丁某   </e2>   在 离开 A 路 A 号 一楼 时 被 民警 抓获 民警 当场 从 其 身上 查获 毒品 白色晶体 5 包 红色 药片 1 粒 黄色 药片 1 包经 检验 上述 5 包 白色晶体 状 物品 净重 13.99 克均 检出 甲基苯丙胺 成分 1 粒 红色 药片 净重 0.39克 检出 咖啡因 成分,4
provide_shelter_for,吉林省 吉林市 龙潭区 人民检察院 指控 被告人   <e1>   高某某   </e1>   于 2012 年 7 月 至 2013 年 1 月间 在 吉林市龙潭区东岭屯平房其租住家中 先后 三次 容留   <e2>   孙某某   </e2>   吸食毒品,3
NA,吉林省 吉林市 龙潭区 人民检察院 指控 被告人   <e1>   高某某   </e1>   于 2012 年 7 月 至 2013 年 1 月间 在 吉林市龙潭区东岭屯平房其租住家中 先后   <e2>   孙某某   </e2>   留 孙某某 吸食毒品,4
NA,吉林省 吉林市 龙潭区 人民检察院 指控 被告人 高某某 于 2012 年 7 月 至 2013 年 1 月间 在   <e1>   吉林市龙潭区东岭屯平房其租住家中   </e1>   先后   <e2>   孙某某   </e2>   留 孙某某 吸食毒品,4
sell_drugs_to,广西壮族自治区 柳州市鱼峰区 人民检察院 指控 2012年6月7日19时 许 被告人   <e1>   黄甲   </e1>   经 电话 联系 后 驾驶 电动车 至 柳州市鱼峰区 京港路 箭 盘山 公园 大门 左侧 的 便利店 前 的 马路边 将 一小包 毒品 以 人民币 100 元 的 价格 贩卖 给 吸 某某 员   <e2>   李某某   </e2>   交易 完成 后 即 被 公安民警 抓获 并 当场 从 李某某 的 身上 缴获 毒品 一小包 从 被告人 黄甲 身上 缴获 毒资 人民币 100 元经 鉴定 缴获 的 毒品 中 检出 海洛因 成分 净重 0.5克,1
NA,广西壮族自治区 柳州市鱼峰区 人民检察院 指控 2012年6月7日19时 许 被告人 黄甲 经 电话 联系 后 驾驶 电动车 至 柳州市鱼峰区 京港路 箭 盘山 公园 大门 左侧 的 便利店 前 的 马路边 将 一小包 毒品 以 人民币 100 元 的 价格 贩卖 给 吸 某某 员 李某某 交易 完成 后 即 被 公安民警 抓获 并 当场 从   <e1>   李某某   </e1>   的 身上 缴获 毒品 一小包 从 被告人 黄甲 身上 缴获 毒资 人民币 100 元经 鉴定 缴获 的 毒   <e2>   海洛因   </e2>   出 海洛因 成分 净重 0.5克,4
NA,广西壮族自治区 柳州市鱼峰区 人民检察院 指控   <e1>   2012年6月7日19时   </e1>   许 被告人 黄甲 经 电话 联系 后 驾驶 电动车 至 柳州市鱼峰区 京港路 箭 盘山 公园 大门 左侧 的 便利店 前 的 马路边 将 一小包 毒品 以 人民币 100 元 的 价格 贩卖 给 吸 某某 员   <e2>   李某某   </e2>   交易 完成 后 即 被 公安民警 抓获 并 当场 从 李某某 的 身上 缴获 毒品 一小包 从 被告人 黄甲 身上 缴获 毒资 人民币 100 元经 鉴定 缴获 的 毒品 中 检出 海洛因 成分 净重 0.5克,4
posess,宁夏回族自治区 同心县 人民检察院 指控 2014 年 5 月 28 日 下午 同心县 公安局 民警 在 同心县韦州镇 抓获 被告人 王某某 当场 从   <e1>   王某某   </e1>   驾驶 的 摩托车 的 车筐 里 查获 两 小包 毒品   <e2>   海洛因   </e2>   分别 是 外用 一 白色 塑料袋 包裹 的 白色 粉 块状 毒品 后经 吴忠市 公安局 刑事 科学技术 研究所 鉴定 检出 海洛因 净重 1 0.1克 和 一 外用 绿色 塑料袋 包裹 的 白色 粉 块状 可疑 毒品 后经 吴忠市 公安局 刑事 科学技术 研究所 鉴定 未 检出 海洛因 净重 1.8克,2
NA,宁夏回族自治区 同心县 人民检察院 指控 2014 年 5 月 28 日 下午 同心县 公安局 民警 在   <e1>   同心县韦州镇   </e1>   抓获 被告人 王某某 当场 从 王某某 驾驶 的 摩托车 的 车筐 里 查获 两 小包 毒品 海洛因 分别 是 外用 一 白色 塑料袋 包裹 的 白色 粉 块状 毒品 后经 吴忠市 公安局 刑事 科学技术 研究所 鉴定 检出 海洛因 净重 1 0.1克 和 一 外用 绿色 塑料袋 包裹 的 白色 粉 块状 可疑 毒品 后经 吴忠市 公安局 刑事 科学技术 研究所 鉴定 未 检出 海洛因 净重   <e2>   1.8克   </e2>  ,4
NA,宁夏回族自治区 同心县 人民检察院 指控 2014 年 5 月 28 日 下午 同心县 公安局 民警 在   <e1>   同心县韦州镇   </e1>   抓获 被告人   <e2>   王某某   </e2>   当场 从 王某某 驾驶 的 摩托车 的 车筐 里 查获 两 小包 毒品 海洛因 分别 是 外用 一 白色 塑料袋 包裹 的 白色 粉 块状 毒品 后经 吴忠市 公安局 刑事 科学技术 研究所 鉴定 检出 海洛因 净重 1 0.1克 和 一 外用 绿色 塑料袋 包裹 的 白色 粉 块状 可疑 毒品 后经 吴忠市 公安局 刑事 科学技术 研究所 鉴定 未 检出 海洛因 净重 1.8克,4
sell_drugs_to,广州市 花都区 人民检察院 指控 2014 年 7 月 4日 23 时许 被告人   <e1>   陶某   </e1>   去 到 广州市 花都区 狮岭 镇 盘古 路三晶 酒店 452 房内 以 100 元 的 价格 贩卖 1 小包 白色晶体 给 购毒 人员   <e2>   刘某某   </e2>   交易 后 被 公安人员 当场 人赃并获 公安人员 在 被告人 陶某 处 起获 毒资 100 元及 手机 1 台 在 购毒 人员 刘某某 身上 起获 白色晶体 1 小包 经 鉴定 上述 白色晶体 1 小包 净重 0.45克 检出 甲基苯丙胺 成分,1
traffic_in,广州市 花都区 人民检察院 指控 2014 年 7 月 4日 23 时许 被告人 陶某 去 到 广州市 花都区 狮岭 镇 盘古 路三晶 酒店 452 房内 以 100 元 的 价格 贩卖 1 小包 白色晶体 给 购毒 人员 刘某某 交易 后 被 公安人员 当场 人赃并获 公安人员 在 被告人   <e1>   陶某   </e1>   处 起获 毒资 100 元及 手机 1 台 在 购毒 人员 刘某某 身上 起获 白色晶体 1 小包 经 鉴定 上述 白色晶体 1 小包 净重 0.45克 检出   <e2>   甲基苯丙胺   </e2>   成分,0
NA,广州市 花都区 人民检察院 指控 2014 年 7 月 4日 23 时许 被告人 陶某 去 到 广州市 花都区 狮岭 镇 盘古 路三晶 酒店 452 房内 以 100 元 的 价格 贩卖 1 小包 白色晶体 给 购毒 人员 刘某某 交易 后 被 公安人员 当场 人赃并获 公安人员 在 被告人   <e1>   陶某   </e1>   处 起获 毒资 100 元及 手机 1 台 在 购毒 人员 刘某某 身上 起获 白色晶体 1 小包 经 鉴定 上述 白色晶体 1 小包 净重   <e2>   0.45克   </e2>   检出 甲基苯丙胺 成分,4
NA,广州市 花都区 人民检察院 指控 2014 年 7 月 4日 23 时许 被告人 陶某 去 到 广州市 花都区 狮岭 镇 盘古 路三晶 酒店 452 房内 以 100 元 的 价格 贩卖 1 小包 白色晶体 给 购毒 人员 刘某某 交易 后 被 公安人员 当场 人赃并获 公安人员 在 被告人 陶某 处 起获 毒资 100 元及 手机 1 台 在 购毒 人员   <e1>   刘某某   </e1>   身上 起获 白色晶体 1 小包 经 鉴定 上述 白色晶体 1 小包 净重   <e2>   0.45克   </e2>   检出 甲基苯丙胺 成分,4
posess,经 审理 查明 2016 年 8 月 23 日 7 时许 武汉市公安局 黄陂区 分局 横店街 派出所 民警 巡逻 至 被告人   <e1>   邓某   </e1>   位于 本区 横店街 幸福 里 小区 9 栋 二 单元 401 室 的 住所 附近 时 发现 该 房屋内 有 响动 且 有 毒品 的 香味 后 民警 敲门 进入 其 家中 进行 搜查 随后 在 该 房屋 的 一个 卧室 内 搜出   <e2>   甲基苯丙胺   </e2>   红色 片剂 俗称 麻果 138 颗 甲基苯丙胺 绿色 片剂 17 颗 甲基苯丙胺 晶体 冰毒 3 包 上述 毒品 经 称量 共重 15.97克 经 武汉市 公安 毒品 司法鉴定 中心 鉴定 上述 检材 均 检出 毒品 甲基苯丙胺 成分,2
NA,经 审理 查明 2016 年 8 月 23 日 7 时许 武汉市公安局 黄陂区 分局 横店街 派出所 民警 巡逻 至 被告人 邓某 位于 本区   <e1>   横店街   </e1>   幸福 里 小区 9 栋 二 单元 401 室 的 住所 附近 时 发现 该 房屋内 有 响动 且 有 毒品 的 香味 后 民警 敲门 进入 其 家中 进行 搜查 随后 在 该 房屋 的 一个 卧室 内 搜出 甲基苯丙胺 红色 片剂 俗称 麻果 138 颗 甲基苯丙胺 绿色 片剂 17 颗 甲基 苯丙   <e2>   冰毒   </e2>   体 冰毒 3 包 上述 毒品 经 称量 共重 15.97克 经 武汉市 公安 毒品 司法鉴定 中心 鉴定 上述 检材 均 检出 毒品 甲基苯丙胺 成分,4
NA,经 审理 查明 2016 年 8 月 23 日 7 时许 武汉市公安局 黄陂区 分局 横店街 派出所 民警 巡逻 至 被告人 邓某 位于 本区 横店街 幸福 里 小区 9 栋 二 单元 401 室 的 住所 附近 时 发现 该 房屋内 有 响动 且 有 毒品 的 香味 后 民警 敲门 进入 其 家中 进行 搜查 随后 在 该 房屋 的 一个 卧室 内 搜出 甲基苯丙胺 红色 片剂 俗称 麻果 138 颗 甲基苯丙胺 绿色 片剂 17 颗 甲基苯丙胺 晶体   <e1>   冰毒   </e1>   3 包 上述 毒品 经 称量 共重   <e2>   15.97克   </e2>   经 武汉市 公安 毒品 司法鉴定 中心 鉴定 上述 检材 均 检出 毒品 甲基苯丙胺 成分,4
sell_drugs_to,公诉 机关 指控 2016年4月20日18时 许 被告人   <e1>   杨某某   </e1>   与 吸毒 人员   <e2>   冉某   </e2>   在 本市 金珠 西路 八一 社区 瑞迪 网卡 附近 进行 毒品 交易 交易 完成 后 准备 离开 时 被 侦查人员 当场 抓获 侦查人员 当场 从 被告人 杨某某 处 搜出 贩卖毒品 所得 人民币 541 元 作案工具 手机 一部 从 吸毒 人员 冉某 处 搜出 其 从 被告人 杨某某 处 购买 的 用 透明 密封 塑料袋 包装 的 白色 可疑 晶体 物 一包 经 依法 鉴定 从 吸毒 人员 冉某 处 扣押 的 白色 可疑 晶体 物 净重 0.5050克 从中 检出 甲基苯丙胺 成分 公诉 机关 认为 被告人 的 行为 触犯 中华人民共和国 刑法 第三 百 四十七 条 第四款 之 规定 构成 贩卖毒品 罪 建议 法庭 判处 被告人 杨某某 有期徒刑 六个月 至 一年 并 处罚金,1
traffic_in,公诉 机关 指控 2016年4月20日18时 许 被告人 杨某某 与 吸毒 人员 冉某 在 本市 金珠 西路 八一 社区 瑞迪 网卡 附近 进行 毒品 交易 交易 完成 后 准备 离开 时 被 侦查人员 当场 抓获 侦查人员 当场 从 被告人 杨某某 处 搜出 贩卖毒品 所得 人民币 541 元 作案工具 手机 一部 从 吸毒 人员 冉某 处 搜出 其 从 被告人   <e1>   杨某某   </e1>   处 购买 的 用 透明 密封 塑料袋 包装 的 白色 可疑 晶体 物 一包 经 依法 鉴定 从 吸毒 人员 冉某 处 扣押 的 白色 可疑 晶体 物 净重 0.5050克 从中 检出   <e2>   甲基苯丙胺   </e2>   成分 公诉 机关 认为 被告人 的 行为 触犯 中华人民共和国 刑法 第三 百 四十七 条 第四款 之 规定 构成 贩卖毒品 罪 建议 法庭 判处 被告人 杨某某 有期徒刑 六个月 至 一年 并 处罚金,0
NA,公诉 机关 指控 2016年4月20日18时 许 被告人 杨某某 与 吸毒 人员 冉某 在 本市 金珠 西路 八一 社区 瑞迪 网卡 附近 进行 毒品 交易 交易 完成 后 准备 离开 时 被 侦查人员 当场 抓获 侦查人员 当场 从 被告人 杨某某 处 搜出 贩卖毒品 所得 人民币 541 元 作案工具 手机 一部 从 吸毒 人员   <e1>   冉某   </e1>   处 搜出 其 从 被告人 杨某某 处 购买 的 用 透明 密封 塑料袋 包装 的 白色 可疑 晶体 物 一包 经 依法 鉴定 从 吸毒 人员 冉某 处 扣押 的 白色 可疑 晶体 物 净重   <e2>   0.5050克   </e2>   从中 检出 甲基苯丙胺 成分 公诉 机关 认为 被告人 的 行为 触犯 中华人民共和国 刑法 第三 百 四十七 条 第四款 之 规定 构成 贩卖毒品 罪 建议 法庭 判处 被告人 杨某某 有期徒刑 六个月 至 一年 并 处罚金,4
NA,公诉 机关 指控   <e1>   2016年4月20日18时   </e1>   许 被告人 杨某某 与 吸毒 人员 冉某 在 本市 金珠 西路 八一 社区 瑞迪 网卡 附近 进行 毒品 交易 交易 完成 后 准备 离开 时 被 侦查人员 当场 抓获 侦查人员 当场 从 被告人 杨某某 处 搜出 贩卖毒品 所得 人民币 541 元 作案工具 手机 一部 从 吸毒 人员 冉某 处 搜出 其 从 被告人 杨某某 处 购买 的 用 透明 密封 塑料袋 包装 的 白色 可疑 晶体 物 一包 经 依法 鉴定 从 吸毒 人员 冉某 处 扣押 的 白色 可疑 晶体 物 净重 0.5050克   <e2>   甲基苯丙胺   </e2>   基 苯丙胺 成分 公诉 机关 认为 被告人 的 行为 触犯 中华人民共和国 刑法 第三 百 四十七 条 第四款 之 规定 构成 贩卖毒品 罪 建议 法庭 判处 被告人 杨某某 有期徒刑 六个月 至 一年 并 处罚金,4
sell_drugs_to,公诉 机关 指控 称 2016 年 8 月 以来 被告人   <e1>   劳为联   </e1>   以 手机 为 联系 工具 在 东莞市 虎门镇 南栅 社区 贩卖毒品 海洛因 经查 劳为联 在 虎门镇南栅湖南 高速 桥底 以 200 元 / 小包 的 价格 将 毒品 海洛因 贩卖 给 吸毒 人员   <e2>   张某共   </e2>   2 次 共 2 小包 以 50 元 / 小包 的 价格 将 毒品 海洛因 贩卖 给 吸毒 人员 闭 远海 共 2 次 共 2 小包 在 虎门镇 南栅 市场 附近 的 鱼塘 边 附近 以 100 元 / 小包 的 价格 将 毒品 海洛因 给 吸毒 人员 郑某 共 1 次 共 1 小包 2016 年 8 月 26 日 15 时许 公安人员 在 虎门镇南栅湖南 高速 桥底 抓获 劳为联 当场 缴获 劳为联 用于 贩卖 的 毒品 海洛因 0.9 2克 检验 出 海洛因 成分 手机 等 物品 1 批,1
traffic_in,公诉 机关 指控 称 2016 年 8 月 以来 被告人   <e1>   劳为联   </e1>   以 手机 为 联系 工具 在 东莞市 虎门镇 南栅 社区 贩卖毒品 海洛因 经查 劳为联 在 虎门镇南栅湖南 高速 桥底 以 200 元 / 小包 的 价格 将 毒品   <e2>   海洛因   </e2>   贩卖 给 吸毒 人员 张某共 2 次 共 2 小包 以 50 元 / 小包 的 价格 将 毒品 海洛因 贩卖 给 吸毒 人员 闭 远海 共 2 次 共 2 小包 在 虎门镇 南栅 市场 附近 的 鱼塘 边 附近 以 100 元 / 小包 的 价格 将 毒品 海洛因 给 吸毒 人员 郑某 共 1 次 共 1 小包 2016 年 8 月 26 日 15 时许 公安人员 在 虎门镇南栅湖南 高速 桥底 抓获 劳为联 当场 缴获 劳为联 用于 贩卖 的 毒品 海洛因 0.9 2克 检验 出 海洛因 成分 手机 等 物品 1 批,0
NA,公诉 机关 指控 称 2016 年 8 月 以来 被告人 劳为联 以 手机 为 联系 工具 在 东莞市 虎门镇 南栅 社区 贩卖毒品 海洛因 经查 劳为联 在 虎门镇南栅湖南 高速 桥底 以 200 元 / 小包 的 价格 将 毒品   <e1>   海洛因   </e1>   贩卖 给 吸毒 人员 张某共 2 次 共 2 小包 以 50 元 / 小包 的 价格 将 毒品 海洛因 贩卖 给 吸毒 人员 闭 远海 共 2 次 共 2 小包 在 虎门镇 南栅 市场 附近 的 鱼塘 边 附近 以 100 元 / 小包 的 价格 将 毒品 海洛因 给 吸毒 人员 郑某 共 1 次 共 1 小包 2016 年 8 月 26 日 15 时许 公安人员 在   <e2>   虎门镇南栅湖南   </e2>   高速 桥底 抓获 劳为联 当场 缴获 劳为联 用于 贩卖 的 毒品 海洛因 0.9 2克 检验 出 海洛因 成分 手机 等 物品 1 批,4
NA,公诉 机关 指控 称 2016 年 8 月 以来 被告人   <e1>   劳为联   </e1>   以 手机 为 联系 工具 在 东莞市 虎门镇 南栅 社区 贩卖毒品 海洛因 经查 劳为联 在   <e2>   虎门镇南栅湖南   </e2>   高速 桥底 以 200 元 / 小包 的 价格 将 毒品 海洛因 贩卖 给 吸毒 人员 张某共 2 次 共 2 小包 以 50 元 / 小包 的 价格 将 毒品 海洛因 贩卖 给 吸毒 人员 闭 远海 共 2 次 共 2 小包 在 虎门镇 南栅 市场 附近 的 鱼塘 边 附近 以 100 元 / 小包 的 价格 将 毒品 海洛因 给 吸毒 人员 郑某 共 1 次 共 1 小包 2016 年 8 月 26 日 15 时许 公安人员 在 虎门镇南栅湖南 高速 桥底 抓获 劳为联 当场 缴获 劳为联 用于 贩卖 的 毒品 海洛因 0.9 2克 检验 出 海洛因 成分 手机 等 物品 1 批,4
posess,全州县 人民检察院 指控 2015 年 6 月 1 日 9 时 30 分许 被告人 蒋文 在 石塘镇 乐中 村委 地七陂村 王某 家 附近 因 行为 异常 被 巡逻 的 民警 盘查 经 检查 民警 当场 从 被告人   <e1>   蒋文   </e1>   身上 和 其 所 携带 的 袋子 内 缴获 毒品   <e2>   冰毒   </e2>   和 海洛因 疑似 物 并 从 其 暂住 的 王某 家 的 房间内 缴获 了 毒品 冰毒 疑似 物经 当面 称量 共 缴获 被告人 蒋文 的 毒品 冰毒 疑似 物 25 包 净重 46.44 克 海洛因 疑似 物 34 包 净重 11.69 克该 毒品 已 按规定 上缴 经 桂林市 公安局 物证 鉴定 所 鉴定 从 被告人 蒋文 处 缴获 的 冰毒 疑似 物 检出 甲基苯丙胺 海洛因 疑似 物 检出 海洛因,2
posess,全州县 人民检察院 指控 2015 年 6 月 1 日 9 时 30 分许 被告人 蒋文 在 石塘镇 乐中 村委 地七陂村 王某 家 附近 因 行为 异常 被 巡逻 的 民警 盘查 经 检查 民警 当场 从 被告人   <e1>   蒋文   </e1>   身上 和 其 所 携带 的 袋子 内 缴获 毒品 冰毒 和   <e2>   海洛因   </e2>   疑似 物 并 从 其 暂住 的 王某 家 的 房间内 缴获 了 毒品 冰毒 疑似 物经 当面 称量 共 缴获 被告人 蒋文 的 毒品 冰毒 疑似 物 25 包 净重 46.44 克 海洛因 疑似 物 34 包 净重 11.69 克该 毒品 已 按规定 上缴 经 桂林市 公安局 物证 鉴定 所 鉴定 从 被告人 蒋文 处 缴获 的 冰毒 疑似 物 检出 甲基苯丙胺 海洛因 疑似 物 检出 海洛因,2
NA,全州县 人民检察院 指控 2015 年 6 月 1 日 9 时 30 分许 被告人 蒋文 在   <e1>   石塘镇   </e1>   乐中 村委 地七陂村 王某 家 附近 因 行为 异常 被 巡逻 的 民警 盘查 经 检查 民警 当场 从 被告人 蒋文 身上 和 其 所 携带 的 袋子 内 缴获 毒品 冰毒 和 海洛因 疑似 物 并 从 其 暂住 的 王某 家 的 房间内 缴获 了 毒品 冰毒 疑似 物经 当面 称量 共 缴获 被告人 蒋文 的 毒品 冰毒 疑似 物 25 包 净重 46 .   <e2>   海洛因   </e2>   海洛因 疑似 物 34 包 净重 11.69 克该 毒品 已 按规定 上缴 经 桂林市 公安局 物证 鉴定 所 鉴定 从 被告人 蒋文 处 缴获 的 冰毒 疑似 物 检出 甲基苯丙胺 海洛因 疑似 物 检出 海洛因,4
NA,全州县 人民检察院 指控 2015 年 6 月 1 日 9 时 30 分许 被告人 蒋文 在 石塘镇 乐中 村委 地七陂村 王某 家 附近 因 行为 异常 被 巡逻 的 民警 盘查 经 检查 民警 当场 从 被告人 蒋文 身上 和 其 所 携带 的 袋子 内 缴获 毒品 冰毒 和 海洛因 疑似 物 并 从 其 暂住 的 王某 家 的 房间内 缴获 了 毒品   <e1>   冰毒   </e1>   疑似 物经 当面 称量 共 缴获 被告人 蒋文 的 毒品 冰毒 疑似 物 25 包 净重 46.44 克 海洛因 疑似 物 34 包 净重 11.69 克该 毒品 已 按规定 上缴 经 桂林市 公安局 物证 鉴定 所 鉴定 从 被告人 蒋文 处 缴获 的 冰毒 疑似 物 检出 甲基   <e2>   海洛因   </e2>   海洛因 疑似 物 检出 海洛因,4
posess,潜江市 人民检察院 指控 2014 年 6 月 19 日 16 时许 潜江市 公安局 民警 在 潜江市泰丰办事处泰丰路 欣然 旅社 303 房 将 在 此 登记 住宿 的   <e1>   龚某   </e1>   抓获 当场 从 该 房内 查获 含   <e2>   海洛因   </e2>   成分 的 灰色 粉末 净重 11.726克 公诉 机关 针对 指控 的 上述事实 向 法庭 提交 了 相应 证据 公诉 机关 认为 被告人 龚某 的 行为 构成 非法 持有 毒品 罪 公诉 机关 要求 依照 中华人民共和国 刑法 第三 百 四十八条 之 规定 对 被告人 龚某 予以 判处,2
NA,潜江市 人民检察院 指控 2014 年 6 月 19 日 16 时许 潜江市 公安局 民警 在 潜江市泰丰办事处泰丰路 欣然 旅社 303 房 将 在 此 登记 住宿 的 龚某 抓获 当场 从 该 房内 查获 含 海洛因 成分 的 灰色 粉末 净重   <e1>   11.726克   </e1>   公诉 机关 针对 指控 的 上述事实 向 法庭 提交 了 相应 证据 公诉 机关 认为 被告人 龚某 的 行为 构成 非法 持有 毒品 罪 公诉 机关 要求 依照   <e2>   中华人民共和国   </e2>   刑法 第三 百 四十八条 之 规定 对 被告人 龚某 予以 判处,4
NA,潜江市 人民检察院 指控 2014 年 6 月 19 日 16 时许 潜江市 公安局 民警 在   <e1>   潜江市泰丰办事处泰丰路   </e1>   欣然 旅社 303 房 将 在 此 登记 住宿 的   <e2>   龚某   </e2>   抓获 当场 从 该 房内 查获 含 海洛因 成分 的 灰色 粉末 净重 11.726克 公诉 机关 针对 指控 的 上述事实 向 法庭 提交 了 相应 证据 公诉 机关 认为 被告人 龚某 的 行为 构成 非法 持有 毒品 罪 公诉 机关 要求 依照 中华人民共和国 刑法 第三 百 四十八条 之 规定 对 被告人 龚某 予以 判处,4
sell_drugs_to,海口市 龙华区 人民检察院 指控 2015年1月24日23时 15 分许 被告人   <e1>   丁某某   </e1>   在 海口市 龙华区 南沙 路 与 龙昆 北路 交叉口 的 至 尚 酒吧 二楼 女厕所 处以 人民币 400 元 的 价格 将 一小包 毒品 贩卖 给   <e2>   黄某某   </e2>   公诉 机关 认为 被告人 丁某某 非法 贩卖 含 氯胺酮 成分 的 毒品 2.646 1克 其 行为 已触犯 中华人民共和国 刑法 第三 百 四十七 条 第四款 之 规定 应当 以 贩卖毒品 罪 追究其 刑事责任 提请 本院 依法 判处,1
traffic_in,海口市 龙华区 人民检察院 指控 2015年1月24日23时 15 分许 被告人 丁某某 在 海口市 龙华区 南沙 路 与 龙昆 北路 交叉口 的 至 尚 酒吧 二楼 女厕所 处以 人民币 400 元 的 价格 将 一小包 毒品 贩卖 给 黄某某 公诉 机关 认为 被告人   <e1>   丁某某   </e1>   非法 贩卖 含   <e2>   氯胺酮   </e2>   成分 的 毒品 2.646 1克 其 行为 已触犯 中华人民共和国 刑法 第三 百 四十七 条 第四款 之 规定 应当 以 贩卖毒品 罪 追究其 刑事责任 提请 本院 依法 判处,0
NA,海口市 龙华区 人民检察院 指控   <e1>   2015年1月24日23时   </e1>   15 分许   <e2>   丁某某   </e2>   人 丁某某 在 海口市 龙华区 南沙 路 与 龙昆 北路 交叉口 的 至 尚 酒吧 二楼 女厕所 处以 人民币 400 元 的 价格 将 一小包 毒品 贩卖 给 黄某某 公诉 机关 认为 被告人 丁某某 非法 贩卖 含 氯胺酮 成分 的 毒品 2.646 1克 其 行为 已触犯 中华人民共和国 刑法 第三 百 四十七 条 第四款 之 规定 应当 以 贩卖毒品 罪 追究其 刑事责任 提请 本院 依法 判处,4
NA,海口市 龙华区 人民检察院 指控 2015年1月24日23时 15 分许 被告人 丁某某 在 海口市 龙华区 南沙 路 与 龙昆 北路 交叉口 的 至 尚 酒吧 二楼 女厕所 处以 人民币 400 元 的 价格 将 一小包 毒品 贩卖 给   <e1>   黄某某   </e1>   公诉 机关 认为   <e2>   丁某某   </e2>   人 丁某某 非法 贩卖 含 氯胺酮 成分 的 毒品 2.646 1克 其 行为 已触犯 中华人民共和国 刑法 第三 百 四十七 条 第四款 之 规定 应当 以 贩卖毒品 罪 追究其 刑事责任 提请 本院 依法 判处,4
sell_drugs_to,经 审理 查明 2015 年 7 月 16 日 10 时许 被告人   <e1>   黄某   </e1>   在 钦州市 钦北区 板 城镇 与 长滩 镇 公路 交界处 将 1 小包 毒品 海洛因 贩卖 给 吸毒 人员   <e2>   罗某   </e2>   得款 人民币 50 元 当天 中午 被告人 黄某 在 同样 地点 又 将 2 小包 毒品 海洛因 贩卖 给 吸毒 人员 罗某 得款 人民币 100 元 交易 完成 后 公安民警 起到 将 被告人 黄某 和 吸毒 人员 罗某 当场 抓获 并 缴获 毒资 人民币 143 元 和 2 小包 毒品 海洛因 净重 0.1 2克,1
traffic_in,经 审理 查明 2015 年 7 月 16 日 10 时许 被告人   <e1>   黄某   </e1>   在 钦州市 钦北区 板 城镇 与 长滩 镇 公路 交界处 将 1 小包 毒品   <e2>   海洛因   </e2>   贩卖 给 吸毒 人员 罗某 得款 人民币 50 元 当天 中午 被告人 黄某 在 同样 地点 又 将 2 小包 毒品 海洛因 贩卖 给 吸毒 人员 罗某 得款 人民币 100 元 交易 完成 后 公安民警 起到 将 被告人 黄某 和 吸毒 人员 罗某 当场 抓获 并 缴获 毒资 人民币 143 元 和 2 小包 毒品 海洛因 净重 0.1 2克,0
NA,经 审理 查明 2015 年 7 月 16 日 10 时许 被告人 黄某 在 钦州市 钦北区 板 城镇 与 长滩 镇 公路 交界处 将 1 小包 毒品 海洛因 贩卖 给 吸毒 人员 罗某 得款 人民币 50 元 当天 中午 被告人 黄某 在 同样 地点 又 将 2 小包 毒品 海洛因 贩卖 给 吸毒 人员 罗某 得款 人民币 100 元 交易 完成 后 公安民警 起到 将 被告人   <e1>   黄某   </e1>   和 吸毒 人员 罗某 当场 抓获 并 缴获 毒资 人民币 143 元 和 2 小包 毒品   <e2>   海洛因   </e2>   净重 0.1 2克,4
NA,经 审理 查明 2015 年 7 月 16 日 10 时许 被告人 黄某 在 钦州市 钦北区 板 城镇 与 长滩 镇 公路 交界处 将 1 小包 毒品   <e1>   海洛因   </e1>   贩卖 给 吸毒 人员 罗某 得款 人民币 50 元 当天 中午 被告人 黄某 在 同样 地点 又 将 2 小包 毒品 海洛因 贩卖 给 吸毒 人员   <e2>   罗某   </e2>   得款 人民币 100 元 交易 完成 后 公安民警 起到 将 被告人 黄某 和 吸毒 人员 罗某 当场 抓获 并 缴获 毒资 人民币 143 元 和 2 小包 毒品 海洛因 净重 0.1 2克,4
posess,壶关县 人民检察院 指控 2015年3月4日下午 被告人   <e1>   陈某某   </e1>   驾驶 车牌 为晋 d4h297 的 灰色 尼桑 轿车 沿长 壶 一级 路往 壶关 方向 行驶 行至 盘陀 底 路段 时 被 壶关县 公安局 民警 拦截 检查 在 其 所 驾驶 轿车 后备箱 内 的 一 男士 挎包 内 查获 疑似 毒品 7 袋 净重 99.19克 小型 电子称 1 台 锡纸 1 卷 小勺 1 个经 鉴定 被查获 疑似 毒品 中 含有   <e2>   甲卡西酮   </e2>   成分 为 证明 其 指控 壶关县 人民检察院 提供 了 受案 登记表 到案 经过 通话 清单 常住人口 详细信息 等 书证 毒品 粉末 电子称 锡纸 等 物证 证人 董某某 常 某某 等 的 证言 被告人 的 供述 与 辩解 等 证据 据此 壶关县 人民检察院 认为 被告人 陈某某 非法 持有 毒品 其 行为 触犯 了 中华人民共和国 刑法 第三 百 四十八条 之 规定 犯罪事实 清楚 证据 确实 充分 应当 以 非法 持有 毒品 罪 追究其 刑事责任,2
NA,壶关县 人民检察院 指控   <e1>   2015年3月4日下午   </e1>   被告人 陈某某 驾驶 车牌 为晋 d4h297 的 灰色 尼桑 轿车 沿长 壶 一级 路往 壶关 方向 行驶 行至 盘陀 底 路段 时 被 壶关县 公安局 民警 拦截 检查 在 其 所 驾驶 轿车 后备箱 内 的 一 男士 挎包 内 查获 疑似 毒品 7 袋 净重 99.19克 小型 电子称 1 台 锡纸 1 卷 小勺 1 个经 鉴定 被查获 疑似 毒品 中 含有 甲卡西酮 成分 为 证明 其 指控 壶关县 人民检察院 提供 了 受案 登记表 到案 经过 通话 清单 常住人口 详细信息 等 书证 毒品 粉末 电子称 锡纸 等 物证 证人   <e2>   董某某   </e2>   常 某某 等 的 证言 被告人 的 供述 与 辩解 等 证据 据此 壶关县 人民检察院 认为 被告人 陈某某 非法 持有 毒品 其 行为 触犯 了 中华人民共和国 刑法 第三 百 四十八条 之 规定 犯罪事实 清楚 证据 确实 充分 应当 以 非法 持有 毒品 罪 追究其 刑事责任,4
NA,壶关县 人民检察院 指控 2015年3月4日下午 被告人 陈某某 驾驶 车牌 为晋 d4h297 的 灰色 尼桑 轿车 沿长 壶 一级 路往 壶关 方向 行驶 行至 盘陀 底 路段 时 被 壶关县 公安局 民警 拦截 检查 在 其 所 驾驶 轿车 后备箱 内 的 一 男士 挎包 内 查获 疑似 毒品 7 袋 净重   <e1>   99.19克   </e1>   小型 电子称 1 台 锡纸 1 卷 小勺 1 个经 鉴定 被查获 疑似 毒品 中 含有 甲卡西酮 成分 为 证明 其 指控 壶关县 人民检察院 提供 了 受案 登记表 到案 经过 通话 清单 常住人口 详细信息 等 书证 毒品 粉末 电子称 锡纸 等 物证 证人 董某某 常 某某 等 的 证言 被告人 的 供述 与 辩解 等 证据 据此 壶关县 人民检察院 认为 被告人 陈某某 非法 持有 毒品 其 行为 触犯 了   <e2>   中华人民共和国   </e2>   刑法 第三 百 四十八条 之 规定 犯罪事实 清楚 证据 确实 充分 应当 以 非法 持有 毒品 罪 追究其 刑事责任,4
sell_drugs_to,天津市 滨海新区 人民检察院 指控 2013年10月2日13时 许 被告人   <e1>   张鹏毅   </e1>   在 天津市河北区幸福道菜市场 附近 以 2800 元 的 价格 向 吸毒 人员   <e2>   祖   </e2>   贩卖毒品 海洛因 约 4 克,1
traffic_in,天津市 滨海新区 人民检察院 指控 2013年10月2日13时 许 被告人   <e1>   张鹏毅   </e1>   在 天津市河北区幸福道菜市场 附近 以 2800 元 的 价格 向 吸毒 人员 祖 贩卖毒品   <e2>   海洛因   </e2>   约 4 克,0
NA,天津市 滨海新区 人民检察院 指控 2013年10月2日13时 许 被告人   <e1>   张鹏毅   < / e   <e2>   天津市河北区幸福道菜市场   </e2>   道 菜市场 附近 以 2800 元 的 价格 向 吸毒 人员 祖 贩卖毒品 海洛因 约 4 克,4
NA,天津市 滨海新区 人民检察院 指控   <e1>   2013年10月2日13时   </e1>   许 被告人 张鹏毅 在 天津市河北区幸福道菜市场 附近 以 2800 元 的 价格 向 吸毒 人员 祖 贩卖毒品   <e2>   海洛因   </e2>   约 4 克,4
provide_shelter_for,亳州市 谯城区 人民检察院 指控 2014年12月10日凌晨 被告人   <e1>   葛某某   </e1>   在 其 住宿 的 本市 谯城区 一帆风顺 快捷酒店 419 房间内 提供 甲基苯丙胺 冰毒 和 吸食 甲基苯丙胺 冰毒 用 的 冰壶 并 容留   <e2>   陈伟   </e2>   苏珍 王超 三人 在 419 房间内 吸食 甲基苯丙胺 冰毒,3
provide_shelter_for,亳州市 谯城区 人民检察院 指控 2014年12月10日凌晨 被告人   <e1>   葛某某   </e1>   在 其 住宿 的 本市 谯城区 一帆风顺 快捷酒店 419 房间内 提供 甲基苯丙胺 冰毒 和 吸食 甲基苯丙胺 冰毒 用 的 冰壶 并 容留 陈伟   <e2>   苏珍   </e2>   王超 三人 在 419 房间内 吸食 甲基苯丙胺 冰毒,3
provide_shelter_for,亳州市 谯城区 人民检察院 指控 2014年12月10日凌晨 被告人   <e1>   葛某某   </e1>   在 其 住宿 的 本市 谯城区 一帆风顺 快捷酒店 419 房间内 提供 甲基苯丙胺 冰毒 和 吸食 甲基苯丙胺 冰毒 用 的 冰壶 并 容留 陈伟 苏珍   <e2>   王超   </e2>   三人 在 419 房间内 吸食 甲基苯丙胺 冰毒,3
NA,亳州市 谯城区 人民检察院 指控   <e1>   2014年12月10日凌晨   </e1>   被告人   <e2>   葛某某   </e2>   在 其 住宿 的 本市 谯城区 一帆风顺 快捷酒店 419 房间内 提供 甲基苯丙胺 冰毒 和 吸食 甲基苯丙胺 冰毒 用 的 冰壶 并 容留 陈伟 苏珍 王超 三人 在 419 房间内 吸食 甲基苯丙胺 冰毒,4
NA,亳州市 谯城区 人民检察院 指控   <e1>   2014年12月10日凌晨   </e1>   被告人 葛某某 在 其 住宿 的 本市 谯城区 一帆风顺 快捷酒店 419 房间内 提供 甲基苯丙胺 冰毒 和 吸食 甲基苯丙胺 冰毒 用 的 冰壶 并容   <e2>   苏珍   </e2>   伟 苏珍 王超 三人 在 419 房间内 吸食 甲基苯丙胺 冰毒,4
posess,酒泉市 肃州区 人民检察院 指控 2014 年 11月 1 日 23 时许 被告人   <e1>   涂某某   </e1>   携带 毒品 去 新疆 途经 酒泉 在 肃州区 天天 之星 商务 宾馆 606 房间 住宿 时 被 酒泉市 公安局 肃州 分局 新城 派出所 民警 查获 肃州 分局 民警 在 被告人 涂某某 携带 的 旅行箱 内 的 黑色 羽绒服 左边 内 口袋 里 查获 外用 两个 黑色 眼镜 袋 内用 铁盒 包装 的 红色 疑似 毒品 麻古 药片 一盒 共计 798 片经 酒泉市 公安 司法鉴定 中心 鉴定 从 查获 的 红色 药片 中 检出   <e2>   甲基苯丙胺   </e2>   咖啡因 成分 总 净重 69.81克,2
posess,酒泉市 肃州区 人民检察院 指控 2014 年 11月 1 日 23 时许 被告人   <e1>   涂某某   </e1>   携带 毒品 去 新疆 途经 酒泉 在 肃州区 天天 之星 商务 宾馆 606 房间 住宿 时 被 酒泉市 公安局 肃州 分局 新城 派出所 民警 查获 肃州 分局 民警 在 被告人 涂某某 携带 的 旅行箱 内 的 黑色 羽绒服 左边 内 口袋 里 查获 外用 两个 黑色 眼镜 袋 内用 铁盒 包装 的 红色 疑似 毒品 麻古 药片 一盒 共计 798 片经 酒泉市 公安 司法鉴定 中心 鉴定 从 查获 的 红色 药片 中 检出 甲基苯丙胺   <e2>   咖啡因   </e2>   成分 总 净重 69.81克,2
NA,酒泉市 肃州区 人民检察院 指控 2014 年 11月 1 日 23 时许 被告人 涂某某 携带 毒品 去 新疆 途经 酒泉 在 肃州区 天天 之星 商务 宾馆 606 房间 住宿 时 被 酒泉市 公安局 肃州 分局 新城 派出所 民警 查获   <e1>   肃州   </e1>   分局 民警 在 被告人 涂某某 携带 的 旅行箱 内 的 黑色 羽绒服 左边 内 口袋 里 查获 外用 两个 黑色 眼镜 袋 内用 铁盒 包装 的 红色 疑似 毒品 麻古 药片 一盒 共计 798 片经 酒泉市 公安 司法鉴定 中心 鉴定 从 查获 的 红色 药片 中 检出 甲基苯丙胺 咖啡因 成分   <e2>   69.81克   </e2>   . 8 1克,4
NA,酒泉市 肃州区 人民检察院 指控 2014 年 11月 1 日 23 时许 被告人 涂某某 携带 毒品 去 新疆 途经   <e1>   酒泉   </e1>   在 肃州区 天天 之星 商务 宾馆 606 房间 住宿 时 被 酒泉市 公安局 肃州 分局 新城 派出所 民警 查获 肃州 分局 民警 在 被告人 涂某某 携带 的 旅行箱 内 的 黑色 羽绒服 左边 内 口袋 里 查获 外用 两个 黑色 眼镜 袋 内用 铁盒 包装 的 红色 疑似 毒品 麻古 药片 一盒 共计 798 片经 酒泉市 公安 司法鉴定 中心 鉴定 从 查获 的 红色 药片 中 检出 甲基苯丙胺 咖啡因 成分   <e2>   69.81克   </e2>   . 8 1克,4
posess,经 审理 查明 自 2015 年 4 月 10 日 开始 被告人 周忠旺 陆续 从 朋友 处 购买 了 一批 毒品 并 将 上述 毒品 藏于 其 租住 的 东莞市 长安镇 咸西铭恩 中街 四巷 3 号 敬和楼 xx x 房 2015 年 4 月 2 7日 18 时许 民警 对 上述 房间 进行 检查 时 当场 将   <e1>   周忠旺   </e1>   抓获 并 在 房间 的 梳妆台 及 床头柜 查获 了 1 批 白色晶体 共 净重 81.08克 经 检验 均 含   <e2>   甲基苯丙胺   </e2>   成分 1 包 红色 药丸 净重 0.32克 经 检验 含 甲基苯丙胺 成分 及 吸毒 工具 1 个 电子称 1 个,2
NA,经 审理 查明 自 2015 年 4 月 10 日 开始 被告人   <e1>   周忠旺   </e1>   陆续 从 朋友 处 购买 了 一批 毒品 并 将 上述 毒品 藏于 其 租住 的 东莞市 长安镇 咸西铭恩 中街 四巷 3 号 敬和楼 xx x 房 2015 年 4 月 2 7日 18 时许 民警 对 上述 房间 进行 检查 时   <e2>   周忠旺   </e2>   将 周忠旺 抓获 并 在 房间 的 梳妆台 及 床头柜 查获 了 1 批 白色晶体 共 净重 81.08克 经 检验 均 含 甲基苯丙胺 成分 1 包 红色 药丸 净重 0.32克 经 检验 含 甲基苯丙胺 成分 及 吸毒 工具 1 个 电子称 1 个,4
NA,经 审理 查明 自 2015 年 4 月 10 日 开始 被告人 周忠旺 陆续 从 朋友 处 购买 了 一批 毒品 并 将 上述 毒品 藏于 其 租住 的 东莞市 长安镇 咸西铭恩 中街 四巷 3 号 敬和楼 xx x 房 2015 年 4 月 2 7日 18 时许 民警 对 上述 房间 进行 检查 时 当场 将 周忠旺 抓获 并 在 房间 的 梳妆台 及 床头柜 查获 了 1 批 白色晶体 共 净重   <e1>   81.08克   </e1>   经 检验 均 含 甲基苯丙胺 成分 1 包 红色 药丸 净重 0.32克   <e2>   甲基苯丙胺   </e2>   基 苯丙胺 成分 及 吸毒 工具 1 个 电子称 1 个,4
provide_shelter_for,合浦县 人民检察院 指控 2015 年 8 月 中旬 至 2015年9月 20 日间 被告人   <e1>   杨某甲   </e1>   在 广西合浦县公馆镇乘马村委会杨屋墩村132号二楼其卧室内 多次 容留 吸毒 人员   <e2>   杨某乙   </e2>   1997 年 10 月 13 日 出生 彭某 廖某 和 肥十 十六 上述 二人 身份 尚未 查明 吸食毒品 甲基苯丙胺 2015年9月 20 日 被 合浦县 公安局 民警 查获,3
provide_shelter_for,合浦县 人民检察院 指控 2015 年 8 月 中旬 至 2015年9月 20 日间 被告人   <e1>   杨某甲   </e1>   在 广西合浦县公馆镇乘马村委会杨屋墩村132号二楼其卧室内 多次 容留 吸毒 人员 杨某乙 1997 年 10 月 13 日 出生   <e2>   彭某   </e2>   廖某 和 肥十 十六 上述 二人 身份 尚未 查明 吸食毒品 甲基苯丙胺 2015年9月 20 日 被 合浦县 公安局 民警 查获,3
provide_shelter_for,合浦县 人民检察院 指控 2015 年 8 月 中旬 至 2015年9月 20 日间 被告人   <e1>   杨某甲   </e1>   在 广西合浦县公馆镇乘马村委会杨屋墩村132号二楼其卧室内 多次 容留 吸毒 人员 杨某乙 1997 年 10 月 13 日 出生 彭某   <e2>   廖某   </e2>   和 肥十 十六 上述 二人 身份 尚未 查明 吸食毒品 甲基苯丙胺 2015年9月 20 日 被 合浦县 公安局 民警 查获,3
provide_shelter_for,合浦县 人民检察院 指控 2015 年 8 月 中旬 至 2015年9月 20 日间 被告人   <e1>   杨某甲   </e1>   在 广西合浦县公馆镇乘马村委会杨屋墩村132号二楼其卧室内 多次 容留 吸毒 人员 杨某乙 1997 年 10 月 13 日 出生 彭某 廖某 和   <e2>   肥十   </e2>   十六 上述 二人 身份 尚未 查明 吸食毒品 甲基苯丙胺 2015年9月 20 日 被 合浦县 公安局 民警 查获,3
provide_shelter_for,合浦县 人民检察院 指控 2015 年 8 月 中旬 至 2015年9月 20 日间 被告人   <e1>   杨某甲   </e1>   在 广西合浦县公馆镇乘马村委会杨屋墩村132号二楼其卧室内 多次 容留 吸毒 人员 杨某乙 1997 年 10 月 13 日 出生 彭某 廖某 和 肥十   <e2>   十六   </e2>   上述 二人 身份 尚未 查明 吸食毒品 甲基苯丙胺 2015年9月 20 日 被 合浦县 公安局 民警 查获,3
NA,合浦县 人民检察院 指控 2015 年 8 月 中旬 至 2015年9月 20 日间 被告人 杨某甲 在   <e1>   广西合浦县公馆镇乘马村委会杨屋墩村132号二楼其卧室内   </e1>   多次 容留 吸毒 人员 杨某乙 1997 年 10 月 13 日 出生 彭某   <e2>   廖某   </e2>   和 肥十 十六 上述 二人 身份 尚未 查明 吸食毒品 甲基苯丙胺 2015年9月 20 日 被 合浦县 公安局 民警 查获,4
NA,合浦县 人民检察院 指控 2015 年 8 月 中旬 至 2015年9月 20 日间 被告人 杨某甲 在 广西合浦县公馆镇乘马村委会杨屋墩村132号二楼其卧室内 多次 容留 吸毒 人员   <e1>   杨某乙   </e1>   1997 年 10 月 13 日 出生 彭某 廖某 和 肥十 十六 上述 二人 身份 尚未 查明   <e2>   甲基苯丙胺   </e2>   基 苯丙胺 2015年9月 20 日 被 合浦县 公安局 民警 查获,4
posess,重庆市 北碚区 人民检察院 指控 2014年8月6日凌晨1时 许 公安民警 接 举报 后 在 重庆市 北碚区 X 路 X 号 房间内 将 被告人   <e1>   明某   </e1>   抓获归案 并 当场 从 房间 聂 查获 疑似 毒品   <e2>   甲基苯丙胺   </e2>   冰毒 1 小袋 净重 8 克 疑似 甲基苯丙胺片剂 俗称 麻古 41 颗 净重 3.95 克,2
posess,重庆市 北碚区 人民检察院 指控 2014年8月6日凌晨1时 许 公安民警 接 举报 后 在 重庆市 北碚区 X 路 X 号 房间内 将 被告人   <e1>   明某   </e1>   抓获归案 并 当场 从 房间 聂 查获 疑似 毒品 甲基苯丙胺 冰毒 1 小袋 净重 8 克 疑似   <e2>   甲基苯丙胺片剂   </e2>   俗称 麻古 41 颗 净重 3.95 克,2
NA,重庆市 北碚区 人民检察院 指控   <e1>   2014年8月6日凌晨1时   </e1>   许 公安民警 接 举报 后 在 重庆市 北碚区 X 路 X 号 房间内 将 被告人 明某 抓获归案 并 当场 从 房间 聂 查获 疑似 毒品 甲基苯丙胺 冰毒 1 小袋 净重 8 克   <e2>   甲基苯丙胺片剂   </e2>   丙胺 片剂 俗称 麻古 41 颗 净重 3.95 克,4
NA,重庆市 北碚区 人民检察院 指控   <e1>   2014年8月6日凌晨1时   </e1>   许 公安民警 接 举报 后 在 重庆市 北碚区 X 路 X 号 房间内 将 被告人 明某 抓获归案 并 当场 从 房间 聂 查获 疑似 毒品 甲基苯丙胺   <e2>   冰毒   </e2>   1 小袋 净重 8 克 疑似 甲基苯丙胺片剂 俗称 麻古 41 颗 净重 3.95 克,4
posess,上海市浦东新区 人民检察院 指控 2011年7月17日 被告人 吴某某 在 其 暂住地 本区 上钢 五村 16 号 302 室内 因涉嫌 吸毒 被 公安人员 查获 公安人员 在 房间内 查获 被告人   <e1>   吴某某   </e1>   藏匿 的 毒品   <e2>   甲基苯丙胺   </e2>   22.9克,2
NA,上海市浦东新区 人民检察院 指控   <e1>   2011年7月17日   </e1>   被告人 吴某某 在 其 暂住地 本区 上钢 五村 16 号 302 室内 因涉嫌 吸毒 被 公安人员 查获 公安人员 在 房间内 查获 被告人 吴某某 藏   <e2>   甲基苯丙胺   </e2>   基 苯丙胺 22.9克,4
NA,上海市浦东新区 人民检察院 指控   <e1>   2011年7月17日   </e1>   被告人 吴某某 在 其 暂住地 本区 上钢 五村 16 号 302 室内 因涉嫌 吸毒 被 公安人员 查获 公安人员 在 房间内 查获 被告人 吴某某 藏匿 的 毒品 甲   <e2>   22.9克   </e2>   2.9克,4
sell_drugs_to,公诉 机关 指控 广汉市 公安局 民警 在 侦办 邓某某 涉嫌 制造 贩卖毒品 案件 过程 中 发现 被告人   <e1>   黄晓兵   </e1>   于 2015 年 1 月 20 日 13 时许 将 疑似 毒品 甲基苯丙胺 俗称 冰毒 100.34克 拿给   <e2>   邓某某   </e2>   有 贩卖毒品 的 嫌疑 遂 于 当日14时 许将 被告人 黄晓兵 挡 获 公安民警 于 同日 18 时许 依法 对 被告人 黄晓兵 的 租赁 房 进行 搜查 查获 疑似 毒品 甲基苯丙胺 124 克经 鉴定 被查获 的 疑似 毒品 中均 含有 甲基苯丙胺 成分,1
traffic_in,公诉 机关 指控 广汉市 公安局 民警 在 侦办 邓某某 涉嫌 制造 贩卖毒品 案件 过程 中 发现 被告人   <e1>   黄晓兵   </e1>   于 2015 年 1 月 20 日 13 时许 将 疑似 毒品   <e2>   甲基苯丙胺   </e2>   俗称 冰毒 100.34克 拿给 邓某某 有 贩卖毒品 的 嫌疑 遂 于 当日14时 许将 被告人 黄晓兵 挡 获 公安民警 于 同日 18 时许 依法 对 被告人 黄晓兵 的 租赁 房 进行 搜查 查获 疑似 毒品 甲基苯丙胺 124 克经 鉴定 被查获 的 疑似 毒品 中均 含有 甲基苯丙胺 成分,0
posess,公诉 机关 指控 广汉市 公安局 民警 在 侦办 邓某某 涉嫌 制造 贩卖毒品 案件 过程 中 发现 被告人 黄晓兵 于 2015 年 1 月 20 日 13 时许 将 疑似 毒品 甲基苯丙胺 俗称 冰毒 100.34克 拿给 邓某某 有 贩卖毒品 的 嫌疑 遂 于 当日14时 许将 被告人 黄晓兵 挡 获 公安民警 于 同日 18 时许 依法 对 被告人   <e1>   黄晓兵   </e1>   的 租赁 房 进行 搜查 查获 疑似 毒品   <e2>   甲基苯丙胺   </e2>   124 克经 鉴定 被查获 的 疑似 毒品 中均 含有 甲基苯丙胺 成分,2
NA,公诉 机关 指控 广汉市 公安局 民警 在 侦办 邓某某 涉嫌 制造 贩卖毒品 案件 过程 中 发现 被告人   <e1>   黄晓兵   </e1>   于 2015 年 1 月 20 日 13 时许 将 疑似 毒品 甲基苯丙胺 俗   <e2>   100.34克   </e2>   . 34 克 拿给 邓某某 有 贩卖毒品 的 嫌疑 遂 于 当日14时 许将 被告人 黄晓兵 挡 获 公安民警 于 同日 18 时许 依法 对 被告人 黄晓兵 的 租赁 房 进行 搜查 查获 疑似 毒品 甲基苯丙胺 124 克经 鉴定 被查获 的 疑似 毒品 中均 含有 甲基苯丙胺 成分,4
NA,公诉 机关 指控 广汉市 公安局 民警 在 侦办 邓某某 涉嫌 制造 贩卖毒品 案件 过程 中 发现 被告人 黄晓兵 于 2015 年 1 月 20 日 13 时许 将 疑似 毒品 甲基苯丙胺 俗称 冰毒 100.34克 拿给 邓某某 有 贩卖毒品 的 嫌疑 遂 于 当日14时 许将 被告人 黄晓兵 挡 获 公安民警 于 同日 18 时许 依法 对 被告人   <e1>   黄晓兵   </e1>   的 租赁 房 进行 搜查 查获   <e2>   甲基苯丙胺   </e2>   基 苯丙胺 124 克经 鉴定 被查获 的 疑似 毒品 中均 含有 甲基苯丙胺 成分,4
sell_drugs_to,重庆市 渝北区 人民检察院 指控 2013 年 12 月 18 日 20 时许 被告人   <e1>   刘某甲   </e1>   受 张蜜 另案处理 的 指使 在 重庆市 北部 新区 慈竹路 1 号 25 幢 4 单元 34 内以 300 元 的 价格 将 冰毒 1 包 净重量 0.23 和 麻古 4 粒 净重量 0.37克 贩卖 给   <e2>   刘某乙   </e2>  ,1
traffic_in,重庆市 渝北区 人民检察院 指控 2013 年 12 月 18 日 20 时许 被告人   <e1>   刘某甲   </e1>   受 张蜜 另案处理 的 指使 在 重庆市 北部 新区 慈竹路 1 号 25 幢 4 单元 34 内以 300 元 的 价格 将   <e2>   冰毒   </e2>   1 包 净重量 0.23 和 麻古 4 粒 净重量 0.37克 贩卖 给 刘某乙,0
traffic_in,重庆市 渝北区 人民检察院 指控 2013 年 12 月 18 日 20 时许 被告人   <e1>   刘某甲   </e1>   受 张蜜 另案处理 的 指使 在 重庆市 北部 新区 慈竹路 1 号 25 幢 4 单元 34 内以 300 元 的 价格 将 冰毒 1 包 净重量 0.23 和   <e2>   麻古   </e2>   4 粒 净重量 0.37克 贩卖 给 刘某乙,0
NA,重庆市 渝北区 人民检察院 指控 2013 年 12 月 18 日 20 时许 被告人 刘某甲 受 张蜜 另案处理 的 指使 在 重庆市 北部 新区 慈竹路 1 号 25 幢 4 单元 34 内以 300 元 的 价格 将   <e1>   冰毒   </e1>   1 包 净重量 0.23 和 麻古 4 粒 净重量 0   <e2>   克   </e2>   37 克 贩卖 给 刘某乙,4
NA,重庆市 渝北区 人民检察院 指控 2013 年 12 月 18 日 20 时许 被告人 刘某甲 受 张蜜 另案处理 的 指使 在 重庆市 北部 新区 慈竹路 1 号 25 幢 4 单元 34 内以 300 元 的 价格 将 冰毒 1 包 净重量 0.23 和 麻古 4 粒 净重量   <e1>   0.37   </e1>     <e2>   克   </e2>   贩卖 给 刘某乙,4
posess,公诉 机关 指控 2014年10月 21 日 被告人   <e1>   卿某某   </e1>   在 其 驾驶 的 车牌号 为川 al5b27 的 大众 polo 轿车 中 非法 持有   <e2>   冰毒   </e2>   一 小袋 净重 23.8 克 当日21时 许 民警 在 成都市 新都区 绕城 路 新都区 火车 东站 路口处 将 其 挡 获 并 当场 在 其 所 驾驶 车辆 中控台 下方 置物 盒内 查获 上述 毒品 经 鉴定 毒品 中 含有 甲基苯丙胺 成分 经检测 被告人 卿某某 尿液 中 冰毒 呈 阳性,2
NA,公诉 机关 指控 2014年10月 21 日 被告人 卿某某 在 其 驾驶 的 车牌号 为川 al5b27 的 大众 polo 轿车 中 非法 持有 冰毒 一 小袋 净重 23.8 克   <e1>   当日21时   </e1>   许 民警 在 成都市 新都区 绕城 路 新都区 火车 东站 路口处 将 其 挡 获 并 当场 在 其 所 驾驶 车辆 中控台 下方 置物 盒内 查获 上述 毒品 经 鉴定 毒   <e2>   甲基苯丙胺   </e2>   基 苯丙胺 成分 经检测 被告人 卿某某 尿液 中 冰毒 呈 阳性,4
NA,公诉 机关 指控 2014年10月 21 日 被告人   <e1>   卿某某   </e1>   在 其 驾驶 的 车牌号 为川 al5b27 的 大众 polo 轿车 中 非法 持有 冰毒 一 小袋 净重 23.8 克 当日21时 许 民警 在 成都市 新都区 绕城 路 新都区 火车 东站 路口处 将 其 挡 获 并 当场 在 其 所 驾驶 车辆 中控台 下方 置物 盒内 查获 上述 毒品 经 鉴定 毒品 中 含有   <e2>   甲基苯丙胺   </e2>   成分 经检测 被告人 卿某某 尿液 中 冰毒 呈 阳性,4
provide_shelter_for,西安市 雁塔区 人民检察院 指控 2014年12月 某日 上午 被告人   <e1>   谢某   </e1>   在 其租 住处 西安市雁塔区某村20号310室 容留 吸毒 人员   <e2>   李某   </e2>   吸食毒品 甲基苯丙胺 同日 下午 李某 和 马某 已 判决 来到 谢某 租 住处 谢某 再次 容留 该 二人 吸食毒品 甲基苯丙胺 2015 年 2 月 7日 谢某 李某 马某 分别 被 公安机关 抓获 经 尿液 检测 三 人均 属 甲基 安非他明 呈 阳性反应,3
provide_shelter_for,西安市 雁塔区 人民检察院 指控 2014年12月 某日 上午 被告人 谢某 在 其租 住处 西安市雁塔区某村20号310室 容留 吸毒 人员 李某 吸食毒品 甲基苯丙胺 同日 下午   <e1>   李某   </e1>   和 马某 已 判决 来到 谢某   <e2>   谢某   </e2>   处 谢某 再次 容留 该 二人 吸食毒品 甲基苯丙胺 2015 年 2 月 7日 谢某 李某 马某 分别 被 公安机关 抓获 经 尿液 检测 三 人均 属 甲基 安非他明 呈 阳性反应,3
provide_shelter_for,西安市 雁塔区 人民检察院 指控 2014年12月 某日 上午 被告人 谢某 在 其租 住处 西安市雁塔区某村20号310室 容留 吸毒 人员 李某 吸食毒品 甲基苯丙胺 同日 下午 李某 和   <e1>   马某   </e1>   已 判决 来到 谢某   <e2>   谢某   </e2>   处 谢某 再次 容留 该 二人 吸食毒品 甲基苯丙胺 2015 年 2 月 7日 谢某 李某 马某 分别 被 公安机关 抓获 经 尿液 检测 三 人均 属 甲基 安非他明 呈 阳性反应,3
NA,西安市 雁塔区 人民检察院 指控 2014年12月 某日 上午 被告人 谢某 在 其租 住处   <e1>   西安市雁塔区某村20号310室   </e1>   容留 吸毒 人员 李某 吸食毒品 甲基苯丙胺 同日 下午 李某 和   <e2>   马某   </e2>   已 判决 来到 谢某 租 住处 谢某 再次 容留 该 二人 吸食毒品 甲基苯丙胺 2015 年 2 月 7日 谢某 李某 马某 分别 被 公安机关 抓获 经 尿液 检测 三 人均 属 甲基 安非他明 呈 阳性反应,4
NA,西安市 雁塔区 人民检察院 指控 2014年12月 某日 上午 被告人 谢某 在 其租 住处 西安市雁塔区某村20号310室 容留 吸毒 人员 李某 吸食毒品 甲基苯丙胺 同日 下午 李某 和 马某 已 判决 来到   <e1>   谢某   </e1>   租 住处 谢某 再次 容留 该 二人 吸食毒品 甲基苯丙胺 2015 年 2 月 7日 谢某   <e2>   李某   </e2>   马某 分别 被 公安机关 抓获 经 尿液 检测 三 人均 属 甲基 安非他明 呈 阳性反应,4
sell_drugs_to,公诉 机关 指控 2016年3月28日17时30分 许 被告人   <e1>   周某   </e1>   在 孝感市 长征路 红玫瑰 大酒店 附近 以 100 元 钱 的 价格 贩卖 疑似 毒品 甲基苯丙胺片剂 俗称 麻果 2 片及 疑似 毒品 甲基苯丙胺 晶体 俗称 冰毒 少许 给 吸毒 人员   <e2>   王某   </e2>  ,1
traffic_in,公诉 机关 指控 2016年3月28日17时30分 许 被告人   <e1>   周某   </e1>   在 孝感市 长征路 红玫瑰 大酒店 附近 以 100 元 钱 的 价格 贩卖 疑似 毒品   <e2>   甲基苯丙胺片剂   </e2>   俗称 麻果 2 片及 疑似 毒品 甲基苯丙胺 晶体 俗称 冰毒 少许 给 吸毒 人员 王某,0
traffic_in,公诉 机关 指控 2016年3月28日17时30分 许 被告人   <e1>   周某   </e1>   在 孝感市 长征路 红玫瑰 大酒店 附近 以 100 元 钱 的 价格 贩卖 疑似 毒品 甲基苯丙胺片剂 俗称   <e2>   麻果   </e2>   2 片及 疑似 毒品 甲基苯丙胺 晶体 俗称 冰毒 少许 给 吸毒 人员 王某,0
traffic_in,公诉 机关 指控 2016年3月28日17时30分 许 被告人   <e1>   周某   </e1>   在 孝感市 长征路 红玫瑰 大酒店 附近 以 100 元 钱 的 价格 贩卖 疑似 毒品 甲基苯丙胺片剂 俗称 麻果 2 片及 疑似 毒品 甲基苯丙胺 晶体 俗称   <e2>   冰毒   </e2>   少许 给 吸毒 人员 王某,0
NA,公诉 机关 指控   <e1>   2016年3月28日17时30分   </e1>   许 被告人   <e2>   周某   </e2>   在 孝感市 长征路 红玫瑰 大酒店 附近 以 100 元 钱 的 价格 贩卖 疑似 毒品 甲基苯丙胺片剂 俗称 麻果 2 片及 疑似 毒品 甲基苯丙胺 晶体 俗称 冰毒 少许 给 吸毒 人员 王某,4
NA,公诉 机关 指控 2016年3月28日17时30分 许 被告人   <e1>   周某   </e1>   在 孝感市 长征路 红玫瑰 大酒店 附近 以 100 元 钱 的 价格 贩卖 疑似 毒品 甲基苯丙胺片剂 俗称 麻果 2 片及 疑似 毒品 甲基苯丙胺 晶体 俗称 冰毒 少许 给   <e2>   王某   </e2>   人员 王某,4
sell_drugs_to,中山市 第一 市区 人民检察院 指控 2014 年 6 月 25 日 中午 12 时许 被告人   <e1>   肖某某   </e1>   接到   <e2>   孔某某   </e2>   向 其 购买 毒品 的 电话 窜 到 中山市 沙溪镇 圩 村隆 圩 大街 2B 门口 处以 人民币 200 元 将 1 小包 毒品 贩卖 给 孔某某 时 被 公安人员 抓获 公安人员 当场 从 肖某某 处 缴获 人民币 200 元 华为 牌 Y310T10 型 手机 1 部 号码 为 1342542 从 孔某某 处 缴获 上述 购买 的 毒品 1 包经 检验 检出 海洛因 成分 净重 0.19克 归案 后 肖某某 如实 供述 了 上述 罪行,1
traffic_in,中山市 第一 市区 人民检察院 指控 2014 年 6 月 25 日 中午 12 时许 被告人 肖某某 接到 孔某某 向 其 购买 毒品 的 电话 窜 到 中山市 沙溪镇 圩 村隆 圩 大街 2B 门口 处以 人民币 200 元 将 1 小包 毒品 贩卖 给 孔某某 时 被 公安人员 抓获 公安人员 当场 从 肖某某 处 缴获 人民币 200 元 华为 牌 Y310T10 型 手机 1 部 号码 为 1342542 从 孔某某 处 缴获 上述 购买 的 毒品 1 包经 检验 检出   <e1>   海洛因   </e1>   成分 净重 0.19克   <e2>   肖某某   </e2>   肖某某 如实 供述 了 上述 罪行,0
NA,中山市 第一 市区 人民检察院 指控 2014 年 6 月 25 日 中午 12 时许 被告人 肖某某 接到 孔某某 向 其 购买 毒品 的 电话 窜 到 中山市 沙溪镇 圩 村隆 圩 大街 2B 门口 处以 人民币 200 元 将 1 小包 毒品 贩卖 给 孔某某 时 被 公安人员 抓获 公安人员 当场 从   <e1>   肖某某   </e1>   处 缴获 人民币 200 元 华为 牌 Y310T10 型 手机 1 部 号码 为 1342542 从 孔某某 处 缴获 上述 购买 的 毒品 1 包经 检验 检出 海洛因 成分 净重 0.19克   <e2>   肖某某   </e2>   肖某某 如实 供述 了 上述 罪行,4
NA,中山市 第一 市区 人民检察院 指控 2014 年 6 月 25 日 中午 12 时许 被告人 肖某某 接到 孔某某 向 其 购买 毒品 的 电话 窜 到 中山市 沙溪镇 圩 村隆 圩 大街 2B 门口 处以 人民币 200 元 将 1 小包 毒品 贩卖 给   <e1>   孔某某   </e1>   时 被 公安人员 抓获 公安人员 当场 从 肖某某 处 缴获 人民币 200 元 华为 牌 Y310T10 型 手机 1 部 号码 为 1342542 从   <e2>   孔   </e2>   某某 处 缴获 上述 购买 的 毒品 1 包经 检验 检出 海洛因 成分 净重 0.19克 归案 后 肖某某 如实 供述 了 上述 罪行,4
posess,大连市金州区 人民检察院 指控 2013 年 12 月 9 日 20 时许 被告人 姜某 在 大连市金州区 中医院 后身 一 仓房 内 被 民警 抓获 民警 在   <e1>   姜某   </e1>   身上 查获 白色晶体 5 包后 在 其 租住 的 金州区 名仕 公寓 A座 145 室 查获 白色晶体 3 包经 鉴定 8 包 白色晶体 净重 共 25.3 1克 检出   <e2>   甲基苯丙胺   </e2>   成分 公诉 机关 认为 被告人 姜某 违反 国家 毒品 管制 法律法规 明知 是 毒品 而 非法 持有 其 行为 触犯 了 中华人民共和国 刑法 第三 百 四十八条 之 规定 应以 非法 持有 毒品 罪 追究其 刑事责任 综上 请 依法 判处,2
NA,大连市金州区 人民检察院 指控 2013 年 12 月 9 日 20 时许 被告人 姜某 在   <e1>   大连市金州区   </e1>   中医院 后身 一 仓房 内 被 民警 抓获 民警 在 姜某 身上 查获 白色晶体 5 包后 在 其 租住 的 金州区 名仕 公寓 A座 145 室 查获 白色晶体 3 包经 鉴定 8 包 白色晶体 净重 共 25.31   <e2>   甲基苯丙胺   </e2>   基 苯丙胺 成分 公诉 机关 认为 被告人 姜某 违反 国家 毒品 管制 法律法规 明知 是 毒品 而 非法 持有 其 行为 触犯 了 中华人民共和国 刑法 第三 百 四十八条 之 规定 应以 非法 持有 毒品 罪 追究其 刑事责任 综上 请 依法 判处,4
NA,大连市金州区 人民检察院 指控 2013 年 12 月 9 日 20 时许 被告人   <e1>   姜某   </e1>   在 大连市金州区 中医院 后身 一 仓房 内 被 民警 抓获 民警 在 姜某 身上 查获 白色晶体 5 包后 在 其 租住 的 金州区 名仕 公寓 A座 145 室 查获 白色晶体 3 包经 鉴定 8 包 白色晶体 净重 共 25.3 1克 检出   <e2>   甲基苯丙胺   </e2>   成分 公诉 机关 认为 被告人 姜某 违反 国家 毒品 管制 法律法规 明知 是 毒品 而 非法 持有 其 行为 触犯 了 中华人民共和国 刑法 第三 百 四十八条 之 规定 应以 非法 持有 毒品 罪 追究其 刑事责任 综上 请 依法 判处,4
sell_drugs_to,经 审理 查明 2012 年 12 月底 的 一天 晚上 被告人 袁运华 明知 杨某 已判 与 黄某 从事 毒品 交易 受 杨某 指使 乘 出租车 至 本市 塘下 镇 广场 北路 葡京 大酒店 对面 接收 杨某 上家 交给 的 100 克 冰毒 回到 莘塍 街道 星火 村民 莘 东路 附近 将 该 冰毒 交给 杨某 之后   <e1>   杨某   </e1>   在 星火 村民 莘东路一巷弄 里 将 该 100 克 冰毒 以 23000 元 的 价格 贩卖 给   <e2>   黄某   </e2>  ,1
traffic_in,经 审理 查明 2012 年 12 月底 的 一天 晚上 被告人 袁运华 明知 杨某 已判 与 黄某 从事 毒品 交易 受 杨某 指使 乘 出租车 至 本市 塘下 镇 广场 北路 葡京 大酒店 对面 接收 杨某 上家 交给 的 100 克 冰毒 回到 莘塍 街道 星火 村民 莘 东路 附近 将 该 冰毒 交给 杨某 之后   <e1>   杨某   </e1>   在 星火 村民 莘东路一巷弄 里 将 该 100 克   <e2>   冰毒   </e2>   以 23000 元 的 价格 贩卖 给 黄某,0
NA,经 审理 查明 2012 年 12 月底 的 一天 晚上 被告人 袁运华 明知 杨某 已判 与 黄某 从事 毒品 交易 受 杨某 指使 乘 出租车 至 本市 塘下 镇 广场 北路 葡京 大酒店 对面 接收 杨某 上家 交给 的 100 克 冰毒 回到 莘塍 街道 星火 村民 莘 东路 附近 将 该 冰毒 交给 杨某 之后   <e1>   杨某   </e1>   在   <e2>   莘东路一巷弄   </e2>   路 一 巷弄 里 将 该 100 克 冰毒 以 23000 元 的 价格 贩卖 给 黄某,4
NA,经 审理 查明 2012 年 12 月底 的 一天 晚上 被告人 袁运华 明知   <e1>   杨某   </e1>     <e2>   黄某   </e2>   与 黄某 从事 毒品 交易 受 杨某 指使 乘 出租车 至 本市 塘下 镇 广场 北路 葡京 大酒店 对面 接收 杨某 上家 交给 的 100 克 冰毒 回到 莘塍 街道 星火 村民 莘 东路 附近 将 该 冰毒 交给 杨某 之后 杨某 在 星火 村民 莘东路一巷弄 里 将 该 100 克 冰毒 以 23000 元 的 价格 贩卖 给 黄某,4
provide_shelter_for,公诉 机关 指控 2015 年 12 月 18 日 14 时许 被告人   <e1>   谭某   </e1>   在 全州县 石塘镇 蒋家 岭 村委 南严 背村 67 号 其 男友 唐某某 的住房内 容留   <e2>   陈某某   </e2>   廖某 吕某某 张某某 四 人均 另案处理 吸食毒品 海洛因 后 被 公安民警 抓获 并 当场 从 陈某某 身上 查获 毒品 海洛因 1.8克 净重 冰毒 0.32克 净重,3
provide_shelter_for,公诉 机关 指控 2015 年 12 月 18 日 14 时许 被告人   <e1>   谭某   </e1>   在 全州县 石塘镇 蒋家 岭 村委 南严 背村 67 号 其 男友 唐某某 的住房内 容留 陈某某   <e2>   廖某   </e2>   吕某某 张某某 四 人均 另案处理 吸食毒品 海洛因 后 被 公安民警 抓获 并 当场 从 陈某某 身上 查获 毒品 海洛因 1.8克 净重 冰毒 0.32克 净重,3
provide_shelter_for,公诉 机关 指控 2015 年 12 月 18 日 14 时许 被告人   <e1>   谭某   </e1>   在 全州县 石塘镇 蒋家 岭 村委 南严 背村 67 号 其 男友 唐某某 的住房内 容留 陈某某 廖某   <e2>   吕某某   </e2>   张某某 四 人均 另案处理 吸食毒品 海洛因 后 被 公安民警 抓获 并 当场 从 陈某某 身上 查获 毒品 海洛因 1.8克 净重 冰毒 0.32克 净重,3
provide_shelter_for,公诉 机关 指控 2015 年 12 月 18 日 14 时许 被告人   <e1>   谭某   </e1>   在 全州县 石塘镇 蒋家 岭 村委 南严 背村 67 号 其 男友 唐某某 的住房内 容留 陈某某 廖某 吕某某   <e2>   张某某   </e2>   四 人均 另案处理 吸食毒品 海洛因 后 被 公安民警 抓获 并 当场 从 陈某某 身上 查获 毒品 海洛因 1.8克 净重 冰毒 0.32克 净重,3
NA,公诉 机关 指控 2015 年 12 月 18 日 14 时许 被告人 谭某 在 全州县 石塘镇 蒋家 岭 村委 南严 背村 67 号 其 男友 唐某某   <e1>   的住房内   </e1>   容留   <e2>   陈某某   </e2>   廖某 吕某某 张某某 四 人均 另案处理 吸食毒品 海洛因 后 被 公安民警 抓获 并 当场 从 陈某某 身上 查获 毒品 海洛因 1.8克 净重 冰毒 0.32克 净重,4
NA,公诉 机关 指控 2015 年 12 月 18 日 14 时许 被告人 谭某 在 全州县 石塘镇 蒋家 岭 村委 南严 背村 67 号 其 男友   <e1>   唐某某   </e1>   的住房内 容留 陈某某 廖某 吕某某 张某某 四 人均 另案处理 吸食毒品 海洛因 后 被 公安民警 抓获 并 当场 从 陈某某 身上 查获 毒品 海洛因 1.8克 净重   <e2>   冰毒   </e2>   0.32克 净重,4
sell_drugs_to,经 审理 查明 2015 年 3 月份 被告人 王某某 接到 郯城县 李庄镇 李庄 一村 村民 梅某 已 判刑 电话 让 其 帮忙 联系 购买 毒品 用于 吸食 后 王某某 与 郯城县李庄镇华埠四村 村民 李某 已 判刑 联系 并 将 李某 联系方式 提供 给 梅某 经 联系 后   <e1>   李某   </e1>   以 1800 元 的 价格 将 23 克 甲基苯丙胺 俗称 冰毒 销售 给   <e2>   梅某   </e2>   事后 李某 送给 被告人 王某某 2克 作为 好处 2015 年 3 月 2 7日 侦查人员 在 梅某 处 查获 晶体 状 颗粒物 19 克经 鉴定 含 甲基苯丙胺 成分,1
traffic_in,经 审理 查明 2015 年 3 月份 被告人 王某某 接到 郯城县 李庄镇 李庄 一村 村民 梅某 已 判刑 电话 让 其 帮忙 联系 购买 毒品 用于 吸食 后 王某某 与 郯城县李庄镇华埠四村 村民 李某 已 判刑 联系 并 将 李某 联系方式 提供 给 梅某 经 联系 后   <e1>   李某   </e1>   以 1800 元 的 价格 将 23 克   <e2>   甲基苯丙胺   </e2>   俗称 冰毒 销售 给 梅某 事后 李某 送给 被告人 王某某 2克 作为 好处 2015 年 3 月 2 7日 侦查人员 在 梅某 处 查获 晶体 状 颗粒物 19 克经 鉴定 含 甲基苯丙胺 成分,0
sell_drugs_to,经 审理 查明 2015 年 3 月份 被告人 王某某 接到 郯城县 李庄镇 李庄 一村 村民 梅某 已 判刑 电话 让 其 帮忙 联系 购买 毒品 用于 吸食 后 王某某 与 郯城县李庄镇华埠四村 村民 李某 已 判刑 联系 并 将 李某 联系方式 提供 给 梅某 经 联系 后 李某 以 1800 元 的 价格 将 23 克 甲基苯丙胺 俗称 冰毒 销售 给 梅某 事后   <e1>   李某   </e1>   送给 被告人   <e2>   王某某   </e2>   2克 作为 好处 2015 年 3 月 2 7日 侦查人员 在 梅某 处 查获 晶体 状 颗粒物 19 克经 鉴定 含 甲基苯丙胺 成分,1
posess,经 审理 查明 2015 年 3 月份 被告人 王某某 接到 郯城县 李庄镇 李庄 一村 村民 梅某 已 判刑 电话 让 其 帮忙 联系 购买 毒品 用于 吸食 后 王某某 与 郯城县李庄镇华埠四村 村民 李某 已 判刑 联系 并 将 李某 联系方式 提供 给 梅某 经 联系 后 李某 以 1800 元 的 价格 将 23 克 甲基苯丙胺 俗称 冰毒 销售 给 梅某 事后 李某 送给 被告人 王某某 2克 作为 好处 2015 年 3 月 2 7日 侦查人员 在   <e1>   梅某   </e1>   处 查获 晶体 状 颗粒物 19 克经 鉴定 含   <e2>   甲基苯丙胺   </e2>   成分,2
NA,经 审理 查明 2015 年 3 月份 被告人 王某某 接到 郯城县 李庄镇 李庄 一村 村民 梅某 已 判刑 电话 让 其 帮忙 联系 购买 毒品 用于 吸食 后 王某某 与   <e1>   郯城县李庄镇华埠四村   </e1>   村民   <e2>   李某   </e2>   已 判刑 联系 并 将 李某 联系方式 提供 给 梅某 经 联系 后 李某 以 1800 元 的 价格 将 23 克 甲基苯丙胺 俗称 冰毒 销售 给 梅某 事后 李某 送给 被告人 王某某 2克 作为 好处 2015 年 3 月 2 7日 侦查人员 在 梅某 处 查获 晶体 状 颗粒物 19 克经 鉴定 含 甲基苯丙胺 成分,4
NA,经 审理 查明 2015 年 3 月份 被告人 王某某 接到 郯城县 李庄镇 李庄 一村 村民 梅某 已 判刑 电话 让 其 帮忙 联系 购买 毒品 用于 吸食 后 王某某 与   <e1>   郯城县李庄镇华埠四村   </e1>   村民 李某 已 判刑 联系 并 将 李某 联系方式 提供 给 梅某 经 联系 后 李某 以 1800 元 的 价格 将 23 克 甲基苯丙胺 俗称 冰毒 销售 给 梅某 事后 李某 送给 被告人 王某某   <e2>   2克   </e2>   作为 好处 2015 年 3 月 2 7日 侦查人员 在 梅某 处 查获 晶体 状 颗粒物 19 克经 鉴定 含 甲基苯丙胺 成分,4
sell_drugs_to,经 审理 查明 2012年8月份 被告人   <e1>   俞某某   </e1>   电话 联系 后 在 宝鸡市 高新区 城市 枫景 小区 9 号楼 1 单元 202 房间内 分 三次 向   <e2>   许某某   </e2>   出售 冰毒 三包 共 获赃款 2900 元 2012 年 8 月 29 日 公安人员 接 群众 举报 在 上述 地点 抓获 许某某 并 现场 守候 抓获 前往 该 地点 准备 向 许某某 出售 冰毒 的 被告人 俞某某 当场 从 俞某某 身上 查获 毒品 疑似 物 一包 经 鉴定 该 毒品 疑似 物 净重 3.58 克检见 甲基苯丙胺 综上 被告人 俞某某 共 获赃款 2900 元 折合 甲基苯丙胺 2.9克 另 查获 甲基苯丙胺 3.58 克 共计 6.48 克,1
traffic_in,经 审理 查明 2012年8月份 被告人   <e1>   俞某某   </e1>   电话 联系 后 在 宝鸡市 高新区 城市 枫景 小区 9 号楼 1 单元 202 房间内 分 三次 向 许某某 出售   <e2>   冰毒   </e2>   三包 共 获赃款 2900 元 2012 年 8 月 29 日 公安人员 接 群众 举报 在 上述 地点 抓获 许某某 并 现场 守候 抓获 前往 该 地点 准备 向 许某某 出售 冰毒 的 被告人 俞某某 当场 从 俞某某 身上 查获 毒品 疑似 物 一包 经 鉴定 该 毒品 疑似 物 净重 3.58 克检见 甲基苯丙胺 综上 被告人 俞某某 共 获赃款 2900 元 折合 甲基苯丙胺 2.9克 另 查获 甲基苯丙胺 3.58 克 共计 6.48 克,0
traffic_in,经 审理 查明 2012年8月份 被告人 俞某某 电话 联系 后 在 宝鸡市 高新区 城市 枫景 小区 9 号楼 1 单元 202 房间内 分 三次 向 许某某 出售 冰毒 三包 共 获赃款 2900 元 2012 年 8 月 29 日 公安人员 接 群众 举报 在 上述 地点 抓获 许某某 并 现场 守候 抓获 前往 该 地点 准备 向 许某某 出售   <e1>   冰毒   </e1>     <e2>   俞某某   </e2>   人 俞某某 当场 从 俞某某 身上 查获 毒品 疑似 物 一包 经 鉴定 该 毒品 疑似 物 净重 3.58 克检见 甲基苯丙胺 综上 被告人 俞某某 共 获赃款 2900 元 折合 甲基苯丙胺 2.9克 另 查获 甲基苯丙胺 3.58 克 共计 6.48 克,0
sell_drugs_to,经 审理 查明 2012年8月份 被告人 俞某某 电话 联系 后 在 宝鸡市 高新区 城市 枫景 小区 9 号楼 1 单元 202 房间内 分 三次 向 许某某 出售 冰毒 三包 共 获赃款 2900 元 2012 年 8 月 29 日 公安人员 接 群众 举报 在 上述 地点 抓获 许某某 并 现场 守候 抓获 前往 该 地点 准备 向   <e1>   许某某   </e1>   出售 冰毒   <e2>   俞某某   </e2>   人 俞某某 当场 从 俞某某 身上 查获 毒品 疑似 物 一包 经 鉴定 该 毒品 疑似 物 净重 3.58 克检见 甲基苯丙胺 综上 被告人 俞某某 共 获赃款 2900 元 折合 甲基苯丙胺 2.9克 另 查获 甲基苯丙胺 3.58 克 共计 6.48 克,1
NA,经 审理 查明   <e1>   2012年8月份   </e1>   被告人 俞某某 电话 联系 后 在 宝鸡市 高新区 城市 枫景 小区 9 号楼 1 单元 202 房间内 分 三次 向 许某某 出售 冰毒 三包 共 获赃款 2900 元 2012 年 8 月 29 日 公安人员 接 群众 举报 在 上述 地点 抓获 许某某 并 现场 守候 抓获 前往 该 地点 准备 向许   <e2>   冰毒   </e2>   出售 冰毒 的 被告人 俞某某 当场 从 俞某某 身上 查获 毒品 疑似 物 一包 经 鉴定 该 毒品 疑似 物 净重 3.58 克检见 甲基苯丙胺 综上 被告人 俞某某 共 获赃款 2900 元 折合 甲基苯丙胺 2.9克 另 查获 甲基苯丙胺 3.58 克 共计 6.48 克,4
NA,经 审理 查明 2012年8月份 被告人 俞某某 电话 联系 后 在 宝鸡市 高新区 城市 枫景 小区 9 号楼 1 单元 202 房间内 分 三次 向 许某某 出售 冰毒 三包 共 获赃款 2900 元 2012 年 8 月 29 日 公安人员 接 群众 举报 在 上述 地点 抓获 许某某 并 现场 守候 抓获 前往 该 地点 准备 向   <e1>   许某某   </e1>   出售 冰毒 的 被告人 俞某某 当场 从 俞某某 身上 查获 毒品 疑似 物 一包 经 鉴定 该 毒品 疑似 物 净重 3.58 克检见 甲基苯丙胺 综上   <e2>   俞某某   </e2>   人 俞某某 共 获赃款 2900 元 折合 甲基苯丙胺 2.9克 另 查获 甲基苯丙胺 3.58 克 共计 6.48 克,4
provide_shelter_for,经 审理 查明 2014 年 11月 初至 2014年11月25日 期间 被告人   <e1>   海某   </e1>   多次 容留   <e2>   高某   </e2>   杜某某 在 开封市顺河回族区某街某号其家中 吸毒 2014年11月25日 海某 和 高某 在 海某 家 二楼 卧室 吸毒 时 被 民警 当场 抓获,3
provide_shelter_for,经 审理 查明 2014 年 11月 初至 2014年11月25日 期间 被告人   <e1>   海某   </e1>   多次 容留 高某   <e2>   杜某某   </e2>   在 开封市顺河回族区某街某号其家中 吸毒 2014年11月25日 海某 和 高某 在 海某 家 二楼 卧室 吸毒 时 被 民警 当场 抓获,3
NA,经 审理 查明 2014 年 11月 初至 2014年11月25日 期间 被告人 海某 多次 容留 高某   <e1>   杜某某   < / e   <e2>   开封市顺河回族区某街某号其家中   </e2>   号 其 家中 吸毒 2014年11月25日 海某 和 高某 在 海某 家 二楼 卧室 吸毒 时 被 民警 当场 抓获,4
NA,经 审理 查明 2014 年 11月 初至   <e1>   2014年11月25日   </e1>   期间 被告人 海某   <e2>   高某   </e2>   容留 高某 杜某某 在 开封市顺河回族区某街某号其家中 吸毒 2014年11月25日 海某 和 高某 在 海某 家 二楼 卧室 吸毒 时 被 民警 当场 抓获,4
sell_drugs_to,珠海市 金湾区 人民检察院 指控 2014 年 9 月 26 日 14 时许 被告人 李某 接到 肖某 的 电话 对方 称要 购买 价值 人民币 200 元 的 毒品 冰毒 双方 约定 在 珠海市 金湾区 金海岸 美都 广场 附近 交易 15 时许 二人 去 到 上述 约定 地点 被告人   <e1>   李某   </e1>   将 一袋 冰毒 交给   <e2>   肖某   </e2>   并 收取 毒资 人民币 200 元 双方 交易 完毕 后 被 民警 当场 抓获 民警 在 被告人 李某 身上 查获 手机 1 部 铁盒 1 个 铁盒 内 装有 白色晶体 状物质 2 袋 以及 人民币 200 元 在 肖某 身上 查获 白色晶体 状物质 1 袋经 鉴定 从 被告人 李某 身上 查获 的 白色晶体 状物质 中 检出 甲基苯丙胺 成份 净重 共 1 . 20克 从 肖某 身上 查获 的 白色晶体 状物质 中 检出 甲基苯丙胺 成份 净重 0.84克,1
traffic_in,珠海市 金湾区 人民检察院 指控 2014 年 9 月 26 日 14 时许 被告人 李某 接到 肖某 的 电话 对方 称要 购买 价值 人民币 200 元 的 毒品 冰毒 双方 约定 在 珠海市 金湾区 金海岸 美都 广场 附近 交易 15 时许 二人 去 到 上述 约定 地点 被告人   <e1>   李某   </e1>   将 一袋   <e2>   冰毒   </e2>   交给 肖某 并 收取 毒资 人民币 200 元 双方 交易 完毕 后 被 民警 当场 抓获 民警 在 被告人 李某 身上 查获 手机 1 部 铁盒 1 个 铁盒 内 装有 白色晶体 状物质 2 袋 以及 人民币 200 元 在 肖某 身上 查获 白色晶体 状物质 1 袋经 鉴定 从 被告人 李某 身上 查获 的 白色晶体 状物质 中 检出 甲基苯丙胺 成份 净重 共 1 . 20克 从 肖某 身上 查获 的 白色晶体 状物质 中 检出 甲基苯丙胺 成份 净重 0.84克,0
NA,珠海市 金湾区 人民检察院 指控 2014 年 9 月 26 日 14 时许 被告人 李某 接到 肖某 的 电话 对方 称要 购买 价值 人民币 200 元 的 毒品 冰毒 双方 约定 在 珠海市 金湾区 金海岸 美都 广场 附近 交易 15 时许 二人 去 到 上述 约定 地点 被告人 李某 将 一袋 冰毒 交给 肖某 并 收取 毒资 人民币 200 元 双方 交易 完毕 后 被 民警 当场 抓获 民警 在 被告人   <e1>   李某   </e1>   身上 查获 手机 1 部 铁盒 1 个 铁盒 内 装有 白色晶体 状物质 2 袋 以及 人民币 200 元 在 肖某 身上 查获 白色晶体 状物质 1 袋经 鉴定 从 被告人 李某 身上 查获 的 白色晶体 状物质 中 检出 甲基苯丙胺 成份 净重 共 1 . 20克 从 肖某 身上 查获 的 白色晶体 状物质 中 检出 甲基苯丙胺 成份 净重   <e2>   0.84克   </e2>  ,4
NA,珠海市 金湾区 人民检察院 指控 2014 年 9 月 26 日 14 时许 被告人 李某 接到 肖某 的 电话 对方 称要 购买 价值 人民币 200 元 的 毒品 冰毒 双方 约定 在 珠海市 金湾区 金海岸 美都 广场 附近 交易 15 时许 二人 去 到 上述 约定 地点 被告人   <e1>   李某   </e1>   将 一袋 冰毒 交给 肖某 并 收取 毒资 人民币 200 元 双方 交易 完毕 后 被 民警 当场 抓获 民警 在 被告人 李某 身上 查获 手机 1 部 铁盒 1 个 铁盒 内 装有 白色晶体 状物质 2 袋 以及 人民币 200 元 在 肖某 身上 查获 白色晶体 状物质 1 袋经 鉴定 从 被告人 李某 身上 查获 的 白色晶体 状物质 中 检出 甲基苯丙胺 成份 净重 共 1.2   <e2>   肖某   </e2>   从 肖某 身上 查获 的 白色晶体 状物质 中 检出 甲基苯丙胺 成份 净重 0.84克,4
provide_shelter_for,灵璧县 人民检察院 指控 2016年8月份的一天下午 被告人   <e1>   张某某   </e1>   在 灵璧县 向阳 乡 大桥 村 家中 一楼 客厅 内容 留   <e2>   张某甲   </e2>   张某乙 杨某 吸食 冰毒 甲基苯丙胺,3
provide_shelter_for,灵璧县 人民检察院 指控 2016年8月份的一天下午 被告人   <e1>   张某某   </e1>   在 灵璧县 向阳 乡 大桥 村 家中 一楼 客厅 内容 留 张某甲   <e2>   张某乙   </e2>   杨某 吸食 冰毒 甲基苯丙胺,3
provide_shelter_for,灵璧县 人民检察院 指控 2016年8月份的一天下午 被告人   <e1>   张某某   </e1>   在 灵璧县 向阳 乡 大桥 村 家中 一楼 客厅 内容 留 张某甲 张某乙   <e2>   杨某   </e2>   吸食 冰毒 甲基苯丙胺,3
NA,灵璧县 人民检察院 指控   <e1>   2016年8月份的一天下午   </e1>   被告人 张某某 在 灵璧县 向阳 乡 大桥 村 家中 一楼 客厅 内容 留 张某甲 张某乙 杨某 吸   <e2>   甲基苯丙胺   </e2>   基 苯丙胺,4
NA,灵璧县 人民检察院 指控   <e1>   2016年8月份的一天下午   </e1>   被告人 张某某 在 灵璧县 向阳 乡 大桥 村 家中 一楼 客厅 内容 留   <e2>   张某甲   </e2>   张某乙 杨某 吸食 冰毒 甲基苯丙胺,4
posess,烟台市 烟台 经济 技术开发区 人民检察院 指控 被告人   <e1>   张某   </e1>   甲于 2014年1月17日16时 许 驾驶 川 a 轿车 行至 烟台 开发区 银河 怡海 小区 西侧 被 巡逻 民警 盘查 时 从 其 车内 查获 疑似 毒品 吸毒 工具 一宗 经 鉴定   <e2>   冰毒   </e2>   109.89 克 麻古 36.75克,2
posess,烟台市 烟台 经济 技术开发区 人民检察院 指控 被告人   <e1>   张某   </e1>   甲于 2014年1月17日16时 许 驾驶 川 a 轿车 行至 烟台 开发区 银河 怡海 小区 西侧 被 巡逻 民警 盘查 时 从 其 车内 查获 疑似 毒品 吸毒 工具 一宗 经 鉴定 冰毒 109.89 克   <e2>   麻古   </e2>   36.75克,2
NA,烟台市 烟台 经济 技术开发区 人民检察院 指控 被告人 张某甲 于 2014年1月17日16时 许 驾驶 川 a 轿车 行至   <e1>   烟台   </e1>   开发区 银河 怡海 小区 西侧 被 巡逻 民警 盘查 时 从 其 车内 查获 疑似 毒品 吸毒 工具 一宗 经 鉴定 冰毒 109 .   <e2>   麻古   </e2>   克 麻古 36.75克,4
NA,烟台市 烟台 经济 技术开发区 人民检察院 指控 被告人 张某甲 于   <e1>   2014年1月17日16时   </e1>   许 驾驶 川 a 轿车 行至 烟台 开发区 银河 怡海 小区 西侧 被 巡逻 民警 盘查 时 从 其 车内 查获 疑似 毒品 吸毒 工具 一宗 经 鉴定 冰毒 109.89   <e2>   36.75克   </e2>   . 75 克,4
sell_drugs_to,经 审理 查明 2012年11月19日20时 许 被告人   <e1>   李某   </e1>   得知   <e2>   莫XX   </e2>   要 购买 毒品 氯胺酮 后 便 搭乘 出租车 到 旧 火柴厂 门口 将 一小包 毒品 氯胺酮 重 1.92克 以 人民币 200 元 的 价格 贩卖 给 莫XX 完成 交易 后 李某 乘坐 出租车 到 吉利 酒店 门口 时 被 公安人员 抓获 公安人员 当场 在 李某 身上 缴获 一包 毒品 氯胺酮 重 32.05 克 公安人员 在 火柴厂 门口 抓获 莫XX 并 在 莫XX 身上 缴获 其 从 李某 处 购买 的 毒品 氯胺酮 重 1.92克,1
traffic_in,经 审理 查明 2012年11月19日20时 许 被告人   <e1>   李某   </e1>   得知 莫XX 要 购买 毒品   <e2>   氯胺酮   </e2>   后 便 搭乘 出租车 到 旧 火柴厂 门口 将 一小包 毒品 氯胺酮 重 1.92克 以 人民币 200 元 的 价格 贩卖 给 莫XX 完成 交易 后 李某 乘坐 出租车 到 吉利 酒店 门口 时 被 公安人员 抓获 公安人员 当场 在 李某 身上 缴获 一包 毒品 氯胺酮 重 32.05 克 公安人员 在 火柴厂 门口 抓获 莫XX 并 在 莫XX 身上 缴获 其 从 李某 处 购买 的 毒品 氯胺酮 重 1.92克,0
NA,经 审理 查明   <e1>   2012年11月19日20时   </e1>   许 被告人 李某 得知 莫XX 要 购买 毒品 氯胺酮 后 便 搭乘 出租车 到 旧 火柴厂 门口 将 一小包 毒品   <e2>   1.92克   </e2>   . 9 2克 以 人民币 200 元 的 价格 贩卖 给 莫XX 完成 交易 后 李某 乘坐 出租车 到 吉利 酒店 门口 时 被 公安人员 抓获 公安人员 当场 在 李某 身上 缴获 一包 毒品 氯胺酮 重 32.05 克 公安人员 在 火柴厂 门口 抓获 莫XX 并 在 莫XX 身上 缴获 其 从 李某 处 购买 的 毒品 氯胺酮 重 1.92克,4
NA,经 审理 查明 2012年11月19日20时 许 被告人 李某 得知 莫XX 要 购买 毒品 氯胺酮 后 便 搭乘 出租车 到 旧 火柴厂 门口 将 一小包 毒品   <e1>   氯胺酮   </e1>   重 1.92克 以 人民币 200 元 的 价格 贩卖 给 莫XX 完成 交易 后 李某 乘坐 出租车 到 吉利 酒店 门口 时 被 公安人员 抓获 公安人员 当场 在 李某 身上 缴获 一包 毒品 氯胺酮 重 32.05 克 公安人员 在 火柴厂 门口 抓获 莫XX 并 在 莫XX 身上 缴获 其 从 李某 处购   <e2>   氯胺酮   </e2>   品 氯胺酮 重 1.92克,4
traffic_in,公诉 机关 指控 2011年4月29日晚上7时30分 许 被告人   <e1>   王某   </e1>   在 本市 西湖区振华路199号卡地亚酒店8409号房间 内 将 三 小包   <e2>   冰毒   </e2>   经 鉴定 净重 1.2 1克 检出 甲基苯丙胺 以 人民币 1500 元 的 价格 卖 给 吸毒 人员 张某 后 王某 在 卡地亚酒店门口 被 公安人员 抓获,0
sell_drugs_to,公诉 机关 指控 2011年4月29日晚上7时30分 许 被告人   <e1>   王某   </e1>   在 本市 西湖区振华路199号卡地亚酒店8409号房间 内 将 三 小包 冰毒 经 鉴定 净重 1.2 1克 检出 甲基苯丙胺 以 人民币 1500 元 的 价格 卖 给 吸毒 人员   <e2>   张某   </e2>   后 王某 在 卡地亚酒店门口 被 公安人员 抓获,1
NA,公诉 机关 指控   <e1>   2011年4月29日晚上7时30分   </e1>   许 被告人 王某 在 本市   <e2>   西湖区振华路199号卡地亚酒店8409号房间   </e2>   内 将 三 小包 冰毒 经 鉴定 净重 1.2 1克 检出 甲基苯丙胺 以 人民币 1500 元 的 价格 卖 给 吸毒 人员 张某 后 王某 在 卡地亚酒店门口 被 公安人员 抓获,4
NA,公诉 机关 指控 2011年4月29日晚上7时30分 许 被告人 王某 在 本市 西湖区振华路199号卡地亚酒店8409号房间 内 将 三 小包 冰毒 经 鉴定 净重 1.2 1克 检出 甲基苯丙胺 以 人民币 1500 元 的 价格 卖 给 吸毒 人员 张某 后   <e1>   王某   < / e   <e2>   卡地亚酒店门口   </e2>   酒店 门口 被 公安人员 抓获,4
sell_drugs_to,公诉 机关 指控 2012年5月16日 武都 区 公安局 刑警大队 民警 在 寻找 另案 嫌疑人 时 发现 吸毒 人员 张四宝 进入 西关 街 杨店 巷经 对 张四宝 进行 跟踪 在 西关 社区 李红林 家里 将 出售 完 毒品 正在 吸食 的 被告人 李某某 和 张四宝 抓获 当场 从 被告人 李某某 所 穿 黑色 裤子 口袋 内 查获 用 彩色 广告 纸包 着 的 白色 粉状 毒品 可疑 物 十一 包从 吸毒 人员 张四宝 身上 查获 用 纸包 着 的 白色 粉状 毒品 可疑 物 一包 经 计量 总 净重 为 4.65 克 经查 被告人   <e1>   李某某   </e1>   对 其 向   <e2>   张四宝   </e2>   出售 毒品 海洛因 的 事实 供认不讳 经 陇南 市 公安 司法鉴定 中心 鉴定 在 送检 的 检材 中均 检出 海洛因 成分,1
traffic_in,公诉 机关 指控 2012年5月16日 武都 区 公安局 刑警大队 民警 在 寻找 另案 嫌疑人 时 发现 吸毒 人员 张四宝 进入 西关 街 杨店 巷经 对 张四宝 进行 跟踪 在 西关 社区 李红林 家里 将 出售 完 毒品 正在 吸食 的 被告人 李某某 和 张四宝 抓获 当场 从 被告人 李某某 所 穿 黑色 裤子 口袋 内 查获 用 彩色 广告 纸包 着 的 白色 粉状 毒品 可疑 物 十一 包从 吸毒 人员 张四宝 身上 查获 用 纸包 着 的 白色 粉状 毒品 可疑 物 一包 经 计量 总 净重 为 4.65 克 经查 被告人   <e1>   李某某   </e1>   对 其 向 张四宝 出售 毒品   <e2>   海洛因   </e2>   的 事实 供认不讳 经 陇南 市 公安 司法鉴定 中心 鉴定 在 送检 的 检材 中均 检出 海洛因 成分,0
NA,公诉 机关 指控   <e1>   2012年5月16日   </e1>   武都 区 公安局 刑警大队 民警 在 寻找 另案 嫌疑人 时 发现 吸毒 人员 张四宝 进入 西关 街 杨店   <e2>   张四宝   </e2>   对 张四宝 进行 跟踪 在 西关 社区 李红林 家里 将 出售 完 毒品 正在 吸食 的 被告人 李某某 和 张四宝 抓获 当场 从 被告人 李某某 所 穿 黑色 裤子 口袋 内 查获 用 彩色 广告 纸包 着 的 白色 粉状 毒品 可疑 物 十一 包从 吸毒 人员 张四宝 身上 查获 用 纸包 着 的 白色 粉状 毒品 可疑 物 一包 经 计量 总 净重 为 4.65 克 经查 被告人 李某某 对 其 向 张四宝 出售 毒品 海洛因 的 事实 供认不讳 经 陇南 市 公安 司法鉴定 中心 鉴定 在 送检 的 检材 中均 检出 海洛因 成分,4
NA,公诉 机关 指控 2012年5月16日 武都 区 公安局 刑警大队 民警 在 寻找 另案 嫌疑人 时 发现 吸毒 人员 张四宝 进入 西关 街 杨店 巷经 对 张四宝 进行 跟踪 在   <e1>   西关   </e1>   社区 李红林 家里 将 出售 完 毒品 正在 吸食   <e2>   李   </e2>   被告人 李某某 和 张四宝 抓获 当场 从 被告人 李某某 所 穿 黑色 裤子 口袋 内 查获 用 彩色 广告 纸包 着 的 白色 粉状 毒品 可疑 物 十一 包从 吸毒 人员 张四宝 身上 查获 用 纸包 着 的 白色 粉状 毒品 可疑 物 一包 经 计量 总 净重 为 4.65 克 经查 被告人 李某某 对 其 向 张四宝 出售 毒品 海洛因 的 事实 供认不讳 经 陇南 市 公安 司法鉴定 中心 鉴定 在 送检 的 检材 中均 检出 海洛因 成分,4
sell_drugs_to,天津市 河北区 人民检察院 指控 被告人 刘某 与 肖系 朋友 关系 2015 年 6 月 1 日 18 时许 被告人   <e1>   刘某   </e1>   与   <e2>   肖   </e2>   电话 约定 进行 毒品 交易 同日19时 许 被告人 刘某 在 本市 南开区 天塔 道 百分之一 饭馆 门前 以 人民币 300 元 的 价格 向 肖 贩卖 甲基苯丙胺 冰毒 一袋 被 公安机关 当场 抓获 民警 现场 从 肖处 查获 白色晶体 状 毒品 可疑 物 一袋 从 被告人 刘某 处 查获 白色 手机 一部 及 毒资 人民币 300 元经 天津市 公安局 毒品 检验 鉴定中心 鉴定 上述 毒品 可疑 物重 0.8克 从中 检出 甲基苯丙胺 成分,1
traffic_in,天津市 河北区 人民检察院 指控 被告人 刘某 与 肖系 朋友 关系 2015 年 6 月 1 日 18 时许 被告人 刘某 与 肖 电话 约定 进行 毒品 交易 同日19时 许 被告人   <e1>   刘某   </e1>   在 本市 南开区 天塔 道 百分之一 饭馆 门前 以 人民币 300 元 的 价格 向 肖 贩卖   <e2>   甲基苯丙胺   </e2>   冰毒 一袋 被 公安机关 当场 抓获 民警 现场 从 肖处 查获 白色晶体 状 毒品 可疑 物 一袋 从 被告人 刘某 处 查获 白色 手机 一部 及 毒资 人民币 300 元经 天津市 公安局 毒品 检验 鉴定中心 鉴定 上述 毒品 可疑 物重 0.8克 从中 检出 甲基苯丙胺 成分,0
traffic_in,天津市 河北区 人民检察院 指控 被告人 刘某 与 肖系 朋友 关系 2015 年 6 月 1 日 18 时许 被告人 刘某 与 肖 电话 约定 进行 毒品 交易 同日19时 许 被告人   <e1>   刘某   </e1>   在 本市 南开区 天塔 道 百分之一 饭馆 门前 以 人民币 300 元 的 价格 向 肖 贩卖 甲基苯丙胺   <e2>   冰毒   </e2>   一袋 被 公安机关 当场 抓获 民警 现场 从 肖处 查获 白色晶体 状 毒品 可疑 物 一袋 从 被告人 刘某 处 查获 白色 手机 一部 及 毒资 人民币 300 元经 天津市 公安局 毒品 检验 鉴定中心 鉴定 上述 毒品 可疑 物重 0.8克 从中 检出 甲基苯丙胺 成分,0
NA,天津市 河北区 人民检察院 指控 被告人 刘某 与   <e1>   肖   </e1>   系 朋友 关系 2015 年 6 月 1 日 18 时许 被告人   <e2>   刘某   </e2>   与 肖 电话 约定 进行 毒品 交易 同日19时 许 被告人 刘某 在 本市 南开区 天塔 道 百分之一 饭馆 门前 以 人民币 300 元 的 价格 向 肖 贩卖 甲基苯丙胺 冰毒 一袋 被 公安机关 当场 抓获 民警 现场 从 肖处 查获 白色晶体 状 毒品 可疑 物 一袋 从 被告人 刘某 处 查获 白色 手机 一部 及 毒资 人民币 300 元经 天津市 公安局 毒品 检验 鉴定中心 鉴定 上述 毒品 可疑 物重 0.8克 从中 检出 甲基苯丙胺 成分,4
NA,天津市 河北区 人民检察院 指控 被告人 刘某 与 肖系 朋友 关系 2015 年 6 月 1 日 18 时许 被告人 刘某 与 肖 电话 约定 进行 毒品 交易   <e1>   同日19时   </e1>   许 被告人 刘某 在 本市 南开区 天塔 道 百分之一 饭馆 门前 以 人民币 300 元 的 价格 向 肖 贩卖 甲基苯丙胺 冰毒 一袋 被 公安机关 当场 抓获 民警 现场 从 肖处 查获 白色晶体 状 毒品 可疑 物 一袋 从 被告人 刘某 处 查获 白色 手机 一部 及 毒资 人民币 300 元经 天津市 公安局 毒品 检验 鉴定中心 鉴定 上述 毒品 可疑 物重   <e2>   0.8克   </e2>   从中 检出 甲基苯丙胺 成分,4
sell_drugs_to,贵州省 贵阳市云岩区 人民检察院 起诉 指控 2014年9月24日16时 许 被告人   <e1>   吴某某   </e1>   在 本市云岩区民生路弯弓街 贩卖毒品 给   <e2>   庞某某   </e2>   时 被 公安机关 抓获 被 收缴 毒品 0.1克 经 贵阳市 公安局 毒品 检验 中心 鉴定 所 收缴 的 毒品 为 海洛因,1
traffic_in,贵州省 贵阳市云岩区 人民检察院 起诉 指控 2014年9月24日16时 许 被告人   <e1>   吴某某   </e1>   在 本市云岩区民生路弯弓街 贩卖毒品 给 庞某某 时 被 公安机关 抓获 被 收缴 毒品 0.1克 经 贵阳市 公安局 毒品 检验 中心 鉴定 所 收缴 的 毒品 为   <e2>   海洛因   </e2>  ,0
NA,贵州省 贵阳市云岩区 人民检察院 起诉 指控   <e1>   2014年9月24日16时   </e1>   许 被告人 吴某某 在 本市云岩区民生路弯弓街 贩   <e2>   庞某某   </e2>   给 庞某某 时 被 公安机关 抓获 被 收缴 毒品 0.1克 经 贵阳市 公安局 毒品 检验 中心 鉴定 所 收缴 的 毒品 为 海洛因,4
NA,贵州省 贵阳市云岩区 人民检察院 起诉 指控 2014年9月24日16时 许 被告人 吴某某 在   <e1>   本市云岩区民生路弯弓街   </e1>   贩卖毒品 给 庞某某 时 被 公安机关 抓获 被 收缴 毒品 0.1克 经 贵阳市 公安局 毒品 检验 中心 鉴定 所 收缴 的 毒品 为   <e2>   海洛因   </e2>  ,4
provide_shelter_for,青岛市 黄岛区 人民检察院 指控 2011 年 89 月份 的 一天 下午 1 时许 被告人   <e1>   薛某某   </e1>   在 位于 青岛市黄岛区隐珠街道办事处大兰东村其家中 容留   <e2>   汤   </e2>   吸食 冰毒 1 次,3
NA,青岛市 黄岛区 人民检察院 指控 2011 年 89 月份 的 一天 下午 1 时许 被告人   <e1>   薛某某   </e1>   在 位于   <e2>   青岛市黄岛区隐珠街道办事处大兰东村其家中   </e2>   容留 汤 吸食 冰毒 1 次,4
NA,青岛市 黄岛区 人民检察院 指控 2011 年 89 月份 的 一天 下午 1 时许 被告人 薛某某 在 位于   <e1>   青岛市黄岛区隐珠街道办事处大兰东村其家中   </e1>   <e2>   汤   </e2>   留汤 吸食 冰毒 1 次,4
sell_drugs_to,经 审理 查明 1 被告人   <e1>   杨某   </e1>   于 2013 年 9 月份 的 一天 在 沈阳市 大东区 大悦 城 地铁站 出入口 处以 人民币 600 元 的 价格 向   <e2>   白某   </e2>   贩卖 冰毒 1 袋 重约 0.5克,1
traffic_in,经 审理 查明 1 被告人   <e1>   杨某   </e1>   于 2013 年 9 月份 的 一天 在 沈阳市 大东区 大悦 城 地铁站 出入口 处以 人民币 600 元 的 价格 向 白某 贩卖   <e2>   冰毒   </e2>   1 袋 重约 0.5克,0
NA,经 审理 查明 1 被告人   <e1>   杨某   </e1>   于 2013 年 9 月份 的 一天 在 沈阳市 大东区 大悦 城 地铁站 出入口 处以 人民币 600 元 的 价格 向   <e2>   白某   </e2>   贩卖 冰毒 1 袋 重约 0.5克,4
NA,经 审理 查明 1 被告人 杨某 于 2013 年 9 月份 的 一天 在 沈阳市 大东区 大悦 城 地铁站 出入口 处以 人民币 600 元 的 价格 向 白某 贩卖   <e1>   冰毒   </e1>   1 袋 重约   <e2>   0.5克   </e2>  ,4
provide_shelter_for,经 审理 查明 2015年9月 6 日 凌晨 被告人   <e1>   汤某   </e1>   在 其 位于 翁源县 x 镇 x 村 x 组 x 号 的 家中 客厅 内容 留   <e2>   王某甲   </e2>   曾某 王某乙 吸食毒品 冰毒,3
provide_shelter_for,经 审理 查明 2015年9月 6 日 凌晨 被告人   <e1>   汤某   </e1>   在 其 位于 翁源县 x 镇 x 村 x 组 x 号 的 家中 客厅 内容 留 王某甲   <e2>   曾某   </e2>   王某乙 吸食毒品 冰毒,3
provide_shelter_for,经 审理 查明 2015年9月 6 日 凌晨 被告人   <e1>   汤某   </e1>   在 其 位于 翁源县 x 镇 x 村 x 组 x 号 的 家中 客厅 内容 留 王某甲 曾某   <e2>   王某乙   </e2>   吸食毒品 冰毒,3
NA,经 审理 查明 2015年9月 6 日 凌晨 被告人 汤某 在 其 位于 翁源县 x 镇 x 村 x 组 x 号 的 家中 客厅 内容 留 王某甲   <e1>   曾某   </e1>   王某乙 吸食毒品   <e2>   冰毒   </e2>  ,4
NA,经 审理 查明 2015年9月 6 日 凌晨 被告人   <e1>   汤某   </e1>   在 其 位于 翁源县 x 镇 x 村 x 组 x 号 的 家中 客厅   <e2>   王某甲   </e2>   留 王某甲 曾某 王某乙 吸食毒品 冰毒,4
posess,广州市 海珠区 人民检察院 指控 被告人 梁某某 于 2015年5月24日11时 许在 本市 海珠区 革新 路凤安街 90 号 二楼 屋内 被 公安人员 抓获 公安人员 现场 从   <e1>   梁某某   </e1>   随身携带 的 挂包 及 屋内 查获 属于 其 的 白色晶体 3 包经 鉴定 净重 3.92克 检出   <e2>   甲基苯丙胺   </e2>   成分 白色 块状 物 5 包经 鉴定 净重 8.75克 检出 海洛因 成分 白色晶体 1 瓶经 鉴定 净重 2.01克 检出 甲基苯丙胺 成分 及 吸毒 工具 冰壶 1 个,2
NA,广州市 海珠区 人民检察院 指控 被告人   <e1>   梁某某   </e1>   于 2015年5月24日11时 许在 本市 海珠区 革新 路凤安街 90 号 二楼 屋内 被 公安人员 抓获 公安人员 现场 从 梁某某 随身携带 的 挂包 及 屋内 查获 属于 其 的 白色晶体 3 包经 鉴定 净重   <e2>   3.92克   </e2>   检出 甲基苯丙胺 成分 白色 块状 物 5 包经 鉴定 净重 8.75克 检出 海洛因 成分 白色晶体 1 瓶经 鉴定 净重 2.01克 检出 甲基苯丙胺 成分 及 吸毒 工具 冰壶 1 个,4
NA,广州市 海珠区 人民检察院 指控 被告人 梁某某 于   <e1>   2015年5月24日11时   </e1>   许在 本市 海珠区 革新 路凤安街 90 号 二楼 屋内 被 公安人员 抓获 公安人员 现场 从 梁某某 随身携带 的 挂包 及 屋内 查获 属于 其 的 白色晶体 3 包经 鉴定 净重 3.92   <e2>   甲基苯丙胺   </e2>   基 苯丙胺 成分 白色 块状 物 5 包经 鉴定 净重 8.75克 检出 海洛因 成分 白色晶体 1 瓶经 鉴定 净重 2.01克 检出 甲基苯丙胺 成分 及 吸毒 工具 冰壶 1 个,4
sell_drugs_to,经 审理 查明 2014 年 1 月 23 日 16 时许 吸毒 人员   <e1>   杨某梅   </e1>   电话 联   <e2>   毛某文   </e2>   人 毛某文 向 被告人 毛某文 提出 购买 100 元 人民币 的 海洛因 被告人 毛某文 同意 交易 并 与 杨某梅 约定 在 毛某文 租住 的 原 铜仁 财校 出租屋 交易 杨某梅 赶到 被告人 毛某文 住处 的 门口 后 再次 电话 通知 被告人 毛某文 其 已 到 交易 地点 被告人 毛某文 从 其 租住 房内 出来 按 约定 与 杨某梅 完成 交易 后 即 被 公安人员 抓获 当场 从 被告人 毛某文 处 查获 毒资 人民币 100 元及 黑色 直板 手机 一部 从 杨某梅 处 查获 一个 用 白色 塑料纸 包裹 的 净重 0.1克 的 海洛因 零包,1
traffic_in,经 审理 查明 2014 年 1 月 23 日 16 时许 吸毒 人员 杨某梅 电话 联系 被告人 毛某文 向 被告人   <e1>   毛某文   </e1>   提出 购买 100 元 人民币 的   <e2>   海洛因   </e2>   被告人 毛某文 同意 交易 并 与 杨某梅 约定 在 毛某文 租住 的 原 铜仁 财校 出租屋 交易 杨某梅 赶到 被告人 毛某文 住处 的 门口 后 再次 电话 通知 被告人 毛某文 其 已 到 交易 地点 被告人 毛某文 从 其 租住 房内 出来 按 约定 与 杨某梅 完成 交易 后 即 被 公安人员 抓获 当场 从 被告人 毛某文 处 查获 毒资 人民币 100 元及 黑色 直板 手机 一部 从 杨某梅 处 查获 一个 用 白色 塑料纸 包裹 的 净重 0.1克 的 海洛因 零包,0
NA,经 审理 查明 2014 年 1 月 23 日 16 时许 吸毒 人员   <e1>   杨某梅   </e1>   电话 联系 被告人 毛某文 向 被告人 毛某文 提出 购买 100 元   <e2>   海洛因   </e2>   的 海洛因 被告人 毛某文 同意 交易 并 与 杨某梅 约定 在 毛某文 租住 的 原 铜仁 财校 出租屋 交易 杨某梅 赶到 被告人 毛某文 住处 的 门口 后 再次 电话 通知 被告人 毛某文 其 已 到 交易 地点 被告人 毛某文 从 其 租住 房内 出来 按 约定 与 杨某梅 完成 交易 后 即 被 公安人员 抓获 当场 从 被告人 毛某文 处 查获 毒资 人民币 100 元及 黑色 直板 手机 一部 从 杨某梅 处 查获 一个 用 白色 塑料纸 包裹 的 净重 0.1克 的 海洛因 零包,4
NA,经 审理 查明 2014 年 1 月 23 日 16 时许 吸毒 人员 杨某梅 电话 联系 被告人 毛某文 向 被告人 毛某文 提出 购买 100 元 人民币 的   <e1>   海洛因   </e1>   被告人 毛某文 同意 交易 并 与 杨某梅 约定 在 毛某文 租住 的 原 铜仁 财校 出租屋 交易 杨某梅 赶到 被告人 毛某文 住处 的 门口 后 再次 电话 通知 被告人 毛某文 其 已 到 交易 地点 被告人 毛某文 从 其 租住 房内 出来 按 约定 与 杨某梅 完成 交易 后 即 被 公安人员 抓获 当场 从 被告人 毛某文 处 查获 毒资 人民币 100 元及 黑色 直板 手机 一部 从 杨某梅 处 查获 一个 用 白色 塑料纸 包裹 的 净重   <e2>   0.1克   </e2>   的 海洛因 零包,4
posess,经 审理 查明 2015 年 12 月 1 4日 22 时许 被告人 翁某某 在 海口市 琼山区 龙昆南 二横路 某 小区 因 形迹可疑 被 警察 盘查 当场 从 翁某某 身上 缴获 红色 塑料薄膜 包装 的 开心果 14 粒 白色 塑料薄膜 包装 的 粉 8 包 白色 塑料薄膜 包装 的 摇头丸 28 粒 白色 塑料薄膜 包装 的 麻黄 叶 1 小包 经 海口市 公安 司法鉴定 中心 鉴定 从   <e1>   翁某某   </e1>   身上 缴获 的 用 红色 塑料薄膜 包装 的 浅粉色 药丸 状 固体 14 粒 检出   <e2>   芬纳西泮   </e2>   成分 净重 2.8438 克 缴获 的 用 白色 塑料薄膜 包装 的 浅粉色 粉末状 固体 8 包 检出 甲基苯丙胺 氯胺酮 和 咖啡因 成分 净重 14.0765 克 缴获 的 用 白色 塑料薄膜 包装 的 暗 黄色 和 白色 药丸 状 固体 28 粒 检出 甲基苯丙胺 和 氯胺酮 成分 净重 8.6580 克 缴获 用 白色 塑料薄膜 包装 的 叶状 固体 1 包 检出 四氢大麻酚 成分 净重 0.2680 克,2
posess,经 审理 查明 2015 年 12 月 1 4日 22 时许 被告人 翁某某 在 海口市 琼山区 龙昆南 二横路 某 小区 因 形迹可疑 被 警察 盘查 当场 从 翁某某 身上 缴获 红色 塑料薄膜 包装 的 开心果 14 粒 白色 塑料薄膜 包装 的 粉 8 包 白色 塑料薄膜 包装 的 摇头丸 28 粒 白色 塑料薄膜 包装 的 麻黄 叶 1 小包 经 海口市 公安 司法鉴定 中心 鉴定 从   <e1>   翁某某   </e1>   身上 缴获 的 用 红色 塑料薄膜 包装 的 浅粉色 药丸 状 固体 14 粒 检出 芬纳西泮 成分 净重 2.8438 克 缴获 的 用 白色 塑料薄膜 包装 的 浅粉色 粉末状 固体 8 包 检出   <e2>   甲基苯丙胺   </e2>   氯胺酮 和 咖啡因 成分 净重 14.0765 克 缴获 的 用 白色 塑料薄膜 包装 的 暗 黄色 和 白色 药丸 状 固体 28 粒 检出 甲基苯丙胺 和 氯胺酮 成分 净重 8.6580 克 缴获 用 白色 塑料薄膜 包装 的 叶状 固体 1 包 检出 四氢大麻酚 成分 净重 0.2680 克,2
posess,经 审理 查明 2015 年 12 月 1 4日 22 时许 被告人 翁某某 在 海口市 琼山区 龙昆南 二横路 某 小区 因 形迹可疑 被 警察 盘查 当场 从 翁某某 身上 缴获 红色 塑料薄膜 包装 的 开心果 14 粒 白色 塑料薄膜 包装 的 粉 8 包 白色 塑料薄膜 包装 的 摇头丸 28 粒 白色 塑料薄膜 包装 的 麻黄 叶 1 小包 经 海口市 公安 司法鉴定 中心 鉴定 从   <e1>   翁某某   </e1>   身上 缴获 的 用 红色 塑料薄膜 包装 的 浅粉色 药丸 状 固体 14 粒 检出 芬纳西泮 成分 净重 2.8438 克 缴获 的 用 白色 塑料薄膜 包装 的 浅粉色 粉末状 固体 8 包 检出 甲基苯丙胺   <e2>   氯胺酮   </e2>   和 咖啡因 成分 净重 14.0765 克 缴获 的 用 白色 塑料薄膜 包装 的 暗 黄色 和 白色 药丸 状 固体 28 粒 检出 甲基苯丙胺 和 氯胺酮 成分 净重 8.6580 克 缴获 用 白色 塑料薄膜 包装 的 叶状 固体 1 包 检出 四氢大麻酚 成分 净重 0.2680 克,2
posess,经 审理 查明 2015 年 12 月 1 4日 22 时许 被告人 翁某某 在 海口市 琼山区 龙昆南 二横路 某 小区 因 形迹可疑 被 警察 盘查 当场 从 翁某某 身上 缴获 红色 塑料薄膜 包装 的 开心果 14 粒 白色 塑料薄膜 包装 的 粉 8 包 白色 塑料薄膜 包装 的 摇头丸 28 粒 白色 塑料薄膜 包装 的 麻黄 叶 1 小包 经 海口市 公安 司法鉴定 中心 鉴定 从   <e1>   翁某某   </e1>   身上 缴获 的 用 红色 塑料薄膜 包装 的 浅粉色 药丸 状 固体 14 粒 检出 芬纳西泮 成分 净重 2.8438 克 缴获 的 用 白色 塑料薄膜 包装 的 浅粉色 粉末状 固体 8 包 检出 甲基苯丙胺 氯胺酮 和   <e2>   咖啡因   </e2>   成分 净重 14.0765 克 缴获 的 用 白色 塑料薄膜 包装 的 暗 黄色 和 白色 药丸 状 固体 28 粒 检出 甲基苯丙胺 和 氯胺酮 成分 净重 8.6580 克 缴获 用 白色 塑料薄膜 包装 的 叶状 固体 1 包 检出 四氢大麻酚 成分 净重 0.2680 克,2
posess,经 审理 查明 2015 年 12 月 1 4日 22 时许 被告人 翁某某 在 海口市 琼山区 龙昆南 二横路 某 小区 因 形迹可疑 被 警察 盘查 当场 从 翁某某 身上 缴获 红色 塑料薄膜 包装 的 开心果 14 粒 白色 塑料薄膜 包装 的 粉 8 包 白色 塑料薄膜 包装 的 摇头丸 28 粒 白色 塑料薄膜 包装 的 麻黄 叶 1 小包 经 海口市 公安 司法鉴定 中心 鉴定 从   <e1>   翁某某   </e1>   身上 缴获 的 用 红色 塑料薄膜 包装 的 浅粉色 药丸 状 固体 14 粒 检出 芬纳西泮 成分 净重 2.8438 克 缴获 的 用 白色 塑料薄膜 包装 的 浅粉色 粉末状 固体 8 包 检出 甲基苯丙胺 氯胺酮 和 咖啡因 成分 净重 14.0765 克 缴获 的 用 白色 塑料薄膜 包装 的 暗 黄色 和 白色 药丸 状 固体 28 粒 检出 甲基苯丙胺 和 氯胺酮 成分 净重 8.6580 克 缴获 用 白色 塑料薄膜 包装 的 叶状 固体 1 包 检出   <e2>   四氢大麻酚   </e2>   成分 净重 0.2680 克,2
NA,经 审理 查明 2015 年 12 月 1 4日 22 时许 被告人 翁某某 在 海口市 琼山区 龙昆南 二横路 某 小区 因 形迹可疑 被 警察 盘查 当场 从 翁某某 身上 缴获 红色 塑料薄膜 包装 的 开心果 14 粒 白色 塑料薄膜 包装 的 粉 8 包 白色 塑料薄膜 包装 的 摇头丸 28 粒 白色 塑料薄膜 包装 的 麻黄 叶 1 小包 经 海口市 公安 司法鉴定 中心 鉴定 从   <e1>   翁某某   </e1>   身上 缴获 的 用 红色 塑料薄膜 包装 的 浅粉色 药丸 状 固体 14 粒 检出 芬纳西泮 成分 净重 2.8438 克 缴获 的 用 白色 塑料薄膜 包装 的 浅粉色 粉末状 固体 8   <e2>   甲基苯丙胺   </e2>   基 苯丙胺 氯胺酮 和 咖啡因 成分 净重 14.0765 克 缴获 的 用 白色 塑料薄膜 包装 的 暗 黄色 和 白色 药丸 状 固体 28 粒 检出 甲基苯丙胺 和 氯胺酮 成分 净重 8.6580 克 缴获 用 白色 塑料薄膜 包装 的 叶状 固体 1 包 检出 四氢大麻酚 成分 净重 0.2680 克,4
NA,经 审理 查明 2015 年 12 月 1 4日 22 时许 被告人   <e1>   翁某某   </e1>   在 海口市 琼山区 龙昆南 二横路 某 小区 因 形迹可疑 被 警察 盘查 当场 从 翁某某 身上 缴获 红色 塑料薄膜 包装 的 开心果 14 粒 白色 塑料薄膜 包装 的 粉 8 包 白色 塑料薄膜   <e2>   摇头丸   </e2>   摇头丸 28 粒 白色 塑料薄膜 包装 的 麻黄 叶 1 小包 经 海口市 公安 司法鉴定 中心 鉴定 从 翁某某 身上 缴获 的 用 红色 塑料薄膜 包装 的 浅粉色 药丸 状 固体 14 粒 检出 芬纳西泮 成分 净重 2.8438 克 缴获 的 用 白色 塑料薄膜 包装 的 浅粉色 粉末状 固体 8 包 检出 甲基苯丙胺 氯胺酮 和 咖啡因 成分 净重 14.0765 克 缴获 的 用 白色 塑料薄膜 包装 的 暗 黄色 和 白色 药丸 状 固体 28 粒 检出 甲基苯丙胺 和 氯胺酮 成分 净重 8.6580 克 缴获 用 白色 塑料薄膜 包装 的 叶状 固体 1 包 检出 四氢大麻酚 成分 净重 0.2680 克,4
provide_shelter_for,上海市 普陀区 人民检察院 指控 2013 年 5 月 13 日 晚上 被告人   <e1>   李某某   </e1>   在 其 租赁 的 本市 某某 路某某 弄 某某 号 2402 室 的 阁楼 上 容留 吸毒 人员   <e2>   于某某   </e2>   吴某某 王某某 邹某某 与 自己 一起 吸食 冰毒 次日 被 公安人员 先后 抓获 经检测 被告人 李某某 吸毒 人员 于 宋某某 吴某某 王某某 邹某某 的 尿检 中 甲基苯丙胺 成分 均 呈 阳性,3
provide_shelter_for,上海市 普陀区 人民检察院 指控 2013 年 5 月 13 日 晚上 被告人   <e1>   李某某   </e1>   在 其 租赁 的 本市 某某 路某某 弄 某某 号 2402 室 的 阁楼 上 容留 吸毒 人员 于某某   <e2>   吴某某   </e2>   王某某 邹某某 与 自己 一起 吸食 冰毒 次日 被 公安人员 先后 抓获 经检测 被告人 李某某 吸毒 人员 于 宋某某 吴某某 王某某 邹某某 的 尿检 中 甲基苯丙胺 成分 均 呈 阳性,3
provide_shelter_for,上海市 普陀区 人民检察院 指控 2013 年 5 月 13 日 晚上 被告人   <e1>   李某某   </e1>   在 其 租赁 的 本市 某某 路某某 弄 某某 号 2402 室 的 阁楼 上 容留 吸毒 人员 于某某 吴某某   <e2>   王某某   </e2>   邹某某 与 自己 一起 吸食 冰毒 次日 被 公安人员 先后 抓获 经检测 被告人 李某某 吸毒 人员 于 宋某某 吴某某 王某某 邹某某 的 尿检 中 甲基苯丙胺 成分 均 呈 阳性,3
provide_shelter_for,上海市 普陀区 人民检察院 指控 2013 年 5 月 13 日 晚上 被告人   <e1>   李某某   </e1>   在 其 租赁 的 本市 某某 路某某 弄 某某 号 2402 室 的 阁楼 上 容留 吸毒 人员 于某某 吴某某 王某某   <e2>   邹某某   </e2>   与 自己 一起 吸食 冰毒 次日 被 公安人员 先后 抓获 经检测 被告人 李某某 吸毒 人员 于 宋某某 吴某某 王某某 邹某某 的 尿检 中 甲基苯丙胺 成分 均 呈 阳性,3
NA,上海市 普陀区 人民检察院 指控 2013 年 5 月 13 日 晚上 被告人 李某某 在 其 租赁 的 本市 某某 路某某 弄 某某 号 2402 室 的 阁楼 上 容留 吸毒 人员 于某某 吴某某 王某某 邹某某 与 自己 一起 吸食 冰毒 次日 被 公安人员 先后 抓获 经检测 被告人 李某某 吸毒 人员 于 宋某某 吴某某 王某某   <e1>   邹某某   </e1>   的 尿检 中   <e2>   甲基苯丙胺   </e2>   成分 均 呈 阳性,4
NA,上海市 普陀区 人民检察院 指控 2013 年 5 月 13 日 晚上 被告人 李某某 在 其 租赁 的 本市 某某 路某某 弄 某某 号 2402 室 的 阁楼 上 容留 吸毒 人员 于某某 吴某某   <e1>   王某某   </e1>   邹某某 与 自己 一起 吸食 冰毒   <e2>   次日   </e2>   被 公安人员 先后 抓获 经检测 被告人 李某某 吸毒 人员 于 宋某某 吴某某 王某某 邹某某 的 尿检 中 甲基苯丙胺 成分 均 呈 阳性,4
provide_shelter_for,湖南省 隆回县 人民检察院 指控 2015 年 3 月 18 月 被告人 谢某某 在 隆回县桃洪镇长城宾馆116号房间开房住宿 当晚   <e1>   谢某某   </e1>   容留   <e2>   石某某   </e2>   罗某某 陈某某 等 人 在 116 房间内 吸食 冰毒,3
provide_shelter_for,湖南省 隆回县 人民检察院 指控 2015 年 3 月 18 月 被告人 谢某某 在 隆回县桃洪镇长城宾馆116号房间开房住宿 当晚   <e1>   谢某某   </e1>   容留 石某某   <e2>   罗某某   </e2>   陈某某 等 人 在 116 房间内 吸食 冰毒,3
provide_shelter_for,湖南省 隆回县 人民检察院 指控 2015 年 3 月 18 月 被告人 谢某某 在 隆回县桃洪镇长城宾馆116号房间开房住宿 当晚   <e1>   谢某某   </e1>   容留 石某某 罗某某   <e2>   陈某某   </e2>   等 人 在 116 房间内 吸食 冰毒,3
NA,湖南省 隆回县 人民检察院 指控 2015 年 3 月 18 月 被告人 谢某某 在   <e1>   隆回县桃洪镇长城宾馆116号房间开房住宿   </e1>     <e2>   当晚   </e2>   谢某某 容留 石某某 罗某某 陈某某 等 人 在 116 房间内 吸食 冰毒,4
NA,湖南省 隆回县 人民检察院 指控 2015 年 3 月 18 月 被告人 谢某某 在   <e1>   隆回县桃洪镇长城宾馆116号房间开房住宿   </e1>   当晚 谢   <e2>   石某某   </e2>   留 石某某 罗某某 陈某某 等 人 在 116 房间内 吸食 冰毒,4
posess,公诉 机关 指控 2013年8月20日3时 许 公安机关 根据 线索 在 本市 江汉区 亚心 医院 附近 将 被告人 刘某 抓获 当场 查获 被告人   <e1>   刘某   </e1>   随身携带 毒品   <e2>   氯胺酮   </e2>   476.86克 后 被告人 刘某 主动 供述 其 位于 本市 江汉区 前进 四路 某 小区 1802 室 的 租 住处 还有 毒品 公安人员 随即 至 上述 地点 查获 被告人 刘某 非法 持有 的 毒品 氯胺酮 98.0 6克 上述 毒品 均 已 收缴,2
NA,公诉 机关 指控 2013年8月20日3时 许 公安机关 根据 线索 在 本市 江汉区 亚心 医院 附近 将 被告人 刘某 抓获 当场 查获 被告人 刘某 随身携带 毒品 氯胺酮   <e1>   476.86克   </e1>   后 被告人 刘某 主动 供述 其 位于 本市 江汉区 前进 四路 某 小区 1802 室 的 租 住处 还有 毒品 公安人员 随即 至 上述 地点 查   <e2>   刘某   </e2>   告人 刘某 非法 持有 的 毒品 氯胺酮 98.0 6克 上述 毒品 均 已 收缴,4
NA,公诉 机关 指控   <e1>   2013年8月20日3时   </e1>   许 公安机关 根据 线索 在 本市 江汉区 亚心 医院 附近 将 被告人 刘某 抓获 当场 查获 被告人 刘某 随身携带 毒品 氯胺酮   <e2>   476.86克   </e2>   后 被告人 刘某 主动 供述 其 位于 本市 江汉区 前进 四路 某 小区 1802 室 的 租 住处 还有 毒品 公安人员 随即 至 上述 地点 查获 被告人 刘某 非法 持有 的 毒品 氯胺酮 98.0 6克 上述 毒品 均 已 收缴,4
posess,公诉 机关 指控 2013年11月 25 日 20 时许 重庆市公安局 巴南区 分局 民警 在 重庆市 巴南区 鱼洞 街道 办事处 工农 坡 半山 小区 附近 将 被告人 后   <e1>   徐某某   </e1>   捉 获 并 当场 从 其 身上 查获 疑似   <e2>   冰毒   </e2>   白色 碎 晶体 13.54克 经 重庆市公安局 毒品 检测 中心 检验所 查获 的 疑似 冰毒 白色 碎 晶体 中 检出 甲基苯丙胺 成分,2
NA,公诉 机关 指控 2013年11月 25 日 20 时许 重庆市公安局 巴南区 分局 民警 在 重庆市 巴南区 鱼洞 街道 办事处 工农 坡 半山 小区 附近 将 被告人 后 徐某某 捉 获 并 当场 从 其 身上 查获 疑似 冰毒 白色 碎 晶体 13.54克 经 重庆市公安局 毒品 检测 中心 检验所 查获 的 疑似   <e1>   冰毒   </e1>   白色 碎 晶体 中 检出   <e2>   甲基苯丙胺   </e2>   成分,4
NA,公诉 机关 指控 2013年11月 25 日 20 时许 重庆市公安局 巴南区 分局 民警 在 重庆市 巴南区 鱼洞 街道 办事处 工农 坡 半山 小区 附近 将 被告人 后   <e1>   徐某某   </e1>   捉 获 并 当场 从 其 身上 查获 疑似 冰毒 白   <e2>   13.54克   </e2>   . 54 克经 重庆市公安局 毒品 检测 中心 检验所 查获 的 疑似 冰毒 白色 碎 晶体 中 检出 甲基苯丙胺 成分,4
provide_shelter_for,湛江市 霞山区 人民检察院 指控 2014 年 春节 后 一天 被告人   <e1>   王某某   </e1>   在 其 租住 的 湛江市霞山区绿塘路某号某房 提供 毒品 及 吸毒 工具 容留 表弟   <e2>   欧某某   </e2>   吸食毒品,3
NA,湛江市 霞山区 人民检察院 指控 2014 年 春节 后 一天 被告人 王某某 在 其 租住 的   <e1>   湛江市霞山区绿塘路某号某房   </e1>   提供 毒品 及 吸毒 工具   <e2>   欧某某   </e2>   弟 欧某某 吸食毒品,4
NA,湛江市 霞山区 人民检察院 指控 2014 年 春节 后 一天 被告人   <e1>   王某某   </e1>   在 其 租住 的 湛江市霞山区绿塘路某号某房 提供 毒品 及 吸毒 工具   <e2>   欧某某   </e2>   弟 欧某某 吸食毒品,4
sell_drugs_to,公诉 机关 指控 12009 年 7 月初 一天 晚上 被告人   <e1>   程献梅   </e1>   伙同 张海领 在 项 城市 建材 宾馆 以 21000 元 价格 卖 给   <e2>   李某   </e2>   毒品 30 克 事后 程献梅 给 张海领 1000 元 好处费 同月 23 日 李某 让 韩某某 与其 一起 到 项 城市 购买 毒品 当日晚 在 项 城市 建材 宾馆 308 房间 与 程献梅 张海领 交易 毒品 时 被 公安机关 当场 抓获 并 缴获 用 黑色 塑料袋 包装 的 土黄色 毒品 疑似 物两 小包 及 毒资 2.1 万元 经 周口市 公安局 物证 鉴定 所 理化 检验 鉴定 其中 一小包 含有 海洛因 成份 62.1 重 14 . 1克 另 一小包 不含 海洛因 成份 公诉 机关 认为 被告人 程献梅 张海领 的 行为 已 构成 贩卖毒品 罪 被告人 李某 韩某某 的 行为 已 构成 非法 持有 毒品 罪 被告人 程献梅 张海领 在 贩卖毒品 犯罪 中系 共同犯罪 被告人 程献梅 系 主犯 张海领 系 从犯 被告人 李某 韩某某 在 非法 持有 毒品 犯罪 中系 共同犯罪 李某 系 主犯 韩某某 系 从犯 要求 依法 惩处 并 提供 了 相关 证据 予以 证明,1
sell_drugs_to,公诉 机关 指控 12009 年 7 月初 一天 晚上 被告人 程献梅 伙同   <e1>   张海领   </e1>   在 项 城市 建材 宾馆 以 21000 元 价格 卖 给   <e2>   李某   </e2>   毒品 30 克 事后 程献梅 给 张海领 1000 元 好处费 同月 23 日 李某 让 韩某某 与其 一起 到 项 城市 购买 毒品 当日晚 在 项 城市 建材 宾馆 308 房间 与 程献梅 张海领 交易 毒品 时 被 公安机关 当场 抓获 并 缴获 用 黑色 塑料袋 包装 的 土黄色 毒品 疑似 物两 小包 及 毒资 2.1 万元 经 周口市 公安局 物证 鉴定 所 理化 检验 鉴定 其中 一小包 含有 海洛因 成份 62.1 重 14 . 1克 另 一小包 不含 海洛因 成份 公诉 机关 认为 被告人 程献梅 张海领 的 行为 已 构成 贩卖毒品 罪 被告人 李某 韩某某 的 行为 已 构成 非法 持有 毒品 罪 被告人 程献梅 张海领 在 贩卖毒品 犯罪 中系 共同犯罪 被告人 程献梅 系 主犯 张海领 系 从犯 被告人 李某 韩某某 在 非法 持有 毒品 犯罪 中系 共同犯罪 李某 系 主犯 韩某某 系 从犯 要求 依法 惩处 并 提供 了 相关 证据 予以 证明,1
NA,公诉 机关 指控 12009 年 7 月初 一天 晚上 被告人 程献梅 伙同 张海领 在 项 城市 建材 宾馆 以 21000 元 价格 卖 给 李某 毒品 30 克 事后 程献梅 给 张海领 1000 元 好处费 同月 23 日 李某 让 韩某某 与其 一起 到 项 城市 购买 毒品 当日晚 在 项 城市 建材 宾馆 308 房间 与 程献梅   <e1>   张海领   </e1>   交易 毒品 时 被 公安机关 当场 抓获 并 缴获 用 黑色 塑料袋 包装 的 土黄色 毒品 疑似 物两 小包 及 毒资 2.1 万元 经 周口市 公安局 物证 鉴定 所 理化 检验 鉴定 其中 一小包 含有 海洛因 成份 62.1 重 14 . 1克 另 一   <e2>   海洛因   </e2>   含 海洛因 成份 公诉 机关 认为 被告人 程献梅 张海领 的 行为 已 构成 贩卖毒品 罪 被告人 李某 韩某某 的 行为 已 构成 非法 持有 毒品 罪 被告人 程献梅 张海领 在 贩卖毒品 犯罪 中系 共同犯罪 被告人 程献梅 系 主犯 张海领 系 从犯 被告人 李某 韩某某 在 非法 持有 毒品 犯罪 中系 共同犯罪 李某 系 主犯 韩某某 系 从犯 要求 依法 惩处 并 提供 了 相关 证据 予以 证明,4
NA,公诉 机关 指控 12009 年 7 月初 一天 晚上 被告人 程献梅 伙同 张海领 在 项 城市 建材 宾馆 以 21000 元 价格 卖 给 李某 毒品 30 克 事后 程献梅 给 张海领 1000 元 好处费 同月 23 日 李某 让 韩某某 与其 一起 到 项 城市 购买 毒品   <e1>   当日晚   </e1>   在 项 城市 建材 宾馆 308 房间 与 程献梅 张海领 交易 毒品 时 被 公安机关 当场 抓获 并 缴获 用 黑色 塑料袋 包装 的 土黄色 毒品 疑似 物两 小包 及 毒资 2.1 万元 经 周口市 公安局 物证 鉴定 所 理化 检验 鉴定 其中 一小包 含有 海洛因 成份 62.1 重 14 . 1克 另 一小包 不含 海洛因 成份 公诉 机关 认为   <e2>   程献梅   </e2>   人 程献梅 张海领 的 行为 已 构成 贩卖毒品 罪 被告人 李某 韩某某 的 行为 已 构成 非法 持有 毒品 罪 被告人 程献梅 张海领 在 贩卖毒品 犯罪 中系 共同犯罪 被告人 程献梅 系 主犯 张海领 系 从犯 被告人 李某 韩某某 在 非法 持有 毒品 犯罪 中系 共同犯罪 李某 系 主犯 韩某某 系 从犯 要求 依法 惩处 并 提供 了 相关 证据 予以 证明,4
posess,经 审理 查明 2012 年 4 月 15 日 19时 许 被告人   <e1>   梁某某   </e1>   携带 一瓶 神仙水 净重 10.0 2克 在 南宁市良庆区金象大道 时光隧道 网吧 门口 被 公安民警 当场 查获 经 南宁市公安局 检验 从 被 缴获 的 神仙水 中 检出   <e2>   甲基苯丙胺   </e2>   和 氯胺酮,2
posess,经 审理 查明 2012 年 4 月 15 日 19时 许 被告人   <e1>   梁某某   </e1>   携带 一瓶 神仙水 净重 10.0 2克 在 南宁市良庆区金象大道 时光隧道 网吧 门口 被 公安民警 当场 查获 经 南宁市公安局 检验 从 被 缴获 的 神仙水 中 检出 甲基苯丙胺 和   <e2>   氯胺酮   </e2>  ,2
NA,经 审理 查明 2012 年 4 月 15 日 19时 许 被告人 梁某某 携带 一瓶 神仙水 净重 10.0 2克 在   <e1>   南宁市良庆区金象大道   </e1>   时光隧道 网吧 门口 被 公安民警 当场 查获 经 南宁市公安局 检验 从 被 缴获 的 神仙水 中 检出 甲基苯丙胺 和   <e2>   氯胺酮   </e2>  ,4
NA,经 审理 查明 2012 年 4 月 15 日 19时 许 被告人   <e1>   梁某某   </e1>   携带 一瓶 神仙水 净重 10.0 2克 在 南宁市良庆区金象大道 时光隧道 网吧 门口 被 公安民警 当场 查获 经 南宁市公安局 检验 从 被 缴获 的 神仙   <e2>   甲基苯丙胺   </e2>   基 苯丙胺 和 氯胺酮,4
sell_drugs_to,渭城区 人民检察院 指控 1 2011年4月30日12时 许 被告人   <e1>   张某某   </e1>   在 咸阳市渭城区县门巷六号楼郭某某家 中向   <e2>   刘某某   </e2>   贩卖 海洛因 0.2克 获赃款 180 元,1
traffic_in,渭城区 人民检察院 指控 1 2011年4月30日12时 许 被告人   <e1>   张某某   </e1>   在 咸阳市渭城区县门巷六号楼郭某某家 中向 刘某某 贩卖   <e2>   海洛因   </e2>   0.2克 获赃款 180 元,0
NA,渭城区 人民检察院 指控 1   <e1>   2011年4月30日12时   </e1>   许 被告人 张某某 在 咸阳市渭城区县门巷六号楼郭某某家 中向 刘某某 贩卖   <e2>   海洛因   </e2>   0.2克 获赃款 180 元,4
NA,渭城区 人民检察院 指控 1 2011年4月30日12时 许 被告人 张某某 在   <e1>   咸阳市渭城区县门巷六号楼郭某某家   </e1>   <e2>   刘某某   </e2>   向 刘某某 贩卖 海洛因 0.2克 获赃款 180 元,4
posess,公诉 机关 指控 被告人 涂某 系 吸毒 人员 2014年2月26日凌晨 被告人   <e1>   涂某   </e1>   在 长沙市 芙蓉区 五一路 大成 华天 酒店 后面 的 巷子 里 以 人民币 1600 元 的 价格 从 他人 手中 购得   <e2>   冰毒   </e2>   约 20克 麻古 5 粒 当日 凌晨 4 时许 被告人 涂某 持 购得 的 毒品 至 长沙市 岳麓区 枫林 宾馆 附近 时 被 公安民警 抓获 并 从 其 身上 查获 冰毒 片剂 5 粒 冰毒 2 包该 毒品 经 鉴定 分别 净重 0.47 克 19.87 克 并 均 检出 甲基苯丙胺 成分,2
posess,公诉 机关 指控 被告人 涂某 系 吸毒 人员 2014年2月26日凌晨 被告人   <e1>   涂某   </e1>   在 长沙市 芙蓉区 五一路 大成 华天 酒店 后面 的 巷子 里 以 人民币 1600 元 的 价格 从 他人 手中 购得 冰毒 约 20克   <e2>   麻古   </e2>   5 粒 当日 凌晨 4 时许 被告人 涂某 持 购得 的 毒品 至 长沙市 岳麓区 枫林 宾馆 附近 时 被 公安民警 抓获 并 从 其 身上 查获 冰毒 片剂 5 粒 冰毒 2 包该 毒品 经 鉴定 分别 净重 0.47 克 19.87 克 并 均 检出 甲基苯丙胺 成分,2
NA,公诉 机关 指控 被告人 涂某 系 吸毒 人员 2014年2月26日凌晨 被告人 涂某 在 长沙市 芙蓉区 五一路 大成 华天 酒店 后面 的 巷子 里 以 人民币 1600 元 的 价格 从 他人 手中 购得 冰毒 约   <e1>   20克   </e1>   麻古 5 粒 当日 凌晨 4 时许 被告人 涂某 持 购得 的 毒品 至 长沙市 岳麓区 枫林 宾馆 附近 时 被 公安民警 抓获 并 从 其 身上 查获 冰毒 片剂 5 粒 冰毒 2 包该 毒品 经 鉴定 分别 净重 0.47 克 19.87 克   <e2>   甲基苯丙胺   </e2>   基 苯丙胺 成分,4
NA,公诉 机关 指控 被告人 涂某 系 吸毒 人员   <e1>   2014年2月26日凌晨   </e1>   被告人 涂某 在 长沙市 芙蓉区 五一路 大成 华天 酒店 后面 的 巷子 里 以 人民币 1600 元 的 价格 从 他人 手中 购得 冰毒 约 20克 麻古 5 粒 当日 凌晨 4 时许 被告人 涂某 持 购得 的 毒品 至 长沙市 岳麓区 枫林 宾馆 附近 时 被 公安民警 抓获 并 从 其 身上 查获 冰毒 片剂 5 粒 冰毒 2 包该 毒品 经 鉴定 分别 净重 0.47 克 19.87 克 并 均 检出   <e2>   甲基苯丙胺   </e2>   成分,4
posess,南宁市 武鸣 区 人民检察院 指控 2016 年 7 月 30 日 23 时许 被告人 徐林峰 携带 三包 毒品 搭乘 桂 Ａ 号 出租车 在 武鸣县城厢镇五海村兰海 高速 出口处 被 公安机关 查获 经 称量 和 鉴定 从   <e1>   徐林峰   </e1>   所 持有 的 二包 毒品 中 检出   <e2>   海洛因   </e2>   净重 2 0.03克 从 徐林峰 所 持有 的 一包 毒品 中 检出 甲基苯丙胺 净重 79.53 克 公诉 机关 提供 了 相应 的 证据 认为 被告人 徐林峰 的 行为 已触犯 法律 规定 应当 以 非法 持有 毒品 罪 追究其 刑事责任 被告人 徐林峰 对 公诉 机关 的 指控 没有 异议 请求 从轻 处罚,2
NA,南宁市 武鸣 区 人民检察院 指控 2016 年 7 月 30 日 23 时许 被告人 徐林峰 携带 三包 毒品 搭乘 桂 Ａ 号 出租车 在   <e1>   武鸣县城厢镇五海村兰海   </e1>   高速 出口处 被 公安机关 查获 经 称量 和 鉴定 从 徐林峰 所 持有 的 二包 毒品 中 检出 海洛因 净重 2 0.03克 从   <e2>   徐林峰   </e2>   所 持有 的 一包 毒品 中 检出 甲基苯丙胺 净重 79.53 克 公诉 机关 提供 了 相应 的 证据 认为 被告人 徐林峰 的 行为 已触犯 法律 规定 应当 以 非法 持有 毒品 罪 追究其 刑事责任 被告人 徐林峰 对 公诉 机关 的 指控 没有 异议 请求 从轻 处罚,4
NA,南宁市 武鸣 区 人民检察院 指控 2016 年 7 月 30 日 23 时许 被告人   <e1>   徐林峰   </e1>   携带 三包 毒品 搭乘 桂 Ａ 号 出租车 在 武鸣县城厢镇五海村兰海 高速 出口处 被 公安机关 查获 经 称量 和 鉴定 从 徐林峰 所 持有 的 二包 毒品 中 检出 海洛因 净重 2 0.03克 从 徐林峰 所 持有 的 一包 毒品 中 检出 甲基苯丙胺 净重 79.53 克 公诉 机关 提供 了 相应 的 证据 认为 被告人   <e2>   徐林峰   </e2>   的 行为 已触犯 法律 规定 应当 以 非法 持有 毒品 罪 追究其 刑事责任 被告人 徐林峰 对 公诉 机关 的 指控 没有 异议 请求 从轻 处罚,4
posess,四川省 泸州市 人民检察院 指控 2015年9月 被告人 肖庆 从 广东 购买 毒品 用于 贩卖 2015 年 11月 20 日 11 时 30 分许   <e1>   肖庆   </e1>   在 龙马潭区枫林街 寻找 买家 的 过程 中 被 民警 挡 获 当场 在 肖庆 背 的 黑色 背包 内 查获   <e2>   冰毒   </e2>   疑似 物 净重 为 494.0 6克 经 检验 查获 的 冰毒 疑似 物中 检出 甲基苯丙胺 成分 含量 为 73.4,2
NA,四川省 泸州市 人民检察院 指控   <e1>   2015年9月   </e1>   被告   <e2>   广东   </e2>   庆 从 广东 购买 毒品 用于 贩卖 2015 年 11月 20 日 11 时 30 分许 肖庆 在 龙马潭区枫林街 寻找 买家 的 过程 中 被 民警 挡 获 当场 在 肖庆 背 的 黑色 背包 内 查获 冰毒 疑似 物 净重 为 494.0 6克 经 检验 查获 的 冰毒 疑似 物中 检出 甲基苯丙胺 成分 含量 为 73.4,4
NA,四川省 泸州市 人民检察院 指控 2015年9月 被告人 肖庆 从 广东 购买 毒品 用于 贩卖 2015 年 11月 20 日 11 时 30 分许 肖庆 在   <e1>   龙马潭区枫林街   </e1>   寻找 买家 的 过程 中 被 民警 挡 获 当场 在 肖庆 背 的 黑色 背包 内 查获 冰毒 疑似 物 净重 为 494.0 6克 经 检验   <e2>   冰毒   </e2>   获 的 冰毒 疑似 物中 检出 甲基苯丙胺 成分 含量 为 73.4,4
posess,公诉 机关 指控 2015 年 3 月 7日 18 时许 公安人员 在 本市 西湖区 抚河 路 天龙 商务 宾馆 5b3 房间 门口 将 被告人 周某 抓获 当场 在 被告人   <e1>   周某   </e1>   身上 缴获   <e2>   甲基苯丙胺片剂   </e2>   4 袋 净重 2.3 克 甲基苯丙胺 3 袋 净重 10.7 克经 南昌市 公安 司法鉴定 中心 毒品 检验 鉴定 报告 认定 1 在 送检 编号 为 1234 的 可疑 红色 圆形 片剂 状物 中均 检出 甲基苯丙胺 成份 2 在 送检 编号 为 567 的 可疑 白色 结晶 状物 中均 检出 甲基苯丙胺 成份,2
NA,公诉 机关 指控 2015 年 3 月 7日 18 时许 公安人员 在 本市 西湖区 抚河 路 天龙 商务 宾馆 5b3 房间 门口 将 被告人   <e1>   周某   </e1>   抓获 当场 在 被告人 周某 身上 缴获 甲基苯丙胺片剂 4 袋 净重 2.3 克 甲基苯丙胺 3 袋 净重 10.7 克经 南昌市 公安 司法鉴定 中心 毒品 检验 鉴定 报告 认定 1 在 送检 编号 为 1234 的 可疑 红色 圆形 片剂 状物   <e2>   甲基苯丙胺   </e2>   基 苯丙胺 成份 2 在 送检 编号 为 567 的 可疑 白色 结晶 状物 中均 检出 甲基苯丙胺 成份,4
NA,公诉 机关 指控 2015 年 3 月 7日 18 时许 公安人员 在 本市 西湖区 抚河 路 天龙 商务 宾馆 5b3 房间 门口 将 被告人 周某 抓获 当场 在 被告人 周某 身上 缴获 甲基苯丙胺片剂 4 袋 净重 2.3 克 甲基苯丙胺 3 袋 净重 10.7 克经 南昌市 公安 司法鉴定 中心 毒品 检验 鉴定 报告 认定 1 在 送检 编号 为 1234 的 可疑 红色 圆形 片剂 状物 中均 检出   <e1>   甲基苯丙胺   </e1>   成份 2 在 送检 编号 为 567 的 可疑 白色 结晶 状物   <e2>   甲基苯丙胺   </e2>   基 苯丙胺 成份,4
sell_drugs_to,公诉 机关 指控 2014年3月 11 日 13 时许 被告人   <e1>   何某某   </e1>   在 甘州区 某 小区 给 吸毒 人员   <e2>   张某某   </e2>   贩卖毒品 时 被 甘州区 公安局 民警 抓获 当场 从 张某某 身上 缴获 毒品 海洛因 0.1克 从 被告人 身上 的 烟盒 内 查获 毒品 海洛因 1克,1
traffic_in,公诉 机关 指控 2014年3月 11 日 13 时许 被告人   <e1>   何某某   </e1>   在 甘州区 某 小区 给 吸毒 人员 张某某 贩卖毒品 时 被 甘州区 公安局 民警 抓获 当场 从 张某某 身上 缴获 毒品   <e2>   海洛因   </e2>   0.1克 从 被告人 身上 的 烟盒 内 查获 毒品 海洛因 1克,0
NA,公诉 机关 指控 2014年3月 11 日 13 时许 被告人 何某某 在 甘州区 某 小区 给 吸毒 人员 张某某 贩卖毒品 时 被 甘州区 公安局 民警 抓获 当场 从   <e1>   张某某   </e1>   身上 缴获 毒品 海洛因 0.1克 从 被告人 身上 的 烟盒 内 查获 毒品 海洛因   <e2>   1克   </e2>  ,4
NA,公诉 机关 指控 2014年3月 11 日 13 时许 被告人 何某某 在 甘州区 某 小区 给 吸毒 人员 张某某 贩卖毒品 时 被 甘州区 公安局 民警 抓获 当场 从 张某某 身上 缴获 毒品   <e1>   海洛因   </e1>   0.1克 从 被告人 身上 的 烟盒 内   <e2>   海洛因   </e2>   品 海洛因 1克,4
sell_drugs_to,深圳市 龙岗区 人民检察院 指控 2014 年 5 月 26 日 下午 群众   <e1>   王某某   </e1>     <e2>   冉XX   </e2>   人 冉XX 联系 购买 毒品 双方 约定 交易 10克 冰毒 每克 150 元 人民币 另加 付 100 元 人民币 的 路费 并 约定 在 深圳市 龙岗区 XX 地铁站 附近 交易 2014 年 5 月 26 日 17 时 30 分 左右 被告人 冉XX 来到 深圳市 龙岗区 XX 地铁站 XX 电器 门口 公交 站台 旁 与 王某某 进行 了 毒品 交易 交易 完成 后 被告人 冉XX 被 民警 当场 抓获 在 其 身上 缴获 毒资 人民币 1600 元 手机 一部 在 王某某 身上 缴获 疑似 毒品 一包 经 鉴定 重 15.1 6克 未 检出 常见 毒品,1
traffic_in,深圳市 龙岗区 人民检察院 指控 2014 年 5 月 26 日 下午 群众 王某某 与 被告人   <e1>   冉XX   </e1>   联系 购买 毒品 双方 约定 交易 10克   <e2>   冰毒   </e2>   每克 150 元 人民币 另加 付 100 元 人民币 的 路费 并 约定 在 深圳市 龙岗区 XX 地铁站 附近 交易 2014 年 5 月 26 日 17 时 30 分 左右 被告人 冉XX 来到 深圳市 龙岗区 XX 地铁站 XX 电器 门口 公交 站台 旁 与 王某某 进行 了 毒品 交易 交易 完成 后 被告人 冉XX 被 民警 当场 抓获 在 其 身上 缴获 毒资 人民币 1600 元 手机 一部 在 王某某 身上 缴获 疑似 毒品 一包 经 鉴定 重 15.1 6克 未 检出 常见 毒品,0
sell_drugs_to,深圳市 龙岗区 人民检察院 指控 2014 年 5 月 26 日 下午 群众 王某某 与 被告人 冉XX 联系 购买 毒品 双方 约定 交易 10克 冰毒 每克 150 元 人民币 另加 付 100 元 人民币 的 路费 并 约定 在 深圳市 龙岗区 XX 地铁站 附近 交易 2014 年 5 月 26 日 17 时 30 分 左右 被告人   <e1>   冉XX   </e1>   来到 深圳市 龙岗区 XX 地铁站 XX 电器 门口 公交 站台 旁 与   <e2>   王某某   </e2>   进行 了 毒品 交易 交易 完成 后 被告人 冉XX 被 民警 当场 抓获 在 其 身上 缴获 毒资 人民币 1600 元 手机 一部 在 王某某 身上 缴获 疑似 毒品 一包 经 鉴定 重 15.1 6克 未 检出 常见 毒品,1
NA,深圳市 龙岗区 人民检察院 指控 2014 年 5 月 26 日 下午 群众 王某某 与 被告人 冉XX 联系 购买 毒品 双方 约定 交易 10克   <e1>   冰毒   </e1>   每克 150 元 人民币 另加 付 100 元 人民币 的 路费 并 约定 在 深圳市 龙岗区 XX 地铁站 附近 交易 2014 年 5 月 26 日 17 时 30 分 左右 被告人 冉XX 来到 深圳市 龙岗区 XX 地铁站 XX 电器 门口 公交 站台 旁 与   <e2>   王某某   </e2>   进行 了 毒品 交易 交易 完成 后 被告人 冉XX 被 民警 当场 抓获 在 其 身上 缴获 毒资 人民币 1600 元 手机 一部 在 王某某 身上 缴获 疑似 毒品 一包 经 鉴定 重 15.1 6克 未 检出 常见 毒品,4
NA,深圳市 龙岗区 人民检察院 指控 2014 年 5 月 26 日 下午 群众   <e1>   王某某   </e1>   与 被告人 冉XX 联系 购买 毒品 双方 约定 交易 10克 冰毒 每克 150 元 人民币 另加 付 100 元 人民币 的 路费 并 约定 在 深圳市 龙岗区 XX 地铁站 附近 交易 2014 年 5 月 26 日 17 时 30 分 左右 被告人 冉XX 来到 深圳市 龙岗区 XX 地铁站 XX 电器 门口 公交 站台 旁 与   <e2>   王某某   </e2>   进行 了 毒品 交易 交易 完成 后 被告人 冉XX 被 民警 当场 抓获 在 其 身上 缴获 毒资 人民币 1600 元 手机 一部 在 王某某 身上 缴获 疑似 毒品 一包 经 鉴定 重 15.1 6克 未 检出 常见 毒品,4
provide_shelter_for,阜阳市 颍泉区 人民检察院 指控 1 2014年9月8日22时许 在 阜阳市颍州区文峰办事处东岳巷 张某 租房 内 被告人   <e1>   张某   </e1>   容留   <e2>   默默   </e2>   女 谭某 二人 一起 吸食毒品,3
provide_shelter_for,阜阳市 颍泉区 人民检察院 指控 1 2014年9月8日22时许 在 阜阳市颍州区文峰办事处东岳巷 张某 租房 内 被告人   <e1>   张某   </e1>   容留 默默 女   <e2>   谭某   </e2>   二人 一起 吸食毒品,3
NA,阜阳市 颍泉区 人民检察院 指控 1 2014年9月8日22时许 在   <e1>   阜阳市颍州区文峰办事处东岳巷   </e1>   张某 租房 内   <e2>   张某   </e2>   告人 张某 容留 默默 女 谭某 二人 一起 吸食毒品,4
NA,阜阳市 颍泉区 人民检察院 指控 1   <e1>   2014年9月8日22时许   </e1>   在 阜阳市颍州区文峰办事处东岳巷 张某 租房 内 被告人 张某 容留 默默 女   <e2>   谭某   </e2>   二人 一起 吸食毒品,4
sell_drugs_to,公诉 机关 指控 2014 年 4 月 16 日 19时 许 被告人   <e1>   兰某某   </e1>   在 本市 云岩区 汪家 湾 路口处 贩卖毒品 给   <e2>   桂某   </e2>   时 被 公安机关 抓获 当场 收缴 毒品 0.5克 经 贵阳市 公安局 毒品 检验 中心 鉴定 所 收缴 的 毒品 为 海洛因,1
traffic_in,公诉 机关 指控 2014 年 4 月 16 日 19时 许 被告人   <e1>   兰某某   </e1>   在 本市 云岩区 汪家 湾 路口处 贩卖毒品 给 桂某 时 被 公安机关 抓获 当场 收缴 毒品 0.5克 经 贵阳市 公安局 毒品 检验 中心 鉴定 所 收缴 的 毒品 为   <e2>   海洛因   </e2>  ,0
NA,公诉 机关 指控 2014 年 4 月 16 日 19时 许 被告人 兰某某 在 本市 云岩区 汪家 湾 路口处 贩卖毒品 给   <e1>   桂某   </e1>   时 被 公安机关 抓获 当场 收缴 毒品 0.5克 经 贵阳市 公安局 毒品 检验 中心 鉴定 所 收缴 的 毒品 为   <e2>   海洛因   </e2>  ,4
NA,公诉 机关 指控 2014 年 4 月 16 日 19时 许 被告人   <e1>   兰某某   </e1>   在 本市 云岩区 汪家 湾 路口处 贩卖毒品 给 桂某 时 被 公安机关 抓获 当场 收缴 毒品 0.5克 经 贵阳市 公安局 毒品 检验 中心 鉴定 所 收缴 的 毒品 为   <e2>   海洛因   </e2>  ,4
sell_drugs_to,费县 人民检察院 指控 2013 年 5 月 以来 被告人 吉地某某 与 其妻 石一 你 尾 另案处理 租住 临沂市兰山区朱保镇后耿家埠村 村民 孙某 的 房屋 两间 期间 被告人   <e1>   吉地某某   </e1>   在 出租屋 内 多次 向   <e2>   怕所平   </e2>   桑某 等 云南 四川籍 人员 贩卖 海洛因 10 余克 2013年10月 2 日 费县 公安局 侦查人员 在 吉地某某 两处 出租屋 内 搜查 出其 藏匿 的 海洛因 35.33 元,1
sell_drugs_to,费县 人民检察院 指控 2013 年 5 月 以来 被告人 吉地某某 与 其妻 石一 你 尾 另案处理 租住 临沂市兰山区朱保镇后耿家埠村 村民 孙某 的 房屋 两间 期间 被告人   <e1>   吉地某某   </e1>   在 出租屋 内 多次 向 怕所平   <e2>   桑某   </e2>   等 云南 四川籍 人员 贩卖 海洛因 10 余克 2013年10月 2 日 费县 公安局 侦查人员 在 吉地某某 两处 出租屋 内 搜查 出其 藏匿 的 海洛因 35.33 元,1
traffic_in,费县 人民检察院 指控 2013 年 5 月 以来 被告人 吉地某某 与 其妻 石一 你 尾 另案处理 租住 临沂市兰山区朱保镇后耿家埠村 村民 孙某 的 房屋 两间 期间 被告人   <e1>   吉地某某   </e1>   在 出租屋 内 多次 向 怕所平 桑某 等 云南 四川籍 人员 贩卖   <e2>   海洛因   </e2>   10 余克 2013年10月 2 日 费县 公安局 侦查人员 在 吉地某某 两处 出租屋 内 搜查 出其 藏匿 的 海洛因 35.33 元,0
NA,费县 人民检察院 指控 2013 年 5 月 以来 被告人 吉地某某 与 其妻 石一 你 尾 另案处理 租住   <e1>   临沂市兰山区朱保镇后耿家埠村   </e1>   村民 孙某 的 房屋 两间 期间 被告人 吉地某某 在 出租屋 内 多次 向   <e2>   桑某   </e2>   平 桑某 等 云南 四川籍 人员 贩卖 海洛因 10 余克 2013年10月 2 日 费县 公安局 侦查人员 在 吉地某某 两处 出租屋 内 搜查 出其 藏匿 的 海洛因 35.33 元,4
NA,费县 人民检察院 指控 2013 年 5 月 以来 被告人 吉地某某 与 其妻 石一 你 尾 另案处理 租住 临沂市兰山区朱保镇后耿家埠村 村民 孙某 的 房屋 两间 期间 被告人   <e1>   吉地某某   </e1>   在 出租屋 内 多次 向 怕所平 桑某 等 云南 四川籍   <e2>   海洛因   </e2>   卖 海洛因 10 余克 2013年10月 2 日 费县 公安局 侦查人员 在 吉地某某 两处 出租屋 内 搜查 出其 藏匿 的 海洛因 35.33 元,4
sell_drugs_to,河南省 漯河市 召 陵区 人民检察院 指控 2013年4月15日13时 许 被告人   <e1>   丁某某   </e1>   与 吸毒 人员   <e2>   杨某某   </e2>   联系 贩卖毒品 后 到 漯河市召陵区湘江路丁庄胡同 交易 交易 时 被 公安人员 当场 抓获 从 丁某某 身上 查获 8 包 毒品 样 物质 经 鉴定 上述 8 包 毒品 样 物质 共计 1.0 6克 均 含有 海洛因 成分,1
traffic_in,河南省 漯河市 召 陵区 人民检察院 指控 2013年4月15日13时 许 被告人 丁某某 与 吸毒 人员 杨某某 联系 贩卖毒品 后 到 漯河市召陵区湘江路丁庄胡同 交易 交易 时 被 公安人员 当场 抓获 从   <e1>   丁某某   </e1>   身上 查获 8 包 毒品 样 物质 经 鉴定 上述 8 包 毒品 样 物质 共计 1.0 6克 均 含有   <e2>   海洛因   </e2>   成分,0
NA,河南省 漯河市 召 陵区 人民检察院 指控 2013年4月15日13时 许 被告人 丁某某 与 吸毒 人员   <e1>   杨某某   </e1>   联系 贩卖 毒   <e2>   漯河市召陵区湘江路丁庄胡同   </e2>   丁庄 胡同 交易 交易 时 被 公安人员 当场 抓获 从 丁某某 身上 查获 8 包 毒品 样 物质 经 鉴定 上述 8 包 毒品 样 物质 共计 1.0 6克 均 含有 海洛因 成分,4
NA,河南省 漯河市 召 陵区 人民检察院 指控   <e1>   2013年4月15日13时   </e1>   许 被告人 丁某某 与 吸毒 人员 杨某某 联系 贩卖毒品 后 到 漯河市召陵区湘江路丁庄胡同 交易 交易 时 被 公安人员 当场 抓获 从   <e2>   丁某某   </e2>   身上 查获 8 包 毒品 样 物质 经 鉴定 上述 8 包 毒品 样 物质 共计 1.0 6克 均 含有 海洛因 成分,4
sell_drugs_to,阳春市 人民检察院 指控 2013年8月3日 被告人   <e1>   黄某某   </e1>   通过 电话 联系 在 阳春市河西糖厂门口 向 吸毒 人员   <e2>   陈某某   </e2>   贩卖毒品 K粉 0.5克 得款 50 元 同年 8 月 5 日 在 上述 地点 又 向 吸毒 人员 陈某某 贩卖毒品 K粉 1克 得款 100 元 2013 年 8 月 10 日 公安机关 在 上述 地点 抓获 被告人 黄某某 并 从 其 身上 缴获 可疑 毒品 三 小包 重 1.94 克经 阳江市 公安 司法鉴定 中心 化验 检验 缴获 的 可疑 毒品 含 氯胺酮 K粉 成分,1
traffic_in,阳春市 人民检察院 指控 2013年8月3日 被告人   <e1>   黄某某   </e1>   通过 电话 联系 在 阳春市河西糖厂门口 向 吸毒 人员 陈某某 贩卖毒品   <e2>   K粉   </e2>   0.5克 得款 50 元 同年 8 月 5 日 在 上述 地点 又 向 吸毒 人员 陈某某 贩卖毒品 K粉 1克 得款 100 元 2013 年 8 月 10 日 公安机关 在 上述 地点 抓获 被告人 黄某某 并 从 其 身上 缴获 可疑 毒品 三 小包 重 1.94 克经 阳江市 公安 司法鉴定 中心 化验 检验 缴获 的 可疑 毒品 含 氯胺酮 K粉 成分,0
sell_drugs_to,阳春市 人民检察院 指控 2013年8月3日 被告人   <e1>   黄某某   </e1>   通过 电话 联系 在 阳春市河西糖厂门口 向 吸毒 人员 陈某某 贩卖毒品 K粉 0.5克 得款 50 元 同年 8 月 5 日 在 上述 地点 又 向 吸毒 人员   <e2>   陈某某   </e2>   贩卖毒品 K粉 1克 得款 100 元 2013 年 8 月 10 日 公安机关 在 上述 地点 抓获 被告人 黄某某 并 从 其 身上 缴获 可疑 毒品 三 小包 重 1.94 克经 阳江市 公安 司法鉴定 中心 化验 检验 缴获 的 可疑 毒品 含 氯胺酮 K粉 成分,1
traffic_in,阳春市 人民检察院 指控 2013年8月3日 被告人   <e1>   黄某某   </e1>   通过 电话 联系 在 阳春市河西糖厂门口 向 吸毒 人员 陈某某 贩卖毒品 K粉 0.5克 得款 50 元 同年 8 月 5 日 在 上述 地点 又 向 吸毒 人员 陈某某 贩卖毒品   <e2>   K粉   </e2>   1克 得款 100 元 2013 年 8 月 10 日 公安机关 在 上述 地点 抓获 被告人 黄某某 并 从 其 身上 缴获 可疑 毒品 三 小包 重 1.94 克经 阳江市 公安 司法鉴定 中心 化验 检验 缴获 的 可疑 毒品 含 氯胺酮 K粉 成分,0
NA,阳春市 人民检察院 指控 2013年8月3日 被告人 黄某某 通过 电话 联系 在   <e1>   阳春市河西糖厂门口   </e1>   向 吸毒 人员 陈某某 贩卖毒品 K粉 0.5克 得款 50 元 同年 8 月 5 日 在 上述 地点 又 向 吸毒 人员   <e2>   陈某某   </e2>   贩卖毒品 K粉 1克 得款 100 元 2013 年 8 月 10 日 公安机关 在 上述 地点 抓获 被告人 黄某某 并 从 其 身上 缴获 可疑 毒品 三 小包 重 1.94 克经 阳江市 公安 司法鉴定 中心 化验 检验 缴获 的 可疑 毒品 含 氯胺酮 K粉 成分,4
NA,阳春市 人民检察院 指控   <e1>   2013年8月3日   </e1>     <e2>   黄某某   </e2>   人 黄某某 通过 电话 联系 在 阳春市河西糖厂门口 向 吸毒 人员 陈某某 贩卖毒品 K粉 0.5克 得款 50 元 同年 8 月 5 日 在 上述 地点 又 向 吸毒 人员 陈某某 贩卖毒品 K粉 1克 得款 100 元 2013 年 8 月 10 日 公安机关 在 上述 地点 抓获 被告人 黄某某 并 从 其 身上 缴获 可疑 毒品 三 小包 重 1.94 克经 阳江市 公安 司法鉴定 中心 化验 检验 缴获 的 可疑 毒品 含 氯胺酮 K粉 成分,4
posess,经 审理 查明 2014年8月12日15时 许 被告人 王先保 在 宁波市鄞州区古林镇铭月宾馆 306 房间内 被 民警 抓获 并 在 其 房间内 缴获 被告人   <e1>   王先保   </e1>   携带 至 该处 的 1 包   <e2>   冰毒   </e2>   净重 69.5497 克经 鉴定 涉案 毒品 检出 甲基苯丙胺 成份,2
NA,经 审理 查明 2014年8月12日15时 许 被告人   <e1>   王先保   </e1>   在 宁波市鄞州区古林镇铭月宾馆 306 房间内 被 民警 抓获 并 在 其 房间内 缴获 被告人 王先保 携带 至 该处 的 1 包 冰毒 净重 69.5497 克经 鉴定 涉案 毒品 检出   <e2>   甲基苯丙胺   </e2>   成份,4
NA,经 审理 查明   <e1>   2014年8月12日15时   </e1>   许 被告人 王先保 在   <e2>   宁波市鄞州区古林镇铭月宾馆   </e2>   306 房间内 被 民警 抓获 并 在 其 房间内 缴获 被告人 王先保 携带 至 该处 的 1 包 冰毒 净重 69.5497 克经 鉴定 涉案 毒品 检出 甲基苯丙胺 成份,4
provide_shelter_for,惠州市 惠城区 人民检察院 指控 2014 年 4 月 29 日 被告人 钟某 在 惠城区 水口 绅豪 酒店 开 了 一间 8705房 和 林某 等 人 一起 玩 2014 年 4 月 30 日 杨某 练文某 黄某 来到 8705房   <e1>   钟某   </e1>   从 阿俊 情况 不详 处 买来 150 元 冰毒 在 8705房 内 与   <e2>   林某   </e2>   杨某 练文某 黄某 一起 吸食 30 日 晚上 陈某甲 陈某乙 又 来到 8705房 看到 桌面上 放着 冰毒 二人 便 将 剩余 的 冰毒 吸食 2014年5月1日0时12分许 公安人员 根据 群众 举报 到 绅豪 酒店 8705房 进行 检查 当场 查获 钟某 等七人 并 起获 吸毒 工具 经 现场 尿液 检测 七人 甲基 安非他明 均 呈 阳性,3
provide_shelter_for,惠州市 惠城区 人民检察院 指控 2014 年 4 月 29 日 被告人 钟某 在 惠城区 水口 绅豪 酒店 开 了 一间 8705房 和 林某 等 人 一起 玩 2014 年 4 月 30 日 杨某 练文某 黄某 来到 8705房   <e1>   钟某   </e1>   从 阿俊 情况 不详 处 买来 150 元 冰毒 在 8705房 内 与 林某   <e2>   杨某   </e2>   练文某 黄某 一起 吸食 30 日 晚上 陈某甲 陈某乙 又 来到 8705房 看到 桌面上 放着 冰毒 二人 便 将 剩余 的 冰毒 吸食 2014年5月1日0时12分许 公安人员 根据 群众 举报 到 绅豪 酒店 8705房 进行 检查 当场 查获 钟某 等七人 并 起获 吸毒 工具 经 现场 尿液 检测 七人 甲基 安非他明 均 呈 阳性,3
provide_shelter_for,惠州市 惠城区 人民检察院 指控 2014 年 4 月 29 日 被告人 钟某 在 惠城区 水口 绅豪 酒店 开 了 一间 8705房 和 林某 等 人 一起 玩 2014 年 4 月 30 日 杨某 练文某 黄某 来到 8705房   <e1>   钟某   </e1>   从 阿俊 情况 不详 处 买来 150 元 冰毒 在 8705房 内 与 林某 杨某   <e2>   练文某   </e2>   黄某 一起 吸食 30 日 晚上 陈某甲 陈某乙 又 来到 8705房 看到 桌面上 放着 冰毒 二人 便 将 剩余 的 冰毒 吸食 2014年5月1日0时12分许 公安人员 根据 群众 举报 到 绅豪 酒店 8705房 进行 检查 当场 查获 钟某 等七人 并 起获 吸毒 工具 经 现场 尿液 检测 七人 甲基 安非他明 均 呈 阳性,3
provide_shelter_for,惠州市 惠城区 人民检察院 指控 2014 年 4 月 29 日 被告人 钟某 在 惠城区 水口 绅豪 酒店 开 了 一间 8705房 和 林某 等 人 一起 玩 2014 年 4 月 30 日 杨某 练文某 黄某 来到 8705房   <e1>   钟某   </e1>   从 阿俊 情况 不详 处 买来 150 元 冰毒 在 8705房 内 与 林某 杨某 练文某   <e2>   黄某   </e2>   一起 吸食 30 日 晚上 陈某甲 陈某乙 又 来到 8705房 看到 桌面上 放着 冰毒 二人 便 将 剩余 的 冰毒 吸食 2014年5月1日0时12分许 公安人员 根据 群众 举报 到 绅豪 酒店 8705房 进行 检查 当场 查获 钟某 等七人 并 起获 吸毒 工具 经 现场 尿液 检测 七人 甲基 安非他明 均 呈 阳性,3
provide_shelter_for,惠州市 惠城区 人民检察院 指控 2014 年 4 月 29 日 被告人 钟某 在 惠城区 水口 绅豪 酒店 开 了 一间 8705房 和 林某 等 人 一起 玩 2014 年 4 月 30 日 杨某 练文某 黄某 来到 8705房   <e1>   钟某   </e1>   从 阿俊 情况 不详 处 买来 150 元 冰毒 在 8705房 内 与 林某 杨某 练文某 黄某 一起 吸食 30 日 晚上   <e2>   陈某甲   </e2>   陈某乙 又 来到 8705房 看到 桌面上 放着 冰毒 二人 便 将 剩余 的 冰毒 吸食 2014年5月1日0时12分许 公安人员 根据 群众 举报 到 绅豪 酒店 8705房 进行 检查 当场 查获 钟某 等七人 并 起获 吸毒 工具 经 现场 尿液 检测 七人 甲基 安非他明 均 呈 阳性,3
provide_shelter_for,惠州市 惠城区 人民检察院 指控 2014 年 4 月 29 日 被告人 钟某 在 惠城区 水口 绅豪 酒店 开 了 一间 8705房 和 林某 等 人 一起 玩 2014 年 4 月 30 日 杨某 练文某 黄某 来到 8705房   <e1>   钟某   </e1>   从 阿俊 情况 不详 处 买来 150 元 冰毒 在 8705房 内 与 林某 杨某 练文某 黄某 一起 吸食 30 日 晚上 陈某甲   <e2>   陈某乙   </e2>   又 来到 8705房 看到 桌面上 放着 冰毒 二人 便 将 剩余 的 冰毒 吸食 2014年5月1日0时12分许 公安人员 根据 群众 举报 到 绅豪 酒店 8705房 进行 检查 当场 查获 钟某 等七人 并 起获 吸毒 工具 经 现场 尿液 检测 七人 甲基 安非他明 均 呈 阳性,3
sell_drugs_to,惠州市 惠城区 人民检察院 指控 2014 年 4 月 29 日 被告人 钟某 在 惠城区 水口 绅豪 酒店 开 了 一间 8705房 和 林某 等 人 一起 玩 2014 年 4 月 30 日 杨某 练文某 黄某 来到 8705房   <e1>   钟某   < / e   <e2>   阿俊   </e2>     从 阿俊 情况 不详 处 买来 150 元 冰毒 在 8705房 内 与 林某 杨某 练文某 黄某 一起 吸食 30 日 晚上 陈某甲 陈某乙 又 来到 8705房 看到 桌面上 放着 冰毒 二人 便 将 剩余 的 冰毒 吸食 2014年5月1日0时12分许 公安人员 根据 群众 举报 到 绅豪 酒店 8705房 进行 检查 当场 查获 钟某 等七人 并 起获 吸毒 工具 经 现场 尿液 检测 七人 甲基 安非他明 均 呈 阳性,1
traffic_in,惠州市 惠城区 人民检察院 指控 2014 年 4 月 29 日 被告人 钟某 在 惠城区 水口 绅豪 酒店 开 了 一间 8705房 和 林某 等 人 一起 玩 2014 年 4 月 30 日 杨某 练文某 黄某 来到 8705房 钟某 从   <e1>   阿俊   </e1>   情况 不详 处 买来 150 元   <e2>   冰毒   </e2>   在 8705房 内 与 林某 杨某 练文某 黄某 一起 吸食 30 日 晚上 陈某甲 陈某乙 又 来到 8705房 看到 桌面上 放着 冰毒 二人 便 将 剩余 的 冰毒 吸食 2014年5月1日0时12分许 公安人员 根据 群众 举报 到 绅豪 酒店 8705房 进行 检查 当场 查获 钟某 等七人 并 起获 吸毒 工具 经 现场 尿液 检测 七人 甲基 安非他明 均 呈 阳性,0
NA,惠州市 惠城区 人民检察院 指控 2014 年 4 月 29 日 被告人   <e1>   钟某   </e1>   在 惠城区 水口 绅豪 酒店 开 了 一间 8705房 和 林某 等 人 一起 玩 2014 年 4 月 30 日 杨某 练文某 黄某 来到 8705房 钟某 从 阿俊 情况 不详 处 买来 150 元 冰毒 在 8705房 内 与 林某 杨某 练文某 黄某 一起 吸食 30 日 晚上 陈某甲 陈某乙 又 来到 8705房 看到 桌面上 放着 冰毒 二人 便 将 剩余 的 冰   <e2>   2014年5月1日0时12分许   </e2>   12 分许 公安人员 根据 群众 举报 到 绅豪 酒店 8705房 进行 检查 当场 查获 钟某 等七人 并 起获 吸毒 工具 经 现场 尿液 检测 七人 甲基 安非他明 均 呈 阳性,4
NA,惠州市 惠城区 人民检察院 指控 2014 年 4 月 29 日 被告人   <e1>   钟某   </e1>   在 惠城区 水口 绅豪 酒店   <e2>   8705房   </e2>   705 房 和 林某 等 人 一起 玩 2014 年 4 月 30 日 杨某 练文某 黄某 来到 8705房 钟某 从 阿俊 情况 不详 处 买来 150 元 冰毒 在 8705房 内 与 林某 杨某 练文某 黄某 一起 吸食 30 日 晚上 陈某甲 陈某乙 又 来到 8705房 看到 桌面上 放着 冰毒 二人 便 将 剩余 的 冰毒 吸食 2014年5月1日0时12分许 公安人员 根据 群众 举报 到 绅豪 酒店 8705房 进行 检查 当场 查获 钟某 等七人 并 起获 吸毒 工具 经 现场 尿液 检测 七人 甲基 安非他明 均 呈 阳性,4
sell_drugs_to,经 审理 查明 被告人   <e1>   夏某   </e1>   于 2014年1月12日4时 许在 本市 渝中区 天鹅 城市 酒店 1111 号房 内 将 净重 0.2克 毒品 冰毒 和 0.1克 麻古 贩卖 给   <e2>   向某某   </e2>   获取 毒资 520 元 被 公安机关 现场 捉 获经 鉴定 被告人 夏某 贩卖 的 冰毒 中 检出 甲基苯丙胺 麻古 中 检出 甲基苯丙胺 和 咖啡因 被告人 夏某 到案 后 如实 供述 上述事实,1
traffic_in,经 审理 查明 被告人   <e1>   夏某   </e1>   于 2014年1月12日4时 许在 本市 渝中区 天鹅 城市 酒店 1111 号房 内 将 净重 0.2克 毒品 冰毒 和 0.1克   <e2>   麻古   </e2>   贩卖 给 向某某 获取 毒资 520 元 被 公安机关 现场 捉 获经 鉴定 被告人 夏某 贩卖 的 冰毒 中 检出 甲基苯丙胺 麻古 中 检出 甲基苯丙胺 和 咖啡因 被告人 夏某 到案 后 如实 供述 上述事实,0
traffic_in,经 审理 查明 被告人   <e1>   夏某   </e1>   于 2014年1月12日4时 许在 本市 渝中区 天鹅 城市 酒店 1111 号房 内 将 净重 0.2克 毒品   <e2>   冰毒   </e2>   和 0.1克 麻古 贩卖 给 向某某 获取 毒资 520 元 被 公安机关 现场 捉 获经 鉴定 被告人 夏某 贩卖 的 冰毒 中 检出 甲基苯丙胺 麻古 中 检出 甲基苯丙胺 和 咖啡因 被告人 夏某 到案 后 如实 供述 上述事实,0
traffic_in,经 审理 查明 被告人 夏某 于 2014年1月12日4时 许在 本市 渝中区 天鹅 城市 酒店 1111 号房 内 将 净重 0.2克 毒品 冰毒 和 0.1克 麻古 贩卖 给 向某某 获取 毒资 520 元 被 公安机关 现场 捉 获经 鉴定 被告人   <e1>   夏某   </e1>   贩卖 的 冰毒 中 检出   <e2>   甲基苯丙胺   </e2>   麻古 中 检出 甲基苯丙胺 和 咖啡因 被告人 夏某 到案 后 如实 供述 上述事实,0
traffic_in,经 审理 查明 被告人 夏某 于 2014年1月12日4时 许在 本市 渝中区 天鹅 城市 酒店 1111 号房 内 将 净重 0.2克 毒品 冰毒 和 0.1克 麻古 贩卖 给 向某某 获取 毒资 520 元 被 公安机关 现场 捉 获经 鉴定 被告人   <e1>   夏某   </e1>   贩卖 的 冰毒 中 检出 甲基苯丙胺 麻古 中 检出 甲基苯丙胺 和   <e2>   咖啡因   </e2>   被告人 夏某 到案 后 如实 供述 上述事实,0
NA,经 审理 查明 被告人 夏某 于   <e1>   2014年1月12日4时   </e1>   许在 本市 渝中区 天鹅 城市 酒店 1111 号房 内 将 净重 0.2克 毒   <e2>   0.1克   </e2>   0.1克 麻古 贩卖 给 向某某 获取 毒资 520 元 被 公安机关 现场 捉 获经 鉴定 被告人 夏某 贩卖 的 冰毒 中 检出 甲基苯丙胺 麻古 中 检出 甲基苯丙胺 和 咖啡因 被告人 夏某 到案 后 如实 供述 上述事实,4
NA,经 审理 查明 被告人   <e1>   夏某   </e1>   于 2014年1月12日4时 许在 本市 渝中区 天鹅 城市 酒店 1111 号房 内 将 净重 0.2克 毒品 冰毒 和 0.1克 麻古 贩卖 给 向某某 获取 毒资 520 元 被 公安机关 现场 捉 获经 鉴定 被告人 夏某 贩卖 的 冰   <e2>   甲基苯丙胺   </e2>   基 苯丙胺 麻古 中 检出 甲基苯丙胺 和 咖啡因 被告人 夏某 到案 后 如实 供述 上述事实,4
posess,开县 人民检察院 指控 2015 年 1 月 25 日 11 时 许开 县公安局 民警 在 开县汉丰 街道 xx 宾馆 306 号 房间 将 被告人 梁某某 抓获 并 当场 从   <e1>   梁某某   </e1>   身上 查获   <e2>   甲基苯丙胺   </e2>   冰毒 43.28克,2
NA,开县 人民检察院 指控 2015 年 1 月 25 日 11 时 许开 县公安局 民警 在   <e1>   开县汉丰   </e1>   街道 xx 宾馆 306 号 房间 将 被告人 梁某某 抓获 并 当场 从 梁某某   <e2>   甲基苯丙胺   </e2>   基 苯丙胺 冰毒 43.28克,4
NA,开县 人民检察院 指控 2015 年 1 月 25 日 11 时 许开 县公安局 民警 在 开县汉丰 街道 xx 宾馆 306 号 房间 将 被告人 梁某某 抓获 并 当场 从   <e1>   梁某某   </e1>   身上 查获 甲基苯丙胺   <e2>   43.28克   </e2>   . 28 克,4
sell_drugs_to,泰州市 海陵区 人民检察院 指控 2014 年 2 月 至 5 月间 被告人   <e1>   宋某某   </e1>   在 泰州市 海陵区 某 花园 小区 等 地 贩卖 甲基苯丙胺 约 7.5 克 给 吸毒 人员   <e2>   饶某   </e2>   王某 张某 合计 得 人民币 4500 元 案发后 公安机关 从 被告人 宋某某 处 查获 毒品 计 0.4676克 为 证实 上述 的 指控 公诉 机关 当庭 提举 了 证人 证言 理化 检验 报告 辨认 笔录 物证 照片 等 相关 证据 据此 认为 被告人 宋某某 的 行为 构成 贩卖毒品 罪系 累犯 提请 本院 依法 判处,1
sell_drugs_to,泰州市 海陵区 人民检察院 指控 2014 年 2 月 至 5 月间 被告人   <e1>   宋某某   </e1>   在 泰州市 海陵区 某 花园 小区 等 地 贩卖 甲基苯丙胺 约 7.5 克 给 吸毒 人员 饶某   <e2>   王某   </e2>   张某 合计 得 人民币 4500 元 案发后 公安机关 从 被告人 宋某某 处 查获 毒品 计 0.4676克 为 证实 上述 的 指控 公诉 机关 当庭 提举 了 证人 证言 理化 检验 报告 辨认 笔录 物证 照片 等 相关 证据 据此 认为 被告人 宋某某 的 行为 构成 贩卖毒品 罪系 累犯 提请 本院 依法 判处,1
sell_drugs_to,泰州市 海陵区 人民检察院 指控 2014 年 2 月 至 5 月间 被告人   <e1>   宋某某   </e1>   在 泰州市 海陵区 某 花园 小区 等 地 贩卖 甲基苯丙胺 约 7.5 克 给 吸毒 人员 饶某 王某   <e2>   张某   </e2>   合计 得 人民币 4500 元 案发后 公安机关 从 被告人 宋某某 处 查获 毒品 计 0.4676克 为 证实 上述 的 指控 公诉 机关 当庭 提举 了 证人 证言 理化 检验 报告 辨认 笔录 物证 照片 等 相关 证据 据此 认为 被告人 宋某某 的 行为 构成 贩卖毒品 罪系 累犯 提请 本院 依法 判处,1
traffic_in,泰州市 海陵区 人民检察院 指控 2014 年 2 月 至 5 月间 被告人   <e1>   宋某某   </e1>   在 泰州市 海陵区 某 花园 小区 等 地 贩卖   <e2>   甲基苯丙胺   </e2>   约 7.5 克 给 吸毒 人员 饶某 王某 张某 合计 得 人民币 4500 元 案发后 公安机关 从 被告人 宋某某 处 查获 毒品 计 0.4676克 为 证实 上述 的 指控 公诉 机关 当庭 提举 了 证人 证言 理化 检验 报告 辨认 笔录 物证 照片 等 相关 证据 据此 认为 被告人 宋某某 的 行为 构成 贩卖毒品 罪系 累犯 提请 本院 依法 判处,0
NA,泰州市 海陵区 人民检察院 指控 2014 年 2 月 至 5 月间 被告人 宋某某 在 泰州市 海陵区 某 花园 小区 等 地 贩卖 甲基苯丙胺 约 7.5 克 给 吸毒 人员 饶某   <e1>   王某   </e1>   张某 合计 得 人民币 4500 元 案发后 公安机关 从 被告人 宋某某 处 查获 毒品 计   <e2>   0.4676克   </e2>   为 证实 上述 的 指控 公诉 机关 当庭 提举 了 证人 证言 理化 检验 报告 辨认 笔录 物证 照片 等 相关 证据 据此 认为 被告人 宋某某 的 行为 构成 贩卖毒品 罪系 累犯 提请 本院 依法 判处,4
NA,泰州市 海陵区 人民检察院 指控 2014 年 2 月 至 5 月间 被告人 宋某某 在 泰州市 海陵区 某 花园 小区 等 地 贩卖 甲基苯丙胺 约 7.5 克 给 吸毒 人员   <e1>   饶某   </e1>     <e2>   张某   </e2>   某 张某 合计 得 人民币 4500 元 案发后 公安机关 从 被告人 宋某某 处 查获 毒品 计 0.4676克 为 证实 上述 的 指控 公诉 机关 当庭 提举 了 证人 证言 理化 检验 报告 辨认 笔录 物证 照片 等 相关 证据 据此 认为 被告人 宋某某 的 行为 构成 贩卖毒品 罪系 累犯 提请 本院 依法 判处,4
posess,郑州市 人民检察院 起诉书 指控 2010年4月30日下午15时 许 被告人 谢某 开提 阿某某某 和 左 克拉 依明 尼亚 孜 携带 毒品 入住 郑州市 红珊瑚 大酒店 815 房间 因 谢某 开提 阿某某某 曾经 有过 贩卖毒品 的 记录 被 公安机关 监控 当天 下午 16 时许 郑州市 公安局 火车站 分局 民警 到 郑州市 红珊瑚 大酒店 例行 检查 开始 二 被告人 拒绝 开门 谢某 开提 阿某某某 趁机 将 毒品 扔到 窗外 民警 目击 到 这 一 情节 随即 在 该 酒店 六楼 平台 上将 毒品 查获 从   <e1>   谢某 开提 阿某某某   </e1>   携带 的 双肩 背包 内 查出 毒品 303.0 6克 从 左 克拉 依明 尼亚 孜 携带 的 黑色 塑料袋 内 查获 毒品 99.26克 经 鉴定 上述 毒品 中均 含   <e2>   海洛因   </e2>   成份 含量 分别 为 28.038 . 238.039 . 4,2
posess,郑州市 人民检察院 起诉书 指控 2010年4月30日下午15时 许 被告人 谢某 开提 阿某某某 和 左 克拉 依明 尼亚 孜 携带 毒品 入住 郑州市 红珊瑚 大酒店 815 房间 因 谢某 开提 阿某某某 曾经 有过 贩卖毒品 的 记录 被 公安机关 监控 当天 下午 16 时许 郑州市 公安局 火车站 分局 民警 到 郑州市 红珊瑚 大酒店 例行 检查 开始 二 被告人 拒绝 开门 谢某 开提 阿某某某 趁机 将 毒品 扔到 窗外 民警 目击 到 这 一 情节 随即 在 该 酒店 六楼 平台 上将 毒品 查获 从 谢某 开提 阿某某某 携带 的 双肩 背包 内 查出 毒品 303.0 6克 从   <e1>   左 克拉 依明 尼亚 孜   </e1>   携带 的 黑色 塑料袋 内 查获 毒品 99.26克 经 鉴定 上述 毒品 中均 含   <e2>   海洛因   </e2>   成份 含量 分别 为 28.038 . 238.039 . 4,2
NA,郑州市 人民检察院 起诉书 指控 2010年4月30日下午15时 许 被告人   <e1>   谢某 开提 阿某某某   </e1>   和 左 克拉 依明 尼亚 孜 携带 毒品 入住 郑州市 红珊瑚 大酒店 815 房间 因 谢某 开提 阿某某某 曾经 有过 贩卖毒品 的 记录 被 公安机关 监控 当天 下午 16 时许 郑州市 公安局 火车站 分局 民警 到 郑州市 红珊瑚 大酒店 例行 检查 开始 二 被告人 拒绝 开门 谢某 开提 阿某某某 趁机 将 毒品 扔到 窗外 民警 目击 到 这 一 情节 随即 在 该 酒店 六楼 平台 上将 毒品 查获 从 谢某 开提 阿某某某 携带 的 双肩 背包 内 查出 毒品 303.0 6克 从 左 克拉 依明 尼亚 孜 携带 的 黑色 塑料袋 内 查获 毒品   <e2>   99.26克   </e2>   经 鉴定 上述 毒品 中均 含 海洛因 成份 含量 分别 为 28.038 . 238.039 . 4,4
NA,郑州市 人民检察院 起诉书 指控   <e1>   2010年4月30日下午15时   </e1>   许 被告人 谢某 开提 阿某某某 和 左 克拉 依明 尼亚 孜 携带 毒品 入住 郑州市 红珊瑚 大酒店 815 房间 因 谢某 开提 阿某某某 曾经 有过 贩卖毒品 的 记录 被 公安机关 监控 当天 下午 16 时许 郑州市 公安局 火车站 分局 民警 到 郑州市 红珊瑚 大酒店 例行 检查 开始 二 被告人 拒绝 开门 谢某 开提 阿某某某 趁机 将 毒品 扔到 窗外 民警 目击 到 这 一 情节 随即 在 该 酒店 六楼 平台 上将 毒品 查获 从 谢某 开提 阿某某某 携带 的 双肩 背包 内 查出 毒品 303.0 6克 从 左 克拉 依明 尼亚 孜 携带 的 黑色 塑料袋 内   <e2>   99.26克   </e2>   . 2 6克 经 鉴定 上述 毒品 中均 含 海洛因 成份 含量 分别 为 28.038 . 238.039 . 4,4
traffic_in,浙江省 宁波市 海曙区 人民检察院 指控 2015年10月 18 日晚 被告人   <e1>   王小春   </e1>   经 事先 电话 与 朱某1 另案处理 联系 约定 以 人民币 7000 元 的 价格 向 其 贩卖   <e2>   甲基苯丙胺   </e2>   冰毒 80 克 当日20时 许 朱某1 指使 覃某 另案处理 将 人民币 5000 元 转入 被告人 王小春 持有 使用 的 农村 信用社 卡内 并 告诉 其 该卡 密码 被告人 王小春 取出 卡内 购毒款 人民币 5000 元后 通过 电话 联系 指示 朱某1 到 宁波市 海曙区 段塘 街道 丁家 沙县 小吃 附近 取走 其 事先 放置 于 此处 一辆 电动车 车篮 内 的 甲基苯丙胺 一包 重约 80 克,0
sell_drugs_to,浙江省 宁波市 海曙区 人民检察院 指控 2015年10月 18 日晚 被告人   <e1>   王小春   </e1>   经 事先 电话 与   <e2>   朱某1   </e2>   另案处理 联系 约定 以 人民币 7000 元 的 价格 向 其 贩卖 甲基苯丙胺 冰毒 80 克 当日20时 许 朱某1 指使 覃某 另案处理 将 人民币 5000 元 转入 被告人 王小春 持有 使用 的 农村 信用社 卡内 并 告诉 其 该卡 密码 被告人 王小春 取出 卡内 购毒款 人民币 5000 元后 通过 电话 联系 指示 朱某1 到 宁波市 海曙区 段塘 街道 丁家 沙县 小吃 附近 取走 其 事先 放置 于 此处 一辆 电动车 车篮 内 的 甲基苯丙胺 一包 重约 80 克,1
NA,浙江省 宁波市 海曙区 人民检察院 指控 2015年10月 18 日晚 被告人 王小春 经 事先 电话 与 朱某1 另案处理 联系 约定 以 人民币 7000 元 的 价格 向 其 贩卖 甲基苯丙胺 冰毒 80 克   <e1>   当日20时   </e1>   许 朱某1 指使 覃某 另案处理 将 人民币 5000 元 转入 被告人 王小春 持有 使用 的 农村 信用社 卡内 并 告诉 其 该卡 密码 被告人 王小春 取出 卡内 购毒款 人民币 5000 元后 通过 电话 联   <e2>   朱某1   </e2>   示 朱某1 到 宁波市 海曙区 段塘 街道 丁家 沙县 小吃 附近 取走 其 事先 放置 于 此处 一辆 电动车 车篮 内 的 甲基苯丙胺 一包 重约 80 克,4
NA,浙江省 宁波市 海曙区 人民检察院 指控 2015年10月 18 日晚 被告人 王小春 经 事先 电话 与 朱某1 另案处理 联系 约定 以 人民币 7000 元 的 价格 向 其 贩卖 甲基苯丙胺 冰毒 80 克 当日20时 许 朱某1 指使   <e1>   覃某   </e1>   另案处理 将 人民币 5000 元 转入 被告人 王小春 持有 使用 的 农村 信用社 卡内 并 告诉 其 该卡 密码   <e2>   王小春   </e2>   人 王小春 取出 卡内 购毒款 人民币 5000 元后 通过 电话 联系 指示 朱某1 到 宁波市 海曙区 段塘 街道 丁家 沙县 小吃 附近 取走 其 事先 放置 于 此处 一辆 电动车 车篮 内 的 甲基苯丙胺 一包 重约 80 克,4
provide_shelter_for,杭州市 余杭区 人民检察院 指控 2011年11月 28 日 下午 14 时许 被告人   <e1>   潘某   </e1>   利用 其 本人 身份证 在 杭州市 余杭区 瓶 窑 镇 某 酒店 开 8523 号 房间 容留   <e2>   张某   </e2>   陈某 冯某 裘某某 在 该 房间内 吸食毒品 直至 次日 15 时许 被 民警 查获 2011年11月 29 日经 尿样 检测 被告人 潘某 和 张某 陈某 冯某 裘某某 均 曾 注吸 甲基苯丙胺类毒品,3
provide_shelter_for,杭州市 余杭区 人民检察院 指控 2011年11月 28 日 下午 14 时许 被告人   <e1>   潘某   </e1>   利用 其 本人 身份证 在 杭州市 余杭区 瓶 窑 镇 某 酒店 开 8523 号 房间 容留 张某   <e2>   陈某   </e2>   冯某 裘某某 在 该 房间内 吸食毒品 直至 次日 15 时许 被 民警 查获 2011年11月 29 日经 尿样 检测 被告人 潘某 和 张某 陈某 冯某 裘某某 均 曾 注吸 甲基苯丙胺类毒品,3
provide_shelter_for,杭州市 余杭区 人民检察院 指控 2011年11月 28 日 下午 14 时许 被告人   <e1>   潘某   </e1>   利用 其 本人 身份证 在 杭州市 余杭区 瓶 窑 镇 某 酒店 开 8523 号 房间 容留 张某 陈某   <e2>   冯某   </e2>   裘某某 在 该 房间内 吸食毒品 直至 次日 15 时许 被 民警 查获 2011年11月 29 日经 尿样 检测 被告人 潘某 和 张某 陈某 冯某 裘某某 均 曾 注吸 甲基苯丙胺类毒品,3
provide_shelter_for,杭州市 余杭区 人民检察院 指控 2011年11月 28 日 下午 14 时许 被告人   <e1>   潘某   </e1>   利用 其 本人 身份证 在 杭州市 余杭区 瓶 窑 镇 某 酒店 开 8523 号 房间 容留 张某 陈某 冯某   <e2>   裘某某   </e2>   在 该 房间内 吸食毒品 直至 次日 15 时许 被 民警 查获 2011年11月 29 日经 尿样 检测 被告人 潘某 和 张某 陈某 冯某 裘某某 均 曾 注吸 甲基苯丙胺类毒品,3
NA,杭州市 余杭区 人民检察院 指控 2011年11月 28 日 下午 14 时许 被告人 潘某 利用 其 本人 身份证 在 杭州市 余杭区 瓶 窑 镇 某 酒店 开 8523 号 房间 容留 张某 陈某 冯某   <e1>   裘某某   </e1>   在 该 房间内 吸食毒品 直至 次日 15 时许 被 民警 查获 2011年11月 29 日经 尿样 检测 被告   <e2>   张某   </e2>   某 和 张某 陈某 冯某 裘某某 均 曾 注吸 甲基苯丙胺类毒品,4
NA,杭州市 余杭区 人民检察院 指控 2011年11月 28 日 下午 14 时许 被告人 潘某 利用 其 本人 身份证 在 杭州市 余杭区 瓶 窑 镇 某 酒店 开 8523 号 房间 容留 张某 陈某 冯某 裘某某 在 该 房间内 吸食毒品 直至 次日 15 时许 被 民警 查获 2011年11月 29 日经 尿样 检测 被告人 潘某 和 张某 陈某   <e1>   冯某   </e1>   裘某某   <e2>   甲基苯丙胺类毒品   </e2>   胺类 毒品,4
provide_shelter_for,南京市 栖霞区 人民检察院 指控 2014年1月中旬某日 被告人   <e1>   尚某   </e1>   在 其 暂住地 南京市玄武区某某路x号x幢xxx室内 容留 吸毒 人员   <e2>   高某甲   </e2>   高某乙 孟某 吸食毒品 甲基苯丙胺 2014 年 5 月 2 7日 9 时许 被告人 尚某 在 其 暂住地 南京市玄武区某某路x号x幢xxx室内 容留 吸毒 人员 高某甲 高某乙 吸食毒品 甲基苯丙胺 2014 年 5 月 2 7日 南京市 公安局 栖霞 分局 接到 群众 举报 后 赶至 南京市 玄武区 某某 路 x 号 x 幢 xx x 室 将 被告人 尚某 及 高某甲 高某乙 抓获 被告人 尚某 归案 后 主动 供述 了 公安机关 尚未 掌握 的 其 第一次 容留 他人 吸毒 的 事实,3
provide_shelter_for,南京市 栖霞区 人民检察院 指控 2014年1月中旬某日 被告人   <e1>   尚某   </e1>   在 其 暂住地 南京市玄武区某某路x号x幢xxx室内 容留 吸毒 人员 高某甲   <e2>   高某乙   </e2>   孟某 吸食毒品 甲基苯丙胺 2014 年 5 月 2 7日 9 时许 被告人 尚某 在 其 暂住地 南京市玄武区某某路x号x幢xxx室内 容留 吸毒 人员 高某甲 高某乙 吸食毒品 甲基苯丙胺 2014 年 5 月 2 7日 南京市 公安局 栖霞 分局 接到 群众 举报 后 赶至 南京市 玄武区 某某 路 x 号 x 幢 xx x 室 将 被告人 尚某 及 高某甲 高某乙 抓获 被告人 尚某 归案 后 主动 供述 了 公安机关 尚未 掌握 的 其 第一次 容留 他人 吸毒 的 事实,3
provide_shelter_for,南京市 栖霞区 人民检察院 指控 2014年1月中旬某日 被告人   <e1>   尚某   </e1>   在 其 暂住地 南京市玄武区某某路x号x幢xxx室内 容留 吸毒 人员 高某甲 高某乙   <e2>   孟某   </e2>   吸食毒品 甲基苯丙胺 2014 年 5 月 2 7日 9 时许 被告人 尚某 在 其 暂住地 南京市玄武区某某路x号x幢xxx室内 容留 吸毒 人员 高某甲 高某乙 吸食毒品 甲基苯丙胺 2014 年 5 月 2 7日 南京市 公安局 栖霞 分局 接到 群众 举报 后 赶至 南京市 玄武区 某某 路 x 号 x 幢 xx x 室 将 被告人 尚某 及 高某甲 高某乙 抓获 被告人 尚某 归案 后 主动 供述 了 公安机关 尚未 掌握 的 其 第一次 容留 他人 吸毒 的 事实,3
provide_shelter_for,南京市 栖霞区 人民检察院 指控 2014年1月中旬某日 被告人 尚某 在 其 暂住地 南京市玄武区某某路x号x幢xxx室内 容留 吸毒 人员 高某甲 高某乙 孟某 吸食毒品 甲基苯丙胺 2014 年 5 月 2 7日 9 时许 被告人   <e1>   尚某   </e1>   在 其 暂住地 南京市玄武区某某路x号x幢xxx室内 容留 吸毒 人员   <e2>   高某甲   </e2>   高某乙 吸食毒品 甲基苯丙胺 2014 年 5 月 2 7日 南京市 公安局 栖霞 分局 接到 群众 举报 后 赶至 南京市 玄武区 某某 路 x 号 x 幢 xx x 室 将 被告人 尚某 及 高某甲 高某乙 抓获 被告人 尚某 归案 后 主动 供述 了 公安机关 尚未 掌握 的 其 第一次 容留 他人 吸毒 的 事实,3
provide_shelter_for,南京市 栖霞区 人民检察院 指控 2014年1月中旬某日 被告人 尚某 在 其 暂住地 南京市玄武区某某路x号x幢xxx室内 容留 吸毒 人员 高某甲 高某乙 孟某 吸食毒品 甲基苯丙胺 2014 年 5 月 2 7日 9 时许 被告人   <e1>   尚某   </e1>   在 其 暂住地 南京市玄武区某某路x号x幢xxx室内 容留 吸毒 人员 高某甲   <e2>   高某乙   </e2>   吸食毒品 甲基苯丙胺 2014 年 5 月 2 7日 南京市 公安局 栖霞 分局 接到 群众 举报 后 赶至 南京市 玄武区 某某 路 x 号 x 幢 xx x 室 将 被告人 尚某 及 高某甲 高某乙 抓获 被告人 尚某 归案 后 主动 供述 了 公安机关 尚未 掌握 的 其 第一次 容留 他人 吸毒 的 事实,3
NA,南京市 栖霞区 人民检察院 指控   <e1>   2014年1月中旬某日   </e1>   被告人 尚某 在 其 暂住地 南京市玄武区某某路x号x幢xxx室内 容留 吸毒 人员   <e2>   高某甲   </e2>   高某乙 孟某 吸食毒品 甲基苯丙胺 2014 年 5 月 2 7日 9 时许 被告人 尚某 在 其 暂住地 南京市玄武区某某路x号x幢xxx室内 容留 吸毒 人员 高某甲 高某乙 吸食毒品 甲基苯丙胺 2014 年 5 月 2 7日 南京市 公安局 栖霞 分局 接到 群众 举报 后 赶至 南京市 玄武区 某某 路 x 号 x 幢 xx x 室 将 被告人 尚某 及 高某甲 高某乙 抓获 被告人 尚某 归案 后 主动 供述 了 公安机关 尚未 掌握 的 其 第一次 容留 他人 吸毒 的 事实,4
NA,南京市 栖霞区 人民检察院 指控 2014年1月中旬某日 被告人 尚某 在 其 暂住地 南京市玄武区某某路x号x幢xxx室内 容留 吸毒 人员 高某甲 高某乙 孟某 吸食毒品 甲基苯丙胺 2014 年 5 月 2 7日 9 时许 被告人 尚某 在 其 暂住地   <e1>   南京市玄武区某某路x号x幢xxx室内   </e1>   容留 吸毒 人员 高某甲 高某乙 吸食毒品 甲基苯丙胺 2014 年 5 月 2 7日 南京市 公安局 栖霞 分局 接到 群众 举报 后 赶至 南京市 玄武区 某某 路 x 号 x 幢 xx x 室 将 被告人   <e2>   尚某   </e2>   及 高某甲 高某乙 抓获 被告人 尚某 归案 后 主动 供述 了 公安机关 尚未 掌握 的 其 第一次 容留 他人 吸毒 的 事实,4
sell_drugs_to,海丰县 人民检察院 指控 被告人   <e1>   陈俊宇   </e1>   向 贩毒 人员 购买 毒品 后除 部分 自己 吸食 外 其余 的 分成 小包 以 号码 为 15 xx x062 的 手机 作为 联系电话 2013年7月8日 至 15 日间 在 其 租住 屋 等 地 将 毒品 贩卖 给 吸毒 人员 其中 贩卖 给 吸毒 人员   <e2>   周伟信   </e2>   2 次 2 小包 重 1克 得款 130 元 贩卖 给 吸毒 人员 吴子迪 2 次 2 小包 重 1克 得款 100 元 2013年7月15日12时 许 被告人 陈俊宇 在 海丰县 城东 镇下 坑村 路口 被 公安机关 抓获归案 现场 被 缴获 号码 为 15 xx x062 的 作案工具 手机 1 部,1
sell_drugs_to,海丰县 人民检察院 指控 被告人   <e1>   陈俊宇   </e1>   向 贩毒 人员 购买 毒品 后除 部分 自己 吸食 外 其余 的 分成 小包 以 号码 为 15 xx x062 的 手机 作为 联系电话 2013年7月8日 至 15 日间 在 其 租住 屋 等 地 将 毒品 贩卖 给 吸毒 人员 其中 贩卖 给 吸毒 人员 周伟信 2 次 2 小包 重 1克 得款 130 元 贩卖 给 吸毒 人员   <e2>   吴子迪   </e2>   2 次 2 小包 重 1克 得款 100 元 2013年7月15日12时 许 被告人 陈俊宇 在 海丰县 城东 镇下 坑村 路口 被 公安机关 抓获归案 现场 被 缴获 号码 为 15 xx x062 的 作案工具 手机 1 部,1
NA,海丰县 人民检察院 指控 被告人   <e1>   陈俊宇   </e1>   向 贩毒 人员 购买 毒品 后除 部分 自己 吸食 外 其余 的 分成 小包 以 号码 为 15 xx x062 的 手机 作为 联系电话 2013年7月8日 至 15 日间 在 其 租住 屋 等 地 将 毒品 贩卖 给 吸毒 人员 其中 贩卖 给 吸毒 人员 周伟信 2 次 2 小包 重 1克 得款 130 元 贩卖 给 吸毒 人员 吴子迪 2 次 2 小包 重 1克 得款 1   <e2>   2013年7月15日12时   </e2>   日 12 时许 被告人 陈俊宇 在 海丰县 城东 镇下 坑村 路口 被 公安机关 抓获归案 现场 被 缴获 号码 为 15 xx x062 的 作案工具 手机 1 部,4
NA,海丰县 人民检察院 指控 被告人 陈俊宇 向 贩毒 人员 购买 毒品 后除 部分 自己 吸食 外 其余 的 分成 小包 以 号码 为 15 xx x062 的 手机 作为 联系电话   <e1>   2013年7月8日   </e1>   至 15 日间 在 其 租住 屋 等 地 将 毒品 贩卖 给 吸毒 人员 其中 贩卖 给 吸毒 人员 周伟信 2 次 2 小包 重 1克 得款 130 元 贩卖 给 吸毒 人员 吴子迪 2 次 2 小包 重 1克 得款 1   <e2>   2013年7月15日12时   </e2>   日 12 时许 被告人 陈俊宇 在 海丰县 城东 镇下 坑村 路口 被 公安机关 抓获归案 现场 被 缴获 号码 为 15 xx x062 的 作案工具 手机 1 部,4
provide_shelter_for,公诉 机关 指控 2013年10月 底至 11月 16 日 被告人   <e1>   刘某   </e1>   先后 四次 在 其 暂住 处 青岛市 市北区 周口 路 号 号 楼户 容留   <e2>   胡某   </e2>   管某 另案处理 等 人 吸食 冰毒 后 被 抓获 到案,3
provide_shelter_for,公诉 机关 指控 2013年10月 底至 11月 16 日 被告人   <e1>   刘某   </e1>   先后 四次 在 其 暂住 处 青岛市 市北区 周口 路 号 号 楼户 容留 胡某   <e2>   管某   </e2>   另案处理 等 人 吸食 冰毒 后 被 抓获 到案,3
NA,公诉 机关 指控   <e1>   2013年10月   </e1>   底至 11月 16 日 被告人 刘某 先后 四次 在 其 暂住 处   <e2>   青岛市 市北区 周口 路 号 号 楼户   </e2>   容留 胡某 管某 另案处理 等 人 吸食 冰毒 后 被 抓获 到案,4
NA,公诉 机关 指控   <e1>   2013年10月   </e1>   底至 11月 16 日 被告人   <e2>   刘某   </e2>   先后 四次 在 其 暂住 处 青岛市 市北区 周口 路 号 号 楼户 容留 胡某 管某 另案处理 等 人 吸食 冰毒 后 被 抓获 到案,4
sell_drugs_to,重庆市 渝中区 人民检察院 指控 被告人   <e1>   赵某某   </e1>   于 2014年11月24日13时 许在 本市 渝中区 南纪门 响水 桥 附近 先行 收取   <e2>   孙某某   </e2>   购毒款 100 元 之后 持 2 小包 毒品 海洛因 返回 原地 将 其中 1 包 净重 0.07克 的 海洛因 交给 孙某某 其 分得 另 1 小包 毒品 并 收取 好处费 30 元 被告人 赵某某 在 注射 分得 的 毒品 时 被 公安人员 当场 捉 获 并 查获 上述 毒品 和 好处费 30 元 被告人 赵某某 归案 后 如实 供述 了 上述事实 公诉 机关 认为 被告人 赵某某 的 行为 已 构成 贩卖毒品 罪且 系 累犯 其 到案 后能 如实 供述 自己 的 犯罪事实 提请 本院 依照 中华人民共和国 刑法 第三 百 四十七 条 第四款 第六十五条 第一款 第六十七条 第三款 之 规定 判处,1
traffic_in,重庆市 渝中区 人民检察院 指控 被告人   <e1>   赵某某   </e1>   于 2014年11月24日13时 许在 本市 渝中区 南纪门 响水 桥 附近 先行 收取 孙某某 购毒款 100 元 之后 持 2 小包 毒品   <e2>   海洛因   </e2>   返回 原地 将 其中 1 包 净重 0.07克 的 海洛因 交给 孙某某 其 分得 另 1 小包 毒品 并 收取 好处费 30 元 被告人 赵某某 在 注射 分得 的 毒品 时 被 公安人员 当场 捉 获 并 查获 上述 毒品 和 好处费 30 元 被告人 赵某某 归案 后 如实 供述 了 上述事实 公诉 机关 认为 被告人 赵某某 的 行为 已 构成 贩卖毒品 罪且 系 累犯 其 到案 后能 如实 供述 自己 的 犯罪事实 提请 本院 依照 中华人民共和国 刑法 第三 百 四十七 条 第四款 第六十五条 第一款 第六十七条 第三款 之 规定 判处,0
NA,重庆市 渝中区 人民检察院 指控 被告人 赵某某 于   <e1>   2014年11月24日13时   </e1>   许在 本市 渝中区 南纪门 响水 桥 附近 先行 收取 孙某某 购毒款 100 元 之后 持 2 小包 毒品 海洛因 返回 原地 将 其中 1 包 净重 0.07克 的   <e2>   海洛因   </e2>   交给 孙某某 其 分得 另 1 小包 毒品 并 收取 好处费 30 元 被告人 赵某某 在 注射 分得 的 毒品 时 被 公安人员 当场 捉 获 并 查获 上述 毒品 和 好处费 30 元 被告人 赵某某 归案 后 如实 供述 了 上述事实 公诉 机关 认为 被告人 赵某某 的 行为 已 构成 贩卖毒品 罪且 系 累犯 其 到案 后能 如实 供述 自己 的 犯罪事实 提请 本院 依照 中华人民共和国 刑法 第三 百 四十七 条 第四款 第六十五条 第一款 第六十七条 第三款 之 规定 判处,4
NA,重庆市 渝中区 人民检察院 指控 被告人 赵某某 于 2014年11月24日13时 许在 本市 渝中区 南纪门 响水 桥 附近 先行 收取   <e1>   孙某某   </e1>   购毒款 100 元 之后 持 2 小包 毒品 海洛因 返回 原地 将 其中 1 包 净重 0.07克 的 海洛因 交给   <e2>   孙某某   </e2>   其 分得 另 1 小包 毒品 并 收取 好处费 30 元 被告人 赵某某 在 注射 分得 的 毒品 时 被 公安人员 当场 捉 获 并 查获 上述 毒品 和 好处费 30 元 被告人 赵某某 归案 后 如实 供述 了 上述事实 公诉 机关 认为 被告人 赵某某 的 行为 已 构成 贩卖毒品 罪且 系 累犯 其 到案 后能 如实 供述 自己 的 犯罪事实 提请 本院 依照 中华人民共和国 刑法 第三 百 四十七 条 第四款 第六十五条 第一款 第六十七条 第三款 之 规定 判处,4
sell_drugs_to,大连市 西岗区 人民检察院 指控 2014年11月15日晚 被告人   <e1>   辛某某   < / e1   <e2>   大黄毛   </e2>   大黄毛 另案处理 处 购买 9 袋 冰毒 藏匿在 红色 塑料袋 中 当日 23 时许 公安机关 在 大连市 西岗区 民开巷 24 号 1 门洞 一楼 至 二楼 楼梯口 处 将 被告人 辛某某 抓获 并 从 其 身上 搜出 白色晶体 9 袋 在 其 位于 大连市 西岗区 民开巷 24 号 132 的 家中 搜出 白色晶体 一粒 经 大连市 公安 司法鉴定 中心 鉴定 从 被告人 辛某某 身上 家中 搜出 的 白色晶体 中 检出 甲基苯丙胺 成分 净重 共 292.0克,1
traffic_in,大连市 西岗区 人民检察院 指控 2014年11月15日晚 被告人 辛某某 从   <e1>   大黄毛   </e1>   另案处理 处 购买 9 袋   <e2>   冰毒   </e2>   藏匿在 红色 塑料袋 中 当日 23 时许 公安机关 在 大连市 西岗区 民开巷 24 号 1 门洞 一楼 至 二楼 楼梯口 处 将 被告人 辛某某 抓获 并 从 其 身上 搜出 白色晶体 9 袋 在 其 位于 大连市 西岗区 民开巷 24 号 132 的 家中 搜出 白色晶体 一粒 经 大连市 公安 司法鉴定 中心 鉴定 从 被告人 辛某某 身上 家中 搜出 的 白色晶体 中 检出 甲基苯丙胺 成分 净重 共 292.0克,0
posess,大连市 西岗区 人民检察院 指控 2014年11月15日晚 被告人 辛某某 从 大黄毛 另案处理 处 购买 9 袋 冰毒 藏匿在 红色 塑料袋 中 当日 23 时许 公安机关 在 大连市 西岗区 民开巷 24 号 1 门洞 一楼 至 二楼 楼梯口 处 将 被告人 辛某某 抓获 并 从 其 身上 搜出 白色晶体 9 袋 在 其 位于 大连市 西岗区 民开巷 24 号 132 的 家中 搜出 白色晶体 一粒 经 大连市 公安 司法鉴定 中心 鉴定 从 被告人   <e1>   辛某某   </e1>   身上 家中 搜出 的 白色晶体 中 检出   <e2>   甲基苯丙胺   </e2>   成分 净重 共 292.0克,2
NA,大连市 西岗区 人民检察院 指控   <e1>   2014年11月15日晚   </e1>   被告人 辛某某 从 大黄毛 另案处理 处 购买 9 袋 冰毒 藏匿在 红色 塑料袋 中 当日 23 时许 公安机关 在 大连市 西岗区 民开巷 24 号 1 门洞 一楼 至 二楼 楼梯口 处 将 被告人 辛某某 抓获 并 从 其 身上 搜出 白色晶体 9 袋 在 其 位于 大连市 西岗区 民开巷 24 号 132 的 家中 搜出 白色晶体 一粒 经 大连市 公安 司法鉴定 中心 鉴定 从 被告人 辛某某 身上 家中 搜出 的 白色晶体 中 检出 甲基苯丙胺 成分   <e2>   292.0克   </e2>   2.0 克,4
NA,大连市 西岗区 人民检察院 指控 2014年11月15日晚 被告人 辛某某 从 大黄毛 另案处理 处 购买 9 袋 冰毒 藏匿在 红色 塑料袋 中 当日 23 时许 公安机关 在 大连市 西岗区 民开巷 24 号 1 门洞 一楼 至 二楼 楼梯口 处 将 被告人   <e1>   辛某某   </e1>   抓获 并 从 其 身上 搜出 白色晶体 9 袋 在 其 位于 大连市 西岗区 民开巷 24 号 132 的 家中 搜出 白色晶体 一粒 经 大连市 公安 司法鉴定 中心 鉴定   <e2>   辛某某   </e2>   人 辛某某 身上 家中 搜出 的 白色晶体 中 检出 甲基苯丙胺 成分 净重 共 292.0克,4
provide_shelter_for,经 审理 查明 2014 年 6 月 15 日 1 7日 被告人   <e1>   冼某   </e1>   先后 2 次 在 其 位于 高要市 南岸 街道 江口 居委会 江口 永安 渔业 队 的 家中 容留 吸毒 人员   <e2>   黄某   </e2>   梁某 等 人 吸食毒品 甲基苯丙胺 冰毒 同年 6月20日20时 许 公安人员 在 被告人 冼某 的 家门口 处 将 其 抓获 并 在 其 身上 查获 3 包 白色晶体 共 净重 1.77 克,3
provide_shelter_for,经 审理 查明 2014 年 6 月 15 日 1 7日 被告人   <e1>   冼某   </e1>   先后 2 次 在 其 位于 高要市 南岸 街道 江口 居委会 江口 永安 渔业 队 的 家中 容留 吸毒 人员 黄某   <e2>   梁某   </e2>   等 人 吸食毒品 甲基苯丙胺 冰毒 同年 6月20日20时 许 公安人员 在 被告人 冼某 的 家门口 处 将 其 抓获 并 在 其 身上 查获 3 包 白色晶体 共 净重 1.77 克,3
NA,经 审理 查明 2014 年 6 月 15 日 1 7日 被告人 冼某 先后 2 次 在 其 位于 高要市 南岸 街道 江口 居委会 江口 永安 渔业 队 的 家中 容留 吸毒 人员 黄某   <e1>   梁某   </e1>   等 人 吸食毒品 甲基苯丙胺 冰毒   <e2>   6月20日20时   </e2>   日 20 时许 公安人员 在 被告人 冼某 的 家门口 处 将 其 抓获 并 在 其 身上 查获 3 包 白色晶体 共 净重 1.77 克,4
NA,经 审理 查明 2014 年 6 月 15 日 1 7日 被告人   <e1>   冼某   </e1>   先后 2 次 在 其 位于 高要市 南岸 街道 江口 居委会 江口 永安 渔业 队 的 家中 容留 吸毒 人员 黄某 梁某 等 人 吸食毒品 甲基苯丙胺 冰毒   <e2>   6月20日20时   </e2>   日 20 时许 公安人员 在 被告人 冼某 的 家门口 处 将 其 抓获 并 在 其 身上 查获 3 包 白色晶体 共 净重 1.77 克,4
provide_shelter_for,公诉 机关 指控 被告人   <e1>   陆某某   </e1>   于 2016年4月至6月21日期间 在 启东市 汇 龙镇 汇东 新村 10 号楼 408 室 其 家中 容留   <e2>   陆海雷   </e2>   黄某 等 人 吸食 甲基苯丙胺 分述 如下,3
provide_shelter_for,公诉 机关 指控 被告人   <e1>   陆某某   </e1>   于 2016年4月至6月21日期间 在 启东市 汇 龙镇 汇东 新村 10 号楼 408 室 其 家中 容留 陆海雷   <e2>   黄某   </e2>   等 人 吸食 甲基苯丙胺 分述 如下,3
NA,公诉 机关 指控 被告人   <e1>   陆某某   < / e   <e2>   2016年4月至6月21日期间   </e2>   1 日 期间 在 启东市 汇 龙镇 汇东 新村 10 号楼 408 室 其 家中 容留 陆海雷 黄某 等 人 吸食 甲基苯丙胺 分述 如下,4
NA,公诉 机关 指控 被告人 陆某某 于   <e1>   2016年4月至6月21日期间   </e1>   在 启东市 汇 龙镇 汇东 新村 10 号楼 408 室 其家   <e2>   陆海雷   </e2>   留 陆海雷 黄某 等 人 吸食 甲基苯丙胺 分述 如下,4
traffic_in,湖南省 邵阳县 人民检察院 指控 2014 年 9 月 13 日 下午 被告人   <e1>   周某甲   </e1>   在 其 住宅 后面 公路 上将 0.2克   <e2>   冰毒   </e2>   半粒麻古 以 100 元 人民币 的 价格 贩卖 给 尹某某 肖某甲 吸食 2014 年 9 月 15 日 下午 17 时许 被告人 周某甲 在 新宁县 丰田 乡政府 前 的 三岔路口 旁 将 0.2克 冰毒 又 以 100 元 人民币 的 价格 贩卖 给 尹某某 肖某甲 吸食,0
traffic_in,湖南省 邵阳县 人民检察院 指控 2014 年 9 月 13 日 下午 被告人   <e1>   周某甲   </e1>   在 其 住宅 后面 公路 上将 0.2克 冰毒   <e2>   半粒麻古   </e2>   以 100 元 人民币 的 价格 贩卖 给 尹某某 肖某甲 吸食 2014 年 9 月 15 日 下午 17 时许 被告人 周某甲 在 新宁县 丰田 乡政府 前 的 三岔路口 旁 将 0.2克 冰毒 又 以 100 元 人民币 的 价格 贩卖 给 尹某某 肖某甲 吸食,0
sell_drugs_to,湖南省 邵阳县 人民检察院 指控 2014 年 9 月 13 日 下午 被告人   <e1>   周某甲   </e1>   在 其 住宅 后面 公路 上将 0.2克 冰毒 半粒麻古 以 100 元 人民币 的 价格 贩卖 给   <e2>   尹某某   </e2>   肖某甲 吸食 2014 年 9 月 15 日 下午 17 时许 被告人 周某甲 在 新宁县 丰田 乡政府 前 的 三岔路口 旁 将 0.2克 冰毒 又 以 100 元 人民币 的 价格 贩卖 给 尹某某 肖某甲 吸食,1
sell_drugs_to,湖南省 邵阳县 人民检察院 指控 2014 年 9 月 13 日 下午 被告人   <e1>   周某甲   </e1>   在 其 住宅 后面 公路 上将 0.2克 冰毒 半粒麻古 以 100 元 人民币 的 价格 贩卖 给 尹某某   <e2>   肖某甲   </e2>   吸食 2014 年 9 月 15 日 下午 17 时许 被告人 周某甲 在 新宁县 丰田 乡政府 前 的 三岔路口 旁 将 0.2克 冰毒 又 以 100 元 人民币 的 价格 贩卖 给 尹某某 肖某甲 吸食,1
traffic_in,湖南省 邵阳县 人民检察院 指控 2014 年 9 月 13 日 下午 被告人 周某甲 在 其 住宅 后面 公路 上将 0.2克 冰毒 半粒麻古 以 100 元 人民币 的 价格 贩卖 给 尹某某 肖某甲 吸食 2014 年 9 月 15 日 下午 17 时许 被告人   <e1>   周某甲   </e1>   在 新宁县 丰田 乡政府 前 的 三岔路口 旁 将 0.2克   <e2>   冰毒   </e2>   又 以 100 元 人民币 的 价格 贩卖 给 尹某某 肖某甲 吸食,0
sell_drugs_to,湖南省 邵阳县 人民检察院 指控 2014 年 9 月 13 日 下午 被告人 周某甲 在 其 住宅 后面 公路 上将 0.2克 冰毒 半粒麻古 以 100 元 人民币 的 价格 贩卖 给 尹某某 肖某甲 吸食 2014 年 9 月 15 日 下午 17 时许 被告人   <e1>   周某甲   </e1>   在 新宁县 丰田 乡政府 前 的 三岔路口 旁 将 0.2克 冰毒 又 以 100 元 人民币 的 价格 贩卖 给   <e2>   尹某某   </e2>   肖某甲 吸食,1
sell_drugs_to,湖南省 邵阳县 人民检察院 指控 2014 年 9 月 13 日 下午 被告人 周某甲 在 其 住宅 后面 公路 上将 0.2克 冰毒 半粒麻古 以 100 元 人民币 的 价格 贩卖 给 尹某某 肖某甲 吸食 2014 年 9 月 15 日 下午 17 时许 被告人   <e1>   周某甲   </e1>   在 新宁县 丰田 乡政府 前 的 三岔路口 旁 将 0.2克 冰毒 又 以 100 元 人民币 的 价格 贩卖 给 尹某某   <e2>   肖某甲   </e2>   吸食,1
NA,湖南省 邵阳县 人民检察院 指控 2014 年 9 月 13 日 下午 被告人   <e1>   周某甲   </e1>   在 其 住宅 后面 公路 上将 0.2克 冰毒 半粒麻古 以 100 元 人民币 的 价格 贩卖 给 尹某某 肖某甲 吸食 2014 年 9 月 15 日 下午 17 时许 被告人 周某甲 在 新宁县 丰田 乡政府 前 的 三岔路口 旁 将   <e2>   冰毒   </e2>   2克 冰毒 又 以 100 元 人民币 的 价格 贩卖 给 尹某某 肖某甲 吸食,4
NA,湖南省 邵阳县 人民检察院 指控 2014 年 9 月 13 日 下午 被告人 周某甲 在 其 住宅 后面 公路 上将 0.2克 冰毒   <e1>   半粒麻古   </e1>   以 100 元 人民币 的 价格 贩卖 给 尹某某 肖某甲 吸食 2014 年 9 月 15 日 下午 17 时许 被告人 周某甲 在 新宁县 丰田 乡政府 前 的 三岔路口 旁 将   <e2>   0.2克   </e2>   冰毒 又 以 100 元 人民币 的 价格 贩卖 给 尹某某 肖某甲 吸食,4
sell_drugs_to,修水县 人民检察院 指控 2014 年 11月 16 日 22 日 被告人   <e1>   卢某某   </e1>   在 修水县城 先后 二次 卖 给 吸毒 人员   <e2>   万某某   </e2>   甲基苯丙胺 冰毒 2 小包 获款 400 元 针对 上述 指控 公诉 机关 提供 了 相关 的 证据 并 认为 被告人 卢某某 的 行为 触犯 了 中华人民共和国 刑法 第三 百 四十七 条 第一款 第四款 之 规定 构成 贩卖毒品 罪 提请 依法 判处,1
traffic_in,修水县 人民检察院 指控 2014 年 11月 16 日 22 日 被告人   <e1>   卢某某   </e1>   在 修水县城 先后 二次 卖 给 吸毒 人员 万某某   <e2>   甲基苯丙胺   </e2>   冰毒 2 小包 获款 400 元 针对 上述 指控 公诉 机关 提供 了 相关 的 证据 并 认为 被告人 卢某某 的 行为 触犯 了 中华人民共和国 刑法 第三 百 四十七 条 第一款 第四款 之 规定 构成 贩卖毒品 罪 提请 依法 判处,0
traffic_in,修水县 人民检察院 指控 2014 年 11月 16 日 22 日 被告人   <e1>   卢某某   </e1>   在 修水县城 先后 二次 卖 给 吸毒 人员 万某某 甲基苯丙胺   <e2>   冰毒   </e2>   2 小包 获款 400 元 针对 上述 指控 公诉 机关 提供 了 相关 的 证据 并 认为 被告人 卢某某 的 行为 触犯 了 中华人民共和国 刑法 第三 百 四十七 条 第一款 第四款 之 规定 构成 贩卖毒品 罪 提请 依法 判处,0
NA,修水县 人民检察院 指控 2014 年 11月 16 日 22 日 被告人 卢某某 在   <e1>   修水县城   </e1>   先后 二次 卖 给 吸毒 人员 万某某   <e2>   甲基苯丙胺   </e2>   冰毒 2 小包 获款 400 元 针对 上述 指控 公诉 机关 提供 了 相关 的 证据 并 认为 被告人 卢某某 的 行为 触犯 了 中华人民共和国 刑法 第三 百 四十七 条 第一款 第四款 之 规定 构成 贩卖毒品 罪 提请 依法 判处,4
NA,修水县 人民检察院 指控 2014 年 11月 16 日 22 日 被告人 卢某某 在   <e1>   修水县城   </e1>   先后 二次 卖 给 吸毒 人员 万某某 甲基苯丙胺   <e2>   冰毒   </e2>   2 小包 获款 400 元 针对 上述 指控 公诉 机关 提供 了 相关 的 证据 并 认为 被告人 卢某某 的 行为 触犯 了 中华人民共和国 刑法 第三 百 四十七 条 第一款 第四款 之 规定 构成 贩卖毒品 罪 提请 依法 判处,4
posess,广州市 海珠区 人民检察院 指控 被告人 梁某某 于 2015年5月24日11时 许在 本市 海珠区 革新 路凤安街 90 号 二楼 屋内 被 公安人员 抓获 公安人员 现场 从   <e1>   梁某某   </e1>   随身携带 的 挂包 及 屋内 查获 属于 其 的 白色晶体 3 包经 鉴定 净重 3.92克 检出   <e2>   甲基苯丙胺   </e2>   成分 白色 块状 物 5 包经 鉴定 净重 8.75克 检出 海洛因 成分 白色晶体 1 瓶经 鉴定 净重 2.01克 检出 甲基苯丙胺 成分 及 吸毒 工具 冰壶 1 个,2
NA,广州市 海珠区 人民检察院 指控 被告人 梁某某 于 2015年5月24日11时 许在 本市 海珠区 革新 路凤安街 90 号 二楼 屋内 被 公安人员 抓获 公安人员 现场 从 梁某某 随身携带 的 挂包 及 屋内 查获 属于 其 的 白色晶体 3 包经 鉴定 净重 3.92克 检出   <e1>   甲基苯丙胺   </e1>   成分 白色 块状 物 5 包经 鉴定 净重 8.75克 检出 海洛因 成分 白色晶体 1 瓶经 鉴定 净重   <e2>   2.01克   </e2>   检出 甲基苯丙胺 成分 及 吸毒 工具 冰壶 1 个,4
NA,广州市 海珠区 人民检察院 指控 被告人 梁某某 于 2015年5月24日11时 许在 本市 海珠区 革新 路凤安街 90 号 二楼 屋内 被 公安人员 抓获 公安人员 现场 从 梁某某 随身携带 的 挂包 及 屋内 查获 属于 其 的 白色晶体 3 包经 鉴定 净重   <e1>   3.92克   </e1>   检出 甲基苯丙胺 成分 白色 块状 物 5 包经 鉴定 净重   <e2>   8.75克   </e2>   检出 海洛因 成分 白色晶体 1 瓶经 鉴定 净重 2.01克 检出 甲基苯丙胺 成分 及 吸毒 工具 冰壶 1 个,4
sell_drugs_to,施甸县 人民检察院 指控 被告人   <e1>   苏为新   </e1>   于 2014年3月10日 左右 的 一天 在 其 承租 的 施甸县 甸阳镇 勐底 路 曹某某 家 出租房 二楼 202 房间 以 200 元 人民币 的 价格 贩卖 给 吸毒 人员   <e2>   蒋某某   </e2>   8 粒 毒品 甲基苯丙胺 约 0.728 克 同年同月 20 日 左右 的 一天 被告人 苏为新 在 相同 的 地点 又 以 200 元 人民币 的 价格 贩卖 给 蒋某某 8 粒 毒品 甲基苯丙胺 约 0.728 克 同年 4 月 10 日 左右 的 一天 被告人 苏为新 在 相同 的 地点 以 同样 的 价格 贩卖 给 蒋某某 8 粒 毒品 甲基苯丙胺 约 0.728 克 4 月 23 日 傍晚 被告人 苏为新 在 摩苍路大阳摩托车店 旁以 200 元 人民币 的 价格 贩卖 给 吸毒 人员 李某某 10 粒 毒品 甲基苯丙胺 约 0.91克 被告人 苏为新 以 非法 牟利 为 目的 明知 是 毒品 而 多次 贩卖 情节严重 其 行为 已 构成 贩卖毒品 罪 鉴于 被告人 苏为新 能 坦白 认罪 可 从轻 处罚 建议 判处 其 三年 以上 四年 以下 有期徒刑 并 处罚金,1
traffic_in,施甸县 人民检察院 指控 被告人   <e1>   苏为新   </e1>   于 2014年3月10日 左右 的 一天 在 其 承租 的 施甸县 甸阳镇 勐底 路 曹某某 家 出租房 二楼 202 房间 以 200 元 人民币 的 价格 贩卖 给 吸毒 人员 蒋某某 8 粒 毒品   <e2>   甲基苯丙胺   </e2>   约 0.728 克 同年同月 20 日 左右 的 一天 被告人 苏为新 在 相同 的 地点 又 以 200 元 人民币 的 价格 贩卖 给 蒋某某 8 粒 毒品 甲基苯丙胺 约 0.728 克 同年 4 月 10 日 左右 的 一天 被告人 苏为新 在 相同 的 地点 以 同样 的 价格 贩卖 给 蒋某某 8 粒 毒品 甲基苯丙胺 约 0.728 克 4 月 23 日 傍晚 被告人 苏为新 在 摩苍路大阳摩托车店 旁以 200 元 人民币 的 价格 贩卖 给 吸毒 人员 李某某 10 粒 毒品 甲基苯丙胺 约 0.91克 被告人 苏为新 以 非法 牟利 为 目的 明知 是 毒品 而 多次 贩卖 情节严重 其 行为 已 构成 贩卖毒品 罪 鉴于 被告人 苏为新 能 坦白 认罪 可 从轻 处罚 建议 判处 其 三年 以上 四年 以下 有期徒刑 并 处罚金,0
sell_drugs_to,施甸县 人民检察院 指控 被告人 苏为新 于 2014年3月10日 左右 的 一天 在 其 承租 的 施甸县 甸阳镇 勐底 路 曹某某 家 出租房 二楼 202 房间 以 200 元 人民币 的 价格 贩卖 给 吸毒 人员 蒋某某 8 粒 毒品 甲基苯丙胺 约 0.728 克 同年同月 20 日 左右 的 一天 被告人   <e1>   苏为新   </e1>   在 相同 的 地点 又 以 200 元 人民币 的 价格 贩卖 给   <e2>   蒋某某   </e2>   8 粒 毒品 甲基苯丙胺 约 0.728 克 同年 4 月 10 日 左右 的 一天 被告人 苏为新 在 相同 的 地点 以 同样 的 价格 贩卖 给 蒋某某 8 粒 毒品 甲基苯丙胺 约 0.728 克 4 月 23 日 傍晚 被告人 苏为新 在 摩苍路大阳摩托车店 旁以 200 元 人民币 的 价格 贩卖 给 吸毒 人员 李某某 10 粒 毒品 甲基苯丙胺 约 0.91克 被告人 苏为新 以 非法 牟利 为 目的 明知 是 毒品 而 多次 贩卖 情节严重 其 行为 已 构成 贩卖毒品 罪 鉴于 被告人 苏为新 能 坦白 认罪 可 从轻 处罚 建议 判处 其 三年 以上 四年 以下 有期徒刑 并 处罚金,1
traffic_in,施甸县 人民检察院 指控 被告人 苏为新 于 2014年3月10日 左右 的 一天 在 其 承租 的 施甸县 甸阳镇 勐底 路 曹某某 家 出租房 二楼 202 房间 以 200 元 人民币 的 价格 贩卖 给 吸毒 人员 蒋某某 8 粒 毒品 甲基苯丙胺 约 0.728 克 同年同月 20 日 左右 的 一天 被告人   <e1>   苏为新   </e1>   在 相同 的 地点 又 以 200 元 人民币 的 价格 贩卖 给 蒋某某 8 粒 毒品   <e2>   甲基苯丙胺   </e2>   约 0.728 克 同年 4 月 10 日 左右 的 一天 被告人 苏为新 在 相同 的 地点 以 同样 的 价格 贩卖 给 蒋某某 8 粒 毒品 甲基苯丙胺 约 0.728 克 4 月 23 日 傍晚 被告人 苏为新 在 摩苍路大阳摩托车店 旁以 200 元 人民币 的 价格 贩卖 给 吸毒 人员 李某某 10 粒 毒品 甲基苯丙胺 约 0.91克 被告人 苏为新 以 非法 牟利 为 目的 明知 是 毒品 而 多次 贩卖 情节严重 其 行为 已 构成 贩卖毒品 罪 鉴于 被告人 苏为新 能 坦白 认罪 可 从轻 处罚 建议 判处 其 三年 以上 四年 以下 有期徒刑 并 处罚金,0
sell_drugs_to,施甸县 人民检察院 指控 被告人 苏为新 于 2014年3月10日 左右 的 一天 在 其 承租 的 施甸县 甸阳镇 勐底 路 曹某某 家 出租房 二楼 202 房间 以 200 元 人民币 的 价格 贩卖 给 吸毒 人员 蒋某某 8 粒 毒品 甲基苯丙胺 约 0.728 克 同年同月 20 日 左右 的 一天 被告人 苏为新 在 相同 的 地点 又 以 200 元 人民币 的 价格 贩卖 给 蒋某某 8 粒 毒品 甲基苯丙胺 约 0.728 克 同年 4 月 10 日 左右 的 一天 被告人   <e1>   苏为新   </e1>   在 相同 的 地点 以 同样 的 价格 贩卖 给   <e2>   蒋某某   </e2>   8 粒 毒品 甲基苯丙胺 约 0.728 克 4 月 23 日 傍晚 被告人 苏为新 在 摩苍路大阳摩托车店 旁以 200 元 人民币 的 价格 贩卖 给 吸毒 人员 李某某 10 粒 毒品 甲基苯丙胺 约 0.91克 被告人 苏为新 以 非法 牟利 为 目的 明知 是 毒品 而 多次 贩卖 情节严重 其 行为 已 构成 贩卖毒品 罪 鉴于 被告人 苏为新 能 坦白 认罪 可 从轻 处罚 建议 判处 其 三年 以上 四年 以下 有期徒刑 并 处罚金,1
traffic_in,施甸县 人民检察院 指控 被告人 苏为新 于 2014年3月10日 左右 的 一天 在 其 承租 的 施甸县 甸阳镇 勐底 路 曹某某 家 出租房 二楼 202 房间 以 200 元 人民币 的 价格 贩卖 给 吸毒 人员 蒋某某 8 粒 毒品 甲基苯丙胺 约 0.728 克 同年同月 20 日 左右 的 一天 被告人 苏为新 在 相同 的 地点 又 以 200 元 人民币 的 价格 贩卖 给 蒋某某 8 粒 毒品 甲基苯丙胺 约 0.728 克 同年 4 月 10 日 左右 的 一天 被告人   <e1>   苏为新   </e1>   在 相同 的 地点 以 同样 的 价格 贩卖 给 蒋某某 8 粒 毒品   <e2>   甲基苯丙胺   </e2>   约 0.728 克 4 月 23 日 傍晚 被告人 苏为新 在 摩苍路大阳摩托车店 旁以 200 元 人民币 的 价格 贩卖 给 吸毒 人员 李某某 10 粒 毒品 甲基苯丙胺 约 0.91克 被告人 苏为新 以 非法 牟利 为 目的 明知 是 毒品 而 多次 贩卖 情节严重 其 行为 已 构成 贩卖毒品 罪 鉴于 被告人 苏为新 能 坦白 认罪 可 从轻 处罚 建议 判处 其 三年 以上 四年 以下 有期徒刑 并 处罚金,0
sell_drugs_to,施甸县 人民检察院 指控 被告人 苏为新 于 2014年3月10日 左右 的 一天 在 其 承租 的 施甸县 甸阳镇 勐底 路 曹某某 家 出租房 二楼 202 房间 以 200 元 人民币 的 价格 贩卖 给 吸毒 人员 蒋某某 8 粒 毒品 甲基苯丙胺 约 0.728 克 同年同月 20 日 左右 的 一天 被告人 苏为新 在 相同 的 地点 又 以 200 元 人民币 的 价格 贩卖 给 蒋某某 8 粒 毒品 甲基苯丙胺 约 0.728 克 同年 4 月 10 日 左右 的 一天 被告人 苏为新 在 相同 的 地点 以 同样 的 价格 贩卖 给 蒋某某 8 粒 毒品 甲基苯丙胺 约 0.728 克 4 月 23 日 傍晚 被告人   <e1>   苏为新   </e1>   在 摩苍路大阳摩托车店 旁以 200 元 人民币 的 价格 贩卖 给 吸毒 人员   <e2>   李某某   </e2>   10 粒 毒品 甲基苯丙胺 约 0.91克 被告人 苏为新 以 非法 牟利 为 目的 明知 是 毒品 而 多次 贩卖 情节严重 其 行为 已 构成 贩卖毒品 罪 鉴于 被告人 苏为新 能 坦白 认罪 可 从轻 处罚 建议 判处 其 三年 以上 四年 以下 有期徒刑 并 处罚金,1
traffic_in,施甸县 人民检察院 指控 被告人 苏为新 于 2014年3月10日 左右 的 一天 在 其 承租 的 施甸县 甸阳镇 勐底 路 曹某某 家 出租房 二楼 202 房间 以 200 元 人民币 的 价格 贩卖 给 吸毒 人员 蒋某某 8 粒 毒品 甲基苯丙胺 约 0.728 克 同年同月 20 日 左右 的 一天 被告人 苏为新 在 相同 的 地点 又 以 200 元 人民币 的 价格 贩卖 给 蒋某某 8 粒 毒品 甲基苯丙胺 约 0.728 克 同年 4 月 10 日 左右 的 一天 被告人 苏为新 在 相同 的 地点 以 同样 的 价格 贩卖 给 蒋某某 8 粒 毒品 甲基苯丙胺 约 0.728 克 4 月 23 日 傍晚 被告人   <e1>   苏为新   </e1>   在 摩苍路大阳摩托车店 旁以 200 元 人民币 的 价格 贩卖 给 吸毒 人员 李某某 10 粒 毒品   <e2>   甲基苯丙胺   </e2>   约 0.91克 被告人 苏为新 以 非法 牟利 为 目的 明知 是 毒品 而 多次 贩卖 情节严重 其 行为 已 构成 贩卖毒品 罪 鉴于 被告人 苏为新 能 坦白 认罪 可 从轻 处罚 建议 判处 其 三年 以上 四年 以下 有期徒刑 并 处罚金,0
NA,施甸县 人民检察院 指控 被告人 苏为新 于 2014年3月10日 左右 的 一天 在 其 承租 的 施甸县 甸阳镇 勐底 路 曹某某 家 出租房 二楼 202 房间 以 200 元 人民币 的 价格 贩卖 给 吸毒 人员 蒋某某 8 粒 毒品 甲基苯丙胺 约 0.728 克 同年同月 20 日 左右 的 一天 被告人 苏为新 在 相同 的 地点 又 以 200 元 人民币 的 价格 贩卖 给 蒋某某 8 粒 毒品 甲基苯丙胺 约 0.728 克 同年 4 月 10 日 左右 的 一天 被告人 苏为新 在 相同 的 地点 以 同样 的 价格 贩卖 给 蒋某某 8 粒 毒品 甲基苯丙胺 约 0.728 克 4 月 23 日 傍晚 被告人 苏为新 在   <e1>   摩苍路大阳摩托车店   </e1>   旁以 200 元 人民币 的 价格 贩卖 给 吸毒 人员 李某某 1   <e2>   甲基苯丙胺   </e2>   基 苯丙胺 约 0.91克 被告人 苏为新 以 非法 牟利 为 目的 明知 是 毒品 而 多次 贩卖 情节严重 其 行为 已 构成 贩卖毒品 罪 鉴于 被告人 苏为新 能 坦白 认罪 可 从轻 处罚 建议 判处 其 三年 以上 四年 以下 有期徒刑 并 处罚金,4
NA,施甸县 人民检察院 指控 被告人 苏为新 于   <e1>   2014年3月10日   </e1>   左右 的 一天 在 其 承租 的 施甸县 甸阳镇 勐底 路 曹某某 家 出租房 二楼 202 房间 以 200 元 人民币 的 价格 贩卖 给 吸毒 人员 蒋某某 8 粒 毒品 甲基苯丙胺 约 0.728 克 同年同月 20 日 左右 的 一天 被告人 苏为新 在 相同 的 地点 又 以 200 元 人民币 的 价格 贩卖 给 蒋某某 8 粒 毒品 甲基苯丙胺 约 0.728 克 同年 4 月 10 日 左右 的 一天 被告人 苏为新 在 相同 的 地点 以 同样 的 价格 贩卖 给 蒋某某 8 粒 毒品 甲基苯丙胺 约 0.728 克 4 月 23 日 傍晚 被告人 苏为新 在 摩苍路大阳摩托车店 旁以 200 元 人民币 的 价格 贩卖 给 吸毒 人员 李某某 10 粒 毒品 甲基苯丙胺 约 0.91克 被告人 苏为新 以 非法 牟利 为 目的 明知 是 毒品 而 多次 贩卖 情节严重 其 行为 已 构成 贩卖毒品 罪鉴   <e2>   苏为新   </e2>   人 苏为新 能 坦白 认罪 可 从轻 处罚 建议 判处 其 三年 以上 四年 以下 有期徒刑 并 处罚金,4
sell_drugs_to,上海市 长宁区 人民检察院 指控 2015 年 11月 2 4日 15 时许 被告人   <e1>   XXXXXXXXXX   </e1>   与 购毒 人   <e2>   XX   </e2>   另行 处理 通过 手机 联系 商 定购 毒 当日下午17时 许 根据 事先 约定 被告人 至 本市 长宁区 凯旋路 XXX 号 莫泰 168 酒店 门口 以 人民币 500 元 的 价格 将 1 包 绿色 植株 贩卖 给 XX 交易 时 被 民警 当场 抓获 民警 从 被告人 身上 查获 毒资 人民币 500 元 从 XX 身上 绿色 植株 1 包经 检验 上述 绿色 植株 净重 14.27 克 检出 大麻 成分 公诉 机关 认为 被告人 XXXXXXXXXX 到案 后能 如实 供述 自己 的 犯罪行为 建议 判处 被告人 拘役 四个 月 以下 并 处罚金 之 刑罚,1
sell_drugs_to,上海市 长宁区 人民检察院 指控 2015 年 11月 2 4日 15 时许 被告人   <e1>   XXXXXXXXXX   </e1>   与 购毒 人 XX 另行 处理 通过 手机 联系 商 定购 毒 当日下午17时 许 根据 事先 约定 被告人 至 本市 长宁区 凯旋路 XXX 号 莫泰 168 酒店 门口 以 人民币 500 元 的 价格 将 1 包 绿色 植株 贩卖 给   <e2>   XX   </e2>   交易 时 被 民警 当场 抓获 民警 从 被告人 身上 查获 毒资 人民币 500 元 从 XX 身上 绿色 植株 1 包经 检验 上述 绿色 植株 净重 14.27 克 检出 大麻 成分 公诉 机关 认为 被告人 XXXXXXXXXX 到案 后能 如实 供述 自己 的 犯罪行为 建议 判处 被告人 拘役 四个 月 以下 并 处罚金 之 刑罚,1
traffic_in,上海市 长宁区 人民检察院 指控 2015 年 11月 2 4日 15 时许 被告人   <e1>   XXXXXXXXXX   </e1>   与 购毒 人 XX 另行 处理 通过 手机 联系 商 定购 毒 当日下午17时 许 根据 事先 约定 被告人 至 本市 长宁区 凯旋路 XXX 号 莫泰 168 酒店 门口 以 人民币 500 元 的 价格 将 1 包 绿色 植株 贩卖 给 XX 交易 时 被 民警 当场 抓获 民警 从 被告人 身上 查获 毒资 人民币 500 元 从 XX 身上 绿色 植株 1 包经 检验 上述 绿色 植株 净重 14.27 克 检出   <e2>   大麻   </e2>   成分 公诉 机关 认为 被告人 XXXXXXXXXX 到案 后能 如实 供述 自己 的 犯罪行为 建议 判处 被告人 拘役 四个 月 以下 并 处罚金 之 刑罚,0
NA,上海市 长宁区 人民检察院 指控 2015 年 11月 2 4日 15 时许 被告人 XXXXXXXXXX 与 购毒 人 XX 另行 处理 通过 手机 联系 商 定购 毒   <e1>   当日下午17时   </e1>   许 根据 事先 约定 被告人 至 本市 长宁区 凯旋路 XXX 号 莫泰 168 酒店 门口 以 人民币 500 元 的 价格 将 1 包 绿色 植   <e2>   XX   </e2>   卖 给 XX 交易 时 被 民警 当场 抓获 民警 从 被告人 身上 查获 毒资 人民币 500 元 从 XX 身上 绿色 植株 1 包经 检验 上述 绿色 植株 净重 14.27 克 检出 大麻 成分 公诉 机关 认为 被告人 XXXXXXXXXX 到案 后能 如实 供述 自己 的 犯罪行为 建议 判处 被告人 拘役 四个 月 以下 并 处罚金 之 刑罚,4
NA,上海市 长宁区 人民检察院 指控 2015 年 11月 2 4日 15 时许 被告人   <e1>   XXXXXXXXXX   </e1>   与 购毒 人 XX 另行 处理 通过 手机 联系 商 定购 毒 当日下午17时 许 根据 事先 约定 被告人 至 本市 长宁区 凯旋路 XXX 号 莫泰 168 酒店 门口 以 人民币 500 元 的 价格 将 1 包 绿色 植株 贩卖 给 XX 交易 时 被 民警 当场 抓获 民警 从 被告人 身上 查获 毒资 人民币 500 元 从 XX 身上 绿色 植株 1 包经 检验 上述 绿色 植株 净重 14.27 克 检出   <e2>   大麻   </e2>   成分 公诉 机关 认为 被告人 XXXXXXXXXX 到案 后能 如实 供述 自己 的 犯罪行为 建议 判处 被告人 拘役 四个 月 以下 并 处罚金 之 刑罚,4
provide_shelter_for,经 审理 查明 2014年3月25日 被告人   <e1>   黎某   </e1>   登记 入住 平南县 大安镇 名诚 宾馆 8502 房后 在 该 房间 容留   <e2>   黎X甲   </e2>   黎X乙 黎X丙 蒙XX 1999年9月 出生 吸食毒品 冰毒,3
provide_shelter_for,经 审理 查明 2014年3月25日 被告人   <e1>   黎某   </e1>   登记 入住 平南县 大安镇 名诚 宾馆 8502 房后 在 该 房间 容留 黎X甲   <e2>   黎X乙   </e2>   黎X丙 蒙XX 1999年9月 出生 吸食毒品 冰毒,3
provide_shelter_for,经 审理 查明 2014年3月25日 被告人   <e1>   黎某   </e1>   登记 入住 平南县 大安镇 名诚 宾馆 8502 房后 在 该 房间 容留 黎X甲 黎X乙   <e2>   黎X丙   </e2>   蒙XX 1999年9月 出生 吸食毒品 冰毒,3
provide_shelter_for,经 审理 查明 2014年3月25日 被告人   <e1>   黎某   </e1>   登记 入住 平南县 大安镇 名诚 宾馆 8502 房后 在 该 房间 容留 黎X甲 黎X乙 黎X丙   <e2>   蒙XX   </e2>   1999年9月 出生 吸食毒品 冰毒,3
NA,经 审理 查明 2014年3月25日 被告人 黎某 登记 入住 平南县 大安镇 名诚 宾馆 8502 房后 在 该 房间 容留 黎X甲 黎X乙 黎X丙 蒙XX   <e1>   1999年9月   </e1>   出生 吸食毒品   <e2>   冰毒   </e2>  ,4
NA,经 审理 查明   <e1>   2014年3月25日   </e1>   被告人 黎某 登记 入住 平南县 大安镇 名诚 宾馆 8502 房后 在 该 房间 容留 黎X甲   <e2>   黎X丙   </e2>   黎X丙 蒙XX 1999年9月 出生 吸食毒品 冰毒,4
provide_shelter_for,霍邱县 人民检察院 指控 余某甲 与 曹某 1998年1月8日 出生 系 朋友 关系 2015 年 7 月 9 日 凌晨 1 时许 余某甲 与 曹某 从 冯甲 家中 到 余某甲 驾驶 的 车内   <e1>   余某甲   </e1>   容留   <e2>   曹某   </e2>   在 车内 吸食 甲基安非他命 冰毒 公诉 机关 针对 其 指控 的 事实 当庭 举示 了 辨认 笔录 检测 记录 书证 证人 证言 被告人 供述 等 证据 证实 认为 被告人 余某甲 的 行为 触犯 了 中华人民共和国 刑法 第 三百五十 四条 的 规定 构成 容留 他人 吸毒 罪 提请 本院 依法 判处,3
NA,霍邱县 人民检察院 指控 余某甲 与   <e1>   曹某   </e1>   1998年1月8日 出生 系 朋友 关系 2015 年 7 月 9 日 凌晨 1 时许 余某甲 与 曹某 从 冯甲 家中 到 余某甲 驾驶   <e2>   余某甲   </e2>   余某甲 容留 曹某 在 车内 吸食 甲基安非他命 冰毒 公诉 机关 针对 其 指控 的 事实 当庭 举示 了 辨认 笔录 检测 记录 书证 证人 证言 被告人 供述 等 证据 证实 认为 被告人 余某甲 的 行为 触犯 了 中华人民共和国 刑法 第 三百五十 四条 的 规定 构成 容留 他人 吸毒 罪 提请 本院 依法 判处,4
NA,霍邱县 人民检察院 指控 余某甲 与 曹某   <e1>   1998年1月8日   </e1>   出生 系 朋友 关系 2015 年 7 月 9 日 凌晨 1 时许 余某甲 与 曹某 从 冯甲 家中 到 余某甲 驾驶 的 车内 余某甲 容留 曹某 在   <e2>   甲基安非他命   </e2>   安非他命 冰毒 公诉 机关 针对 其 指控 的 事实 当庭 举示 了 辨认 笔录 检测 记录 书证 证人 证言 被告人 供述 等 证据 证实 认为 被告人 余某甲 的 行为 触犯 了 中华人民共和国 刑法 第 三百五十 四条 的 规定 构成 容留 他人 吸毒 罪 提请 本院 依法 判处,4
sell_drugs_to,公诉 机关 指控 2016 年 3 月 20 日 11 时 21 分许 被告人   <e1>   徐某某   </e1>   和   <e2>   李某某   </e2>   通过 电话 联系 交易 毒品 后 到 六盘水市 钟山区 老 供电局 路口 边以 人民币 200 元 的 价格 将 净重 0.05 克 的 海洛因 零包 一包 贩卖 给 李某某 交易 结束 即 被 公安民警 抓获 当场 收缴 海洛因 零包 一包 及 作案 联系 用 的 通讯 工具 自然 派 手机 一部 认为 被告人 徐某某 具有 如下 量刑 情节 归案 后 如实 供述 其 罪行 认定 的 证据 有 证人 证言 抓获 经过 户籍 证明 扣押 笔录 及 扣押 决定书 称量 笔录 毒品 收据 及 鉴定 文书 现场 辨认 笔录 及 刑事 照片 辨认 笔录 搜查 笔录 提取 笔录 被告人 徐某某 的 供述 等 建议 以 贩卖毒品 罪 对 被告人 徐某某 在 有期徒刑 六个月 至 一年 零六个 月 之间 处刑 及 并 处罚金,1
traffic_in,公诉 机关 指控 2016 年 3 月 20 日 11 时 21 分许 被告人   <e1>   徐某某   </e1>   和 李某某 通过 电话 联系 交易 毒品 后 到 六盘水市 钟山区 老 供电局 路口 边以 人民币 200 元 的 价格 将 净重 0.05 克 的   <e2>   海洛因   </e2>   零包 一包 贩卖 给 李某某 交易 结束 即 被 公安民警 抓获 当场 收缴 海洛因 零包 一包 及 作案 联系 用 的 通讯 工具 自然 派 手机 一部 认为 被告人 徐某某 具有 如下 量刑 情节 归案 后 如实 供述 其 罪行 认定 的 证据 有 证人 证言 抓获 经过 户籍 证明 扣押 笔录 及 扣押 决定书 称量 笔录 毒品 收据 及 鉴定 文书 现场 辨认 笔录 及 刑事 照片 辨认 笔录 搜查 笔录 提取 笔录 被告人 徐某某 的 供述 等 建议 以 贩卖毒品 罪 对 被告人 徐某某 在 有期徒刑 六个月 至 一年 零六个 月 之间 处刑 及 并 处罚金,0
NA,公诉 机关 指控 2016 年 3 月 20 日 11 时 21 分许 被告人 徐某某 和 李某某 通过 电话 联系 交易 毒品 后 到 六盘水市 钟山区 老 供电局 路口 边以 人民币 200 元 的 价格 将 净重 0.05 克 的 海洛因 零包 一包 贩卖 给 李某某 交易 结束 即 被 公安民警 抓获 当场 收缴 海洛因 零包 一包 及 作案 联系 用 的 通讯 工具 自然 派 手机 一部 认为 被告人   <e1>   徐某某   </e1>   具有 如下 量刑 情节 归案 后 如实 供述 其 罪行 认定 的 证据 有 证人 证言 抓获 经过 户籍 证明 扣押 笔录 及 扣押 决定书 称量 笔录 毒品 收据 及 鉴定 文书 现场 辨认 笔录 及 刑事 照片 辨认 笔录 搜查 笔录 提取 笔录 被告人 徐某某 的 供述 等 建议 以 贩卖毒品 罪   <e2>   徐某某   </e2>   人 徐某某 在 有期徒刑 六个月 至 一年 零六个 月 之间 处刑 及 并 处罚金,4
NA,公诉 机关 指控 2016 年 3 月 20 日 11 时 21 分许 被告人 徐某某 和   <e1>   李某某   </e1>   通过 电话 联系 交易 毒品 后 到 六盘水市 钟山区 老 供电局 路口 边以 人民币 200 元 的 价格 将 净重 0.05 克 的 海洛因 零包 一   <e2>   李某某   </e2>   给 李某某 交易 结束 即 被 公安民警 抓获 当场 收缴 海洛因 零包 一包 及 作案 联系 用 的 通讯 工具 自然 派 手机 一部 认为 被告人 徐某某 具有 如下 量刑 情节 归案 后 如实 供述 其 罪行 认定 的 证据 有 证人 证言 抓获 经过 户籍 证明 扣押 笔录 及 扣押 决定书 称量 笔录 毒品 收据 及 鉴定 文书 现场 辨认 笔录 及 刑事 照片 辨认 笔录 搜查 笔录 提取 笔录 被告人 徐某某 的 供述 等 建议 以 贩卖毒品 罪 对 被告人 徐某某 在 有期徒刑 六个月 至 一年 零六个 月 之间 处刑 及 并 处罚金,4
traffic_in,经 审理 查明 2013年5月7日21时 许买毒 人员 文某财 外号 小文 电话 联系 被告人 黄某 求购 毒品 双方 约定 在 深圳市 龙华 新区 民治 街道 XX 酒店 门口 见面 交易 当晚 23 时许   <e1>   黄某   </e1>   在 XX 酒店 大门口 的 过道 处 将 一小包   <e2>   冰毒   </e2>   以 260 元 人民币 的 价格 卖 给 文某财 在 准备 离开 时 被 民警 当场 抓获 从 黄某 身上 缴获 毒资 260 元 人民币 从 文某财 处 缴获 疑似 毒品 的 固态 晶状 物品 一小包 重0.95克 从中 检出 甲基苯丙胺,0
sell_drugs_to,经 审理 查明 2013年5月7日21时 许买毒 人员 文某财 外号 小文 电话 联系 被告人 黄某 求购 毒品 双方 约定 在 深圳市 龙华 新区 民治 街道 XX 酒店 门口 见面 交易 当晚 23 时许   <e1>   黄某   </e1>   在 XX 酒店 大门口 的 过道 处 将 一小包 冰毒 以 260 元 人民币 的 价格 卖 给   <e2>   文某财   </e2>   在 准备 离开 时 被 民警 当场 抓获 从 黄某 身上 缴获 毒资 260 元 人民币 从 文某财 处 缴获 疑似 毒品 的 固态 晶状 物品 一小包 重0.95克 从中 检出 甲基苯丙胺,1
NA,经 审理 查明 2013年5月7日21时 许买毒 人员 文某财 外号 小文 电话 联系 被告人   <e1>   黄某   </e1>   求购 毒品 双方 约定 在 深圳市 龙华 新区 民治 街道 XX 酒店 门口 见面 交易 当晚 23 时许 黄某 在 XX 酒店 大门口 的 过道 处 将 一小包 冰毒 以 260 元 人民币 的 价格 卖 给 文某财 在 准备 离开 时 被 民警 当场 抓获 从 黄某 身上 缴获 毒资 260 元 人民币 从   <e2>   文某财   </e2>   处 缴获 疑似 毒品 的 固态 晶状 物品 一小包 重0.95克 从中 检出 甲基苯丙胺,4
NA,经 审理 查明 2013年5月7日21时 许买毒 人员 文某财 外号 小文 电话 联系 被告人 黄某 求购 毒品 双方 约定 在 深圳市 龙华 新区 民治 街道 XX 酒店 门口 见面 交易 当晚 23 时许   <e1>   黄某   </e1>   在 XX 酒店 大门口 的 过道 处 将 一小包 冰毒 以 260 元 人民币 的   <e2>   文某财   </e2>   给 文某财 在 准备 离开 时 被 民警 当场 抓获 从 黄某 身上 缴获 毒资 260 元 人民币 从 文某财 处 缴获 疑似 毒品 的 固态 晶状 物品 一小包 重0.95克 从中 检出 甲基苯丙胺,4
sell_drugs_to,广西壮族自治区 鹿寨县 人民检察院 指控 2014年3月10日 22 时许 被告人   <e1>   文某   </e1>   通过 小钟 另案处理 得到 毒品 后 在 鹿寨县 鹿寨 镇 广场 路 附近 老 消防队 对面 的 一个 院子 门口 贩卖毒品 冰毒 给   <e2>   陈某   </e2>   另案处理 时 被 公安民警 当场 抓获 并 缴获 毒品 冰毒 1 小袋 及 贩卖毒品 所得 毒资 200 元 人民币 经 当面 称量 该 毒品 冰毒 毛重 0.53 克 净重 0.40 克经 柳州市 公安局 鉴定 被告人 文某 贩卖 给 陈某 的 毒品 检出 甲基 笨 丙胺 成份,1
traffic_in,广西壮族自治区 鹿寨县 人民检察院 指控 2014年3月10日 22 时许 被告人   <e1>   文某   </e1>   通过 小钟 另案处理 得到 毒品 后 在 鹿寨县 鹿寨 镇 广场 路 附近 老 消防队 对面 的 一个 院子 门口 贩卖毒品   <e2>   冰毒   </e2>   给 陈某 另案处理 时 被 公安民警 当场 抓获 并 缴获 毒品 冰毒 1 小袋 及 贩卖毒品 所得 毒资 200 元 人民币 经 当面 称量 该 毒品 冰毒 毛重 0.53 克 净重 0.40 克经 柳州市 公安局 鉴定 被告人 文某 贩卖 给 陈某 的 毒品 检出 甲基 笨 丙胺 成份,0
NA,广西壮族自治区 鹿寨县 人民检察院 指控 2014年3月10日 22 时许 被告人   <e1>   文某   </e1>   通过 小钟 另案处理 得到 毒品 后 在 鹿寨县 鹿寨 镇 广场 路 附近 老 消防队 对面 的 一个 院子 门口 贩卖毒品 冰毒 给 陈某 另案处理 时 被 公安民警 当场 抓获 并 缴   <e2>   冰毒   </e2>   品 冰毒 1 小袋 及 贩卖毒品 所得 毒资 200 元 人民币 经 当面 称量 该 毒品 冰毒 毛重 0.53 克 净重 0.40 克经 柳州市 公安局 鉴定 被告人 文某 贩卖 给 陈某 的 毒品 检出 甲基 笨 丙胺 成份,4
NA,广西壮族自治区 鹿寨县 人民检察院 指控 2014年3月10日 22 时许 被告人 文某 通过 小钟 另案处理 得到 毒品 后 在 鹿寨县 鹿寨 镇 广场 路 附近 老 消防队 对面 的 一个 院子 门口 贩卖毒品 冰毒 给 陈某 另案处理 时 被 公安民警 当场 抓获 并 缴获 毒品 冰毒 1 小袋 及 贩卖毒品 所得 毒资 200 元 人民币 经 当面 称量 该 毒品   <e1>   冰毒   </e1>   毛重 0.53 克 净重 0.40 克经 柳州市 公安局 鉴定 被告人   <e2>   文某   </e2>   贩卖 给 陈某 的 毒品 检出 甲基 笨 丙胺 成份,4
provide_shelter_for,公诉 机关 指控 被告人   <e1>   贾某   </e1>   于 2014 年 9 月 中旬 某日 13 时许 2015年1月4日13时许 在 沈阳市 铁西区 国工二街 10 号 263 室 其 居住 的 房屋内 先后 容留   <e2>   伊某   </e2>   吸食 甲基苯丙胺 冰毒 二次,3
NA,公诉 机关 指控 被告人 贾某 于 2014 年 9 月 中旬 某日 13 时许 2015年1月4日13时许 在   <e1>   沈阳市 铁西区 国工二街 10 号 263 室 其 居住 的 房屋内   </e1>   先后 容留   <e2>   伊某   </e2>   吸食 甲基苯丙胺 冰毒 二次,4
NA,公诉 机关 指控 被告人   <e1>   贾某   </e1>   于 2014 年 9 月 中旬 某日 1   <e2>   2015年1月4日13时许   </e2>   13 时许 在 沈阳市 铁西区 国工二街 10 号 263 室 其 居住 的 房屋内 先后 容留 伊某 吸食 甲基苯丙胺 冰毒 二次,4
provide_shelter_for,公诉 机关 指控 2016 年 7 月 上旬 至 8 月 1 日 期间 被告人   <e1>   郑某   </e1>   在 其 租住 的 位于 广州市 黄埔区 永和 街贤 江东 新街 二巷 自编 1 号 的 301 房内 1 次 容留   <e2>   刘某   </e2>   光头佬 均 另案处理 吸食毒品 甲基苯丙胺 2 次 容留 王某 钟某 均 另案处理 吸食毒品 甲基苯丙胺,3
provide_shelter_for,公诉 机关 指控 2016 年 7 月 上旬 至 8 月 1 日 期间 被告人   <e1>   郑某   </e1>   在 其 租住 的 位于 广州市 黄埔区 永和 街贤 江东 新街 二巷 自编 1 号 的 301 房内 1 次 容留 刘某   <e2>   光头佬   </e2>   均 另案处理 吸食毒品 甲基苯丙胺 2 次 容留 王某 钟某 均 另案处理 吸食毒品 甲基苯丙胺,3
provide_shelter_for,公诉 机关 指控 2016 年 7 月 上旬 至 8 月 1 日 期间 被告人   <e1>   郑某   </e1>   在 其 租住 的 位于 广州市 黄埔区 永和 街贤 江东 新街 二巷 自编 1 号 的 301 房内 1 次 容留 刘某 光头佬 均 另案处理 吸食毒品 甲基苯丙胺 2 次 容留   <e2>   王某   </e2>   钟某 均 另案处理 吸食毒品 甲基苯丙胺,3
provide_shelter_for,公诉 机关 指控 2016 年 7 月 上旬 至 8 月 1 日 期间 被告人   <e1>   郑某   </e1>   在 其 租住 的 位于 广州市 黄埔区 永和 街贤 江东 新街 二巷 自编 1 号 的 301 房内 1 次 容留 刘某 光头佬 均 另案处理 吸食毒品 甲基苯丙胺 2 次 容留 王某   <e2>   钟某   </e2>   均 另案处理 吸食毒品 甲基苯丙胺,3
NA,公诉 机关 指控 2016 年 7 月 上旬 至 8 月 1 日 期间 被告人   <e1>   郑某   </e1>   在 其 租住 的 位于 广州市 黄埔区 永和 街贤 江东 新街 二巷 自编 1 号 的 301 房内 1 次 容留 刘某 光头佬 均 另案处理 吸食毒品 甲基苯丙胺   <e2>   王某   </e2>   容留 王某 钟某 均 另案处理 吸食毒品 甲基苯丙胺,4
NA,公诉 机关 指控 2016 年 7 月 上旬 至 8 月 1 日 期间 被告人 郑某 在 其 租住 的 位于 广州市 黄埔区 永和 街贤 江东 新街 二巷 自编 1 号 的 301 房内 1 次 容留   <e1>   刘某   </e1>   光头佬 均 另案处理 吸食毒品 甲基苯丙胺   <e2>   王某   </e2>   容留 王某 钟某 均 另案处理 吸食毒品 甲基苯丙胺,4
sell_drugs_to,上海市 宝山区 人民检察院 指控 2015年5月6日12时 许 被告人   <e1>   陆某某   </e1>   在 上海市 杨浦区 政民路 国定 路 公交站 附近 收取 范某某 人民币 600 元毒 资后 赴 上海市 杨浦区 政民路 xx x 弄 xx x 号 x   <e2>   王某   </e2>   室 向 王某 以 人民币 600 元 的 价格 购得 三包 甲基苯丙胺 冰毒 共计 2.89 克当 其 返回 后 欲 将 其中 二包 甲基苯丙胺 贩卖 于 范某某 时 被 民警 当场 查获 被告人 陆某某 到案 后 如实 供述 了 上述 犯罪事实,1
traffic_in,上海市 宝山区 人民检察院 指控 2015年5月6日12时 许 被告人 陆某某 在 上海市 杨浦区 政民路 国定 路 公交站 附近 收取 范某某 人民币 600 元毒 资后 赴 上海市 杨浦区 政民路 xx x 弄 xx x 号 xx x 室 向   <e1>   王某   </e1>   以 人民币 600 元 的 价格 购得 三包   <e2>   甲基苯丙胺   </e2>   冰毒 共计 2.89 克当 其 返回 后 欲 将 其中 二包 甲基苯丙胺 贩卖 于 范某某 时 被 民警 当场 查获 被告人 陆某某 到案 后 如实 供述 了 上述 犯罪事实,0
traffic_in,上海市 宝山区 人民检察院 指控 2015年5月6日12时 许 被告人   <e1>   陆某某   </e1>   在 上海市 杨浦区 政民路 国定 路 公交站 附近 收取 范某某 人民币 600 元毒 资后 赴 上海市 杨浦区 政民路 xx x 弄 xx x 号 xx x 室 向 王某 以 人民币 600 元 的 价格 购得 三包 甲基苯丙胺 冰毒 共计 2.89 克当 其 返回 后 欲 将 其中 二包   <e2>   甲基苯丙胺   </e2>   贩卖 于 范某某 时 被 民警 当场 查获 被告人 陆某某 到案 后 如实 供述 了 上述 犯罪事实,0
sell_drugs_to,上海市 宝山区 人民检察院 指控 2015年5月6日12时 许 被告人   <e1>   陆某某   </e1>   在 上海市 杨浦区 政民路 国定 路 公交站 附近 收取 范某某 人民币 600 元毒 资后 赴 上海市 杨浦区 政民路 xx x 弄 xx x 号 xx x 室 向 王某 以 人民币 600 元 的 价格 购得 三包 甲基苯丙胺 冰毒 共计 2.89 克当 其 返回 后 欲 将 其中 二包 甲基苯丙胺 贩卖 于   <e2>   范某某   </e2>   时 被 民警 当场 查获 被告人 陆某某 到案 后 如实 供述 了 上述 犯罪事实,1
NA,上海市 宝山区 人民检察院 指控 2015年5月6日12时 许 被告人 陆某某 在 上海市 杨浦区 政民路 国定 路 公交站 附近 收取   <e1>   范某某   </e1>   人民币 600 元毒 资后 赴 上海市 杨浦区 政民路 xx x 弄 xx x 号 xx x 室 向 王某 以 人民币 600 元 的 价格 购得 三包 甲基苯丙胺 冰毒 共计 2.89 克当 其 返回 后 欲 将 其中 二包 甲基苯丙胺 贩卖 于 范某某 时 被 民警 当场 查获   <e2>   陆某某   </e2>   人 陆某某 到案 后 如实 供述 了 上述 犯罪事实,4
NA,上海市 宝山区 人民检察院 指控   <e1>   2015年5月6日12时   </e1>   许   <e2>   陆某某   </e2>   人 陆某某 在 上海市 杨浦区 政民路 国定 路 公交站 附近 收取 范某某 人民币 600 元毒 资后 赴 上海市 杨浦区 政民路 xx x 弄 xx x 号 xx x 室 向 王某 以 人民币 600 元 的 价格 购得 三包 甲基苯丙胺 冰毒 共计 2.89 克当 其 返回 后 欲 将 其中 二包 甲基苯丙胺 贩卖 于 范某某 时 被 民警 当场 查获 被告人 陆某某 到案 后 如实 供述 了 上述 犯罪事实,4
traffic_in,广西壮族自治区 容县 人民检察院 指控 2015 年 3 月 22 日 21 时许   <e1>   周华   </e1>   在 容县 容州镇 龙泉 街 8 号 附近 以 400 元 的 价格 将 5 克   <e2>   甲基苯丙胺   </e2>   冰毒 贩卖 给 吸毒 人员 吕某 同月 26日23时 许 公安机关 根据 群众 举报 在 周华 搭建 于 容县 县底 镇县 底 圩 附近 的 房屋内 将 周华 抓获 并 当场 查获 甲基苯丙胺 34 . 2克 氯胺酮 19.5 克经 对 周华 进行 毒品 现场 检测 周华 的 尿液 呈 苯丙胺 类 和 氯胺酮 阳性 对 起诉 指控 的 事实 公诉 机关 提供 了 相应 的 证据 予以 证实 公诉 机关 认为 被告人 周华 的 行为 已 构成 贩卖毒品 罪 提请 本院 依照 中华人民共和国 刑法 第三 百 四十七 条 的 规定 对 被告人 周华 定罪 处罚,0
sell_drugs_to,广西壮族自治区 容县 人民检察院 指控 2015 年 3 月 22 日 21 时许   <e1>   周华   </e1>   在 容县 容州镇 龙泉 街 8 号 附近 以 400 元 的 价格 将 5 克 甲基苯丙胺 冰毒 贩卖 给 吸毒 人员   <e2>   吕某   </e2>   同月 26日23时 许 公安机关 根据 群众 举报 在 周华 搭建 于 容县 县底 镇县 底 圩 附近 的 房屋内 将 周华 抓获 并 当场 查获 甲基苯丙胺 34 . 2克 氯胺酮 19.5 克经 对 周华 进行 毒品 现场 检测 周华 的 尿液 呈 苯丙胺 类 和 氯胺酮 阳性 对 起诉 指控 的 事实 公诉 机关 提供 了 相应 的 证据 予以 证实 公诉 机关 认为 被告人 周华 的 行为 已 构成 贩卖毒品 罪 提请 本院 依照 中华人民共和国 刑法 第三 百 四十七 条 的 规定 对 被告人 周华 定罪 处罚,1
NA,广西壮族自治区 容县 人民检察院 指控 2015 年 3 月 22 日 21 时许 周华 在 容县 容州镇 龙泉 街 8 号 附近 以 400 元 的 价格 将 5 克 甲基苯丙胺 冰毒 贩卖 给 吸毒 人员 吕某 同月 26日23时 许 公安机关 根据 群众 举报 在   <e1>   周华   </e1>   搭建 于 容县 县底 镇县 底 圩 附近 的 房屋内 将 周华 抓获 并 当场 查获 甲基苯丙胺 34 . 2克 氯胺酮 19.5 克经 对   <e2>   周华   </e2>   进行 毒品 现场 检测 周华 的 尿液 呈 苯丙胺 类 和 氯胺酮 阳性 对 起诉 指控 的 事实 公诉 机关 提供 了 相应 的 证据 予以 证实 公诉 机关 认为 被告人 周华 的 行为 已 构成 贩卖毒品 罪 提请 本院 依照 中华人民共和国 刑法 第三 百 四十七 条 的 规定 对 被告人 周华 定罪 处罚,4
NA,广西壮族自治区 容县 人民检察院 指控 2015 年 3 月 22 日 21 时许 周华 在 容县 容州镇 龙泉 街 8 号 附近 以 400 元 的 价格 将 5 克 甲基苯丙胺 冰毒 贩卖 给 吸毒 人员 吕某 同月   <e1>   26日23时   </e1>   许 公安机关 根据 群众 举报 在 周华 搭建 于 容县 县底 镇县 底 圩 附近 的 房屋内 将 周华 抓获 并 当场 查获 甲基苯丙胺 34 . 2克 氯胺酮 19.5 克经 对 周华 进行 毒品 现场 检测 周华 的 尿液 呈 苯丙胺 类 和   <e2>   氯胺酮   </e2>   阳性 对 起诉 指控 的 事实 公诉 机关 提供 了 相应 的 证据 予以 证实 公诉 机关 认为 被告人 周华 的 行为 已 构成 贩卖毒品 罪 提请 本院 依照 中华人民共和国 刑法 第三 百 四十七 条 的 规定 对 被告人 周华 定罪 处罚,4
traffic_in,北海市 海城区 人民检察院 起诉书 指控 2016 年 10 月 28 日 12 时许 被告人   <e1>   相某某   </e1>   经 电话 联系 后 窜 至 北海市海城区广东路二运汽车站对面的优觅宾馆附近 贩卖 1 小包 毒品   <e2>   K粉   </e2>   净重 0.88克 给 莫某 收取 毒资 100 元 交易 结束 后 即 被 抓获 公安民警 在 莫某 处 收缴 毒品 K粉 0.88克 在 被告人 相某某 处 收缴 毒资 100 元 以及 联系 贩毒 所用 手机 1 台经 检验 上述 毒品 中 检验 出 毒品 氯胺酮,0
sell_drugs_to,北海市 海城区 人民检察院 起诉书 指控 2016 年 10 月 28 日 12 时许 被告人   <e1>   相某某   </e1>   经 电话 联系 后 窜 至 北海市海城区广东路二运汽车站对面的优觅宾馆附近 贩卖 1 小包 毒品 K粉 净重 0.88克 给   <e2>   莫某   </e2>   收取 毒资 100 元 交易 结束 后 即 被 抓获 公安民警 在 莫某 处 收缴 毒品 K粉 0.88克 在 被告人 相某某 处 收缴 毒资 100 元 以及 联系 贩毒 所用 手机 1 台经 检验 上述 毒品 中 检验 出 毒品 氯胺酮,1
NA,北海市 海城区 人民检察院 起诉书 指控 2016 年 10 月 28 日 12 时许 被告人 相某某 经 电话 联系 后 窜 至   <e1>   北海市海城区广东路二运汽车站对面的优觅宾馆附近   </e1>   贩卖 1 小包 毒品 K粉 净重 0.8   <e2>   莫某   </e2>   给 莫某 收取 毒资 100 元 交易 结束 后 即 被 抓获 公安民警 在 莫某 处 收缴 毒品 K粉 0.88克 在 被告人 相某某 处 收缴 毒资 100 元 以及 联系 贩毒 所用 手机 1 台经 检验 上述 毒品 中 检验 出 毒品 氯胺酮,4
NA,北海市 海城区 人民检察院 起诉书 指控 2016 年 10 月 28 日 12 时许 被告人 相某某 经 电话 联系 后 窜 至 北海市海城区广东路二运汽车站对面的优觅宾馆附近 贩卖 1 小包 毒品   <e1>   K粉   </e1>   <e2>   0.88克   </e2>   . 88 克 给 莫某 收取 毒资 100 元 交易 结束 后 即 被 抓获 公安民警 在 莫某 处 收缴 毒品 K粉 0.88克 在 被告人 相某某 处 收缴 毒资 100 元 以及 联系 贩毒 所用 手机 1 台经 检验 上述 毒品 中 检验 出 毒品 氯胺酮,4
posess,湖南省 邵阳市 人民检察院 指控 2011 年 1 月 18 日 13 时许 被告人 潘定平 搭载 李某某 另案处理 驾驶 1 辆 没有 正式 牌照 的 奔驰 小车 途经 邵怀 高速公路 洞口 段时 被 高速公路 交警 查获 高速公路 交警 例行 检查 时   <e1>   潘定平   </e1>   弃车 逃跑 后 公安机关 检查 发现 车辆 后备 厢内 有 1 装有 重约 10公斤 毒品   <e2>   麻古   </e2>   的 旅行包,2
NA,湖南省 邵阳市 人民检察院 指控 2011 年 1 月 18 日 13 时许 被告人 潘定平 搭载 李某某 另案处理 驾驶 1 辆 没有 正式 牌照 的 奔驰 小车 途经 邵怀 高速公路 洞口 段时 被 高速公路 交警 查获 高速公路 交警 例行 检查 时   <e1>   潘定平   </e1>   弃车 逃跑 后 公安机关 检查 发现 车辆 后备 厢内 有 1   <e2>   10公斤   </e2>   10公斤 毒品 麻古 的 旅行包,4
NA,湖南省 邵阳市 人民检察院 指控 2011 年 1 月 18 日 13 时许 被告人 潘定平 搭载   <e1>   李某某   </e1>   另案处理 驾驶 1 辆 没有 正式 牌照 的 奔驰 小车 途经 邵怀 高速公路 洞口 段时 被 高速公路 交警 查获 高速公路 交警 例行 检查 时 潘定平 弃车 逃跑 后 公安机关 检查 发现 车辆 后备 厢内 有 1   <e2>   10公斤   </e2>   10公斤 毒品 麻古 的 旅行包,4
sell_drugs_to,湖北省 武汉市 青山区 人民检察院 指控 2013 年 12 月 15 日 下午 3 时许 被告人   <e1>   马某   </e1>   受 他人 指使 在 武汉市 青山区 新沟 桥 街 24 街坊 纽宾 时尚 宾馆 附近 以 人民币 200 元 的 价格 将 2 颗 麻果 2 包 冰毒 贩卖 给   <e2>   程某   </e2>   后 被 公安干警 当场 抓获 经 鉴定 上述 麻果 冰毒 为 毒品 甲基苯丙胺 共重 0.35克 上述 毒品 已 被 收缴,1
traffic_in,湖北省 武汉市 青山区 人民检察院 指控 2013 年 12 月 15 日 下午 3 时许 被告人   <e1>   马某   </e1>   受 他人 指使 在 武汉市 青山区 新沟 桥 街 24 街坊 纽宾 时尚 宾馆 附近 以 人民币 200 元 的 价格 将 2 颗   <e2>   麻果   </e2>   2 包 冰毒 贩卖 给 程某 后 被 公安干警 当场 抓获 经 鉴定 上述 麻果 冰毒 为 毒品 甲基苯丙胺 共重 0.35克 上述 毒品 已 被 收缴,0
traffic_in,湖北省 武汉市 青山区 人民检察院 指控 2013 年 12 月 15 日 下午 3 时许 被告人   <e1>   马某   </e1>   受 他人 指使 在 武汉市 青山区 新沟 桥 街 24 街坊 纽宾 时尚 宾馆 附近 以 人民币 200 元 的 价格 将 2 颗 麻果 2 包   <e2>   冰毒   </e2>   贩卖 给 程某 后 被 公安干警 当场 抓获 经 鉴定 上述 麻果 冰毒 为 毒品 甲基苯丙胺 共重 0.35克 上述 毒品 已 被 收缴,0
traffic_in,湖北省 武汉市 青山区 人民检察院 指控 2013 年 12 月 15 日 下午 3 时许 被告人   <e1>   马某   </e1>   受 他人 指使 在 武汉市 青山区 新沟 桥 街 24 街坊 纽宾 时尚 宾馆 附近 以 人民币 200 元 的 价格 将 2 颗 麻果 2 包 冰毒 贩卖 给 程某 后 被 公安干警 当场 抓获 经 鉴定 上述 麻果 冰毒 为 毒品   <e2>   甲基苯丙胺   </e2>   共重 0.35克 上述 毒品 已 被 收缴,0
NA,湖北省 武汉市 青山区 人民检察院 指控 2013 年 12 月 15 日 下午 3 时许 被告人 马某 受 他人 指使 在 武汉市 青山区 新沟 桥 街 24 街坊 纽宾 时尚 宾馆 附近 以 人民币 200 元 的 价格 将 2 颗   <e1>   麻果   </e1>   2 包 冰毒 贩卖 给 程某 后 被 公安干警 当场 抓获 经 鉴定 上述 麻果 冰毒 为 毒品 甲基苯丙胺 共重   <e2>   0.35克   </e2>   上述 毒品 已 被 收缴,4
NA,湖北省 武汉市 青山区 人民检察院 指控 2013 年 12 月 15 日 下午 3 时许 被告人 马某 受 他人 指使 在 武汉市 青山区 新沟 桥 街 24 街坊 纽宾 时尚 宾馆 附近 以 人民币 200 元 的 价格 将 2 颗 麻果 2 包 冰毒 贩卖 给   <e1>   程某   </e1>   后 被 公安干警 当场 抓获 经 鉴定 上述 麻果 冰毒 为 毒品 甲基苯丙胺 共重   <e2>   0.35克   </e2>   上述 毒品 已 被 收缴,4
posess,苏州市 虎丘区 人民检察院 指控 2014年7月18日下午 被告人   <e1>   曹某某   </e1>   在 本市 虎丘区通安镇华通花园 二区 9 幢 XXX 室 被 公安机关 查获   <e2>   甲基苯丙胺   </e2>   计 24 . 1克 公诉 机关 认为 被告人 曹某某 的 行为 已 构成 非法 持有 毒品 罪 被告人 曹某某 归案 后 如实 供述 自己 的 罪行 可以 从轻 处罚 为 证实 上述 指控 的 事实 及 公诉 意见 公诉人 当庭 讯问 了 被告人 曹某某 并 宣读 和 出示 了 相关 的 证据 材料,2
NA,苏州市 虎丘区 人民检察院 指控   <e1>   2014年7月18日下午   </e1>   被告人 曹某某 在 本市 虎丘区通安镇华通花园 二区 9 幢 XXX 室 被 公安机关 查获 甲基苯丙胺 计 24 . 1克 公诉 机关 认为 被告人   <e2>   曹某某   </e2>   的 行为 已 构成 非法 持有 毒品 罪 被告人 曹某某 归案 后 如实 供述 自己 的 罪行 可以 从轻 处罚 为 证实 上述 指控 的 事实 及 公诉 意见 公诉人 当庭 讯问 了 被告人 曹某某 并 宣读 和 出示 了 相关 的 证据 材料,4
NA,苏州市 虎丘区 人民检察院 指控 2014年7月18日下午 被告人 曹某某 在 本市   <e1>   虎丘区通安镇华通花园   </e1>   二区 9 幢 XXX 室 被 公安机关 查获 甲基苯丙胺 计 24 . 1克 公诉 机关 认为 被告人   <e2>   曹某某   </e2>   的 行为 已 构成 非法 持有 毒品 罪 被告人 曹某某 归案 后 如实 供述 自己 的 罪行 可以 从轻 处罚 为 证实 上述 指控 的 事实 及 公诉 意见 公诉人 当庭 讯问 了 被告人 曹某某 并 宣读 和 出示 了 相关 的 证据 材料,4
sell_drugs_to,西宁市 城中区 人民检察院 指控 2014年11月17日21时 许 被告人   <e1>   马某某   </e1>   在 本市 城中区 长江路 华联 大厦 三楼 与 吸毒 人员   <e2>   赵某   </e2>   进行 毒品 交易 时 被 西宁市 公安局 民警 当场 抓获 从 被告人 马某某 身上 查获 贩卖毒品 疑似 物 所得 的 赃款 人民币 400 元 在 吸毒 人员 赵某 身上 查获 在 马某某 处 购买 的 毒品 疑似 物 一小包 经 鉴定 在 吸毒 人员 赵某 身上 查获 从 马某某 处 购买 的 毒品 疑似 物 1 小包 净重 0.730 克 从中 检出 甲基苯丙胺 成份 该院 认为 被告人 马某某 明知 是 毒品 而 向 他人 贩卖 净重 0.730 克其 行为 已 构成 贩卖毒品 罪 应予 惩处 并 当庭 出示 了 证人 证言 被告人 的 供述 鉴定 意见 扣押 物品 清单 尿样 检测 报告 情况 说明 抓获 经过 及 户籍 证明 等 证据,1
traffic_in,西宁市 城中区 人民检察院 指控 2014年11月17日21时 许 被告人 马某某 在 本市 城中区 长江路 华联 大厦 三楼 与 吸毒 人员 赵某 进行 毒品 交易 时 被 西宁市 公安局 民警 当场 抓获 从 被告人 马某某 身上 查获 贩卖毒品 疑似 物 所得 的 赃款 人民币 400 元 在 吸毒 人员 赵某 身上 查获 在 马某某 处 购买 的 毒品 疑似 物 一小包 经 鉴定 在 吸毒 人员 赵某 身上 查获 从 马某某 处 购买 的 毒品 疑似 物 1 小包 净重 0.730 克 从中 检出   <e1>   甲基苯丙胺   </e1>   成份 该院 认为   <e2>   马某某   </e2>   人 马某某 明知 是 毒品 而 向 他人 贩卖 净重 0.730 克其 行为 已 构成 贩卖毒品 罪 应予 惩处 并 当庭 出示 了 证人 证言 被告人 的 供述 鉴定 意见 扣押 物品 清单 尿样 检测 报告 情况 说明 抓获 经过 及 户籍 证明 等 证据,0
NA,西宁市 城中区 人民检察院 指控 2014年11月17日21时 许 被告人   <e1>   马某某   </e1>   在 本市 城中区 长江路 华联 大厦 三楼 与 吸毒 人员   <e2>   赵某   </e2>   进行 毒品 交易 时 被 西宁市 公安局 民警 当场 抓获 从 被告人 马某某 身上 查获 贩卖毒品 疑似 物 所得 的 赃款 人民币 400 元 在 吸毒 人员 赵某 身上 查获 在 马某某 处 购买 的 毒品 疑似 物 一小包 经 鉴定 在 吸毒 人员 赵某 身上 查获 从 马某某 处 购买 的 毒品 疑似 物 1 小包 净重 0.730 克 从中 检出 甲基苯丙胺 成份 该院 认为 被告人 马某某 明知 是 毒品 而 向 他人 贩卖 净重 0.730 克其 行为 已 构成 贩卖毒品 罪 应予 惩处 并 当庭 出示 了 证人 证言 被告人 的 供述 鉴定 意见 扣押 物品 清单 尿样 检测 报告 情况 说明 抓获 经过 及 户籍 证明 等 证据,4
NA,西宁市 城中区 人民检察院 指控   <e1>   2014年11月17日21时   </e1>   许 被告人 马某某 在 本市 城中区 长江路 华联 大厦 三楼 与 吸毒 人员 赵某 进行 毒品 交易 时 被 西宁市 公安局 民警 当场 抓获 从 被告人 马某某 身上 查获 贩卖毒品 疑似 物 所得 的 赃款 人民币 400 元 在 吸毒 人员   <e2>   赵某   </e2>   身上 查获 在 马某某 处 购买 的 毒品 疑似 物 一小包 经 鉴定 在 吸毒 人员 赵某 身上 查获 从 马某某 处 购买 的 毒品 疑似 物 1 小包 净重 0.730 克 从中 检出 甲基苯丙胺 成份 该院 认为 被告人 马某某 明知 是 毒品 而 向 他人 贩卖 净重 0.730 克其 行为 已 构成 贩卖毒品 罪 应予 惩处 并 当庭 出示 了 证人 证言 被告人 的 供述 鉴定 意见 扣押 物品 清单 尿样 检测 报告 情况 说明 抓获 经过 及 户籍 证明 等 证据,4
provide_shelter_for,经 审理 查明 2012年12月18日21时左右 被告人 李某某 接 张某 已 判决 电话 称 让 李某某 找点 冰毒 并 让 李某某 开车 去 接 他 李某某 驾车 将 张某 及 王某某 带到 古冶区范各庄镇前某煤场的小房中 由   <e1>   李某某   </e1>   提供 冰毒 容留   <e2>   张某   </e2>   吸食 冰毒 后 李某某 离开 张某 吸毒 后 将 王某某 强奸,3
NA,经 审理 查明 2012年12月18日21时左右 被告人 李某某 接 张某 已 判决 电话 称 让 李某某 找点 冰毒 并 让 李某某 开车 去 接 他   <e1>   李某某   </e1>   驾车 将 张某 及 王某某 带到 古冶区范各庄镇前某煤场的小房中 由 李某某 提供 冰毒 容留 张某 吸食 冰毒 后 李某某 离开 张某   <e2>   王某某   </e2>   将 王某某 强奸,4
NA,经 审理 查明   <e1>   2012年12月18日21时左右   </e1>   被告人 李某某 接 张某 已 判决 电话 称 让 李某某 找点 冰毒 并 让 李某某 开车 去 接 他 李某某 驾车 将 张某 及 王某某 带到   <e2>   古冶区范各庄镇前某煤场的小房中   </e2>   由 李某某 提供 冰毒 容留 张某 吸食 冰毒 后 李某某 离开 张某 吸毒 后 将 王某某 强奸,4
posess,公诉 机关 指控 被告人   <e1>   牛晓波   </e1>   于 2013年12月6日21时10分 许在 长春市 南关区 二道 街 中环 16 栋 2 单元 1205 室 暂住 处 被 公安机关 查获 并 当场 搜出 其 非法 持有 的   <e2>   冰毒   </e2>   76.11克 从中 检出 甲基苯丙胺 成份 搜出 冰毒 片 32.0 6克 从中 检出 甲基苯丙胺 和 咖啡因 成分 搜出 疑似 海洛因 0.39克 从中 检出 海洛因 成分,2
posess,公诉 机关 指控 被告人   <e1>   牛晓波   </e1>   于 2013年12月6日21时10分 许在 长春市 南关区 二道 街 中环 16 栋 2 单元 1205 室 暂住 处 被 公安机关 查获 并 当场 搜出 其 非法 持有 的 冰毒 76.11克 从中 检出 甲基苯丙胺 成份 搜出 冰毒 片 32.0 6克 从中 检出 甲基苯丙胺 和 咖啡因 成分 搜出 疑似   <e2>   海洛因   </e2>   0.39克 从中 检出 海洛因 成分,2
NA,公诉 机关 指控 被告人 牛晓波 于   <e1>   2013年12月6日21时10分   </e1>   许在 长春市 南关区 二道 街 中环 16 栋 2 单元 1205 室 暂住 处 被 公安机关 查获 并 当场 搜出 其 非法 持有 的 冰毒 76.11克 从中 检出 甲基苯丙胺 成份 搜出 冰毒 片 32.0 6克 从中 检出 甲基苯丙胺 和 咖啡因 成分 搜出 疑似 海洛因 0.39克 从中 检出   <e2>   海洛因   </e2>   成分,4
NA,公诉 机关 指控 被告人 牛晓波 于 2013年12月6日21时10分 许在 长春市 南关区 二道 街 中环 16 栋 2 单元 1205 室 暂住 处 被 公安机关 查获 并 当场 搜出 其 非法 持有 的   <e1>   冰毒   </e1>     <e2>   76.11克   </e2>   从中 检出 甲基苯丙胺 成份 搜出 冰毒 片 32.0 6克 从中 检出 甲基苯丙胺 和 咖啡因 成分 搜出 疑似 海洛因 0.39克 从中 检出 海洛因 成分,4
sell_drugs_to,经 审理 查明 2015 年 6 月 18 日 20 时 05 分 被告人   <e1>   章某   </e1>   在 本市 杨浦区 平凉路 XXX 号 门口 将 塑封 袋 包装 的 三 小包 白色晶体 和 一小包 粉红色 圆形 药片 以 人民币 600 元 的 价格 贩卖 给 购毒 人员   <e2>   仲某某   </e2>   后 被 民警 抓获 经 检验 送检 仲某某 的 2.98 克 白色晶体 中 检出 甲基苯丙胺 成分 0.15 克 粉红色 圆形 药片 中 检出 咖啡因 成分,1
traffic_in,经 审理 查明 2015 年 6 月 18 日 20 时 05 分 被告人   <e1>   章某   </e1>   在 本市 杨浦区 平凉路 XXX 号 门口 将 塑封 袋 包装 的 三 小包 白色晶体 和 一小包 粉红色 圆形 药片 以 人民币 600 元 的 价格 贩卖 给 购毒 人员 仲某某 后 被 民警 抓获 经 检验 送检 仲某某 的 2.98 克 白色晶体 中 检出   <e2>   甲基苯丙胺   </e2>   成分 0.15 克 粉红色 圆形 药片 中 检出 咖啡因 成分,0
traffic_in,经 审理 查明 2015 年 6 月 18 日 20 时 05 分 被告人   <e1>   章某   </e1>   在 本市 杨浦区 平凉路 XXX 号 门口 将 塑封 袋 包装 的 三 小包 白色晶体 和 一小包 粉红色 圆形 药片 以 人民币 600 元 的 价格 贩卖 给 购毒 人员 仲某某 后 被 民警 抓获 经 检验 送检 仲某某 的 2.98 克 白色晶体 中 检出 甲基苯丙胺 成分 0.15 克 粉红色 圆形 药片 中 检出   <e2>   咖啡因   </e2>   成分,0
NA,经 审理 查明 2015 年 6 月 18 日 20 时 05 分 被告人 章某 在 本市 杨浦区 平凉路 XXX 号 门口 将 塑封 袋 包装 的 三 小包 白色晶体 和 一小包 粉红色 圆形 药片 以 人民币 600 元 的 价格 贩卖 给 购毒 人员   <e1>   仲某某   </e1>   后 被 民警 抓获 经 检验 送检 仲某某 的 2.98 克 白色晶体 中 检出   <e2>   甲基苯丙胺   </e2>   成分 0.15 克 粉红色 圆形 药片 中 检出 咖啡因 成分,4
NA,经 审理 查明 2015 年 6 月 18 日 20 时 05 分 被告人 章某 在 本市 杨浦区 平凉路 XXX 号 门口 将 塑封 袋 包装 的 三 小包 白色晶体 和 一小包 粉红色 圆形 药片 以 人民币 600 元 的 价格 贩卖 给 购毒 人员   <e1>   仲某某   </e1>   后 被 民警 抓获 经 检验 送检 仲某某 的 2.98 克 白色晶体 中 检出 甲基苯丙胺 成分 0.15 克 粉红色 圆形 药片 中 检出   <e2>   咖啡因   </e2>   成分,4
posess,广西壮族自治区 柳州市 柳南区 人民检察院 指控 2014年7月2日17时30分 许 被告人 廖XX 驾驶 电动车 路经 柳州市 柳南区 航 五路 与 航 生路 交叉路口 时 被 公安人员 盘查 公安人员 当场 在 被告人 廖XX 驾驶 的 电动车 座 包内 查获 净重 10.14 克 的 毒品 海洛因 经 鉴定   <e1>   廖XX   </e1>   电动车 内 查获 的 毒品 检出   <e2>   海洛因   </e2>   成分,2
NA,广西壮族自治区 柳州市 柳南区 人民检察院 指控 2014年7月2日17时30分 许 被告人 廖XX 驾驶 电动车 路经 柳州市 柳南区 航 五路 与 航 生路 交叉路口 时 被 公安人员 盘查 公安人员 当场 在 被告人   <e1>   廖XX   </e1>   驾驶 的 电动车 座 包内 查获 净重 10.14 克 的 毒品   <e2>   海洛因   </e2>   经 鉴定 廖XX 电动车 内 查获 的 毒品 检出 海洛因 成分,4
NA,广西壮族自治区 柳州市 柳南区 人民检察院 指控   <e1>   2014年7月2日17时30分   </e1>   许 被告人 廖XX 驾驶 电动车 路经 柳州市 柳南区 航 五路 与 航 生路 交叉路口 时 被 公安人员 盘查 公安人员 当场 在 被告人 廖XX 驾驶 的 电动车 座 包内 查获 净重 10.14 克 的 毒品 海洛因 经 鉴定   <e2>   廖XX   </e2>   电动车 内 查获 的 毒品 检出 海洛因 成分,4
traffic_in,经 审理 查明 被告人 庞某某 通过 移动电话 与 王某某 达成 毒品 交易 协议 2015 年 3 月 5 日 1 时 40 分许 被告人   <e1>   庞某某   </e1>   在 本市 云岩区 鹿 冲关 路 24 号 公交车 终点站 对面 一 巷子 内 贩卖毒品 给 王某某 时 被 公安机关 抓获 当场 收缴 毒品 0.3克 经 贵阳市 公安局 毒品 检验 中心 检验 该 收缴 毒品 为   <e2>   海洛因   </e2>  ,0
sell_drugs_to,经 审理 查明 被告人 庞某某 通过 移动电话 与 王某某 达成 毒品 交易 协议 2015 年 3 月 5 日 1 时 40 分许 被告人   <e1>   庞某某   </e1>   在 本市 云岩区 鹿 冲关 路 24 号 公交车 终点站 对面 一 巷子 内 贩卖毒品 给   <e2>   王某某   </e2>   时 被 公安机关 抓获 当场 收缴 毒品 0.3克 经 贵阳市 公安局 毒品 检验 中心 检验 该 收缴 毒品 为 海洛因,1
NA,经 审理 查明 被告人   <e1>   庞某某   </e1>   通过 移动电话 与 王某某 达成 毒品 交易 协议 2015 年 3 月 5 日 1 时 40 分许 被告人   <e2>   庞某某   </e2>   在 本市 云岩区 鹿 冲关 路 24 号 公交车 终点站 对面 一 巷子 内 贩卖毒品 给 王某某 时 被 公安机关 抓获 当场 收缴 毒品 0.3克 经 贵阳市 公安局 毒品 检验 中心 检验 该 收缴 毒品 为 海洛因,4
NA,经 审理 查明 被告人   <e1>   庞某某   </e1>   通过 移动电话 与 王某某 达成 毒品 交易 协议 2015 年 3 月 5 日 1 时 40 分许 被告人 庞某某 在 本市 云岩区 鹿 冲关 路 24 号 公交车 终点站 对面 一 巷子 内贩   <e2>   王某某   </e2>   给 王某某 时 被 公安机关 抓获 当场 收缴 毒品 0.3克 经 贵阳市 公安局 毒品 检验 中心 检验 该 收缴 毒品 为 海洛因,4
posess,普宁市 人民检察院 指控 被告人   <e1>   陈X海   </e1>   于 2015年5月1日19时 多 在 普宁市 流沙 西 街道 平湖 村 平湖 宿舍 附近 被 民警 查获 现场 在 其 身上 查获 毒品   <e2>   冰毒   </e2>   可疑 物 47.14 克经 鉴定 查获 的 毒品 冰毒 可疑 物 检出 甲基苯丙胺 成分,2
NA,普宁市 人民检察院 指控 被告人 陈X海 于   <e1>   2015年5月1日19时   </e1>   多 在 普宁市 流沙 西 街道 平湖 村 平湖 宿舍 附近 被 民警 查获 现场 在 其 身上 查获 毒品   <e2>   冰毒   </e2>   可疑 物 47.14 克经 鉴定 查获 的 毒品 冰毒 可疑 物 检出 甲基苯丙胺 成分,4
NA,普宁市 人民检察院 指控 被告人 陈X海 于 2015年5月1日19时 多 在 普宁市 流沙 西 街道 平湖 村 平湖 宿舍 附近 被 民警 查获 现场 在 其 身上 查获 毒品   <e1>   冰毒   </e1>   可疑 物 47.14 克经 鉴定 查获 的 毒品   <e2>   冰毒   </e2>   可疑 物 检出 甲基苯丙胺 成分,4
traffic_in,公诉 机关 指控 被告人   <e1>   余某   </e1>   系 吸毒 人员 为 非法 牟利 于 2014年12月21日下午 在 长沙县湘龙街道湘绣城 附近 向 文某 贩卖 已 行政处罚 2 粒   <e2>   甲基苯丙胺片剂   </e2>   俗称 麻古 和 少量 甲基苯丙胺 冰毒 获取 毒资 300 元,0
sell_drugs_to,公诉 机关 指控 被告人   <e1>   余某   </e1>   系 吸毒 人员 为 非法 牟利 于 2014年12月21日下午 在 长沙县湘龙街道湘绣城 附近 向   <e2>   文某   </e2>   贩卖 已 行政处罚 2 粒 甲基苯丙胺片剂 俗称 麻古 和 少量 甲基苯丙胺 冰毒 获取 毒资 300 元,1
traffic_in,公诉 机关 指控 被告人   <e1>   余某   </e1>   系 吸毒 人员 为 非法 牟利 于 2014年12月21日下午 在 长沙县湘龙街道湘绣城 附近 向 文某 贩卖 已 行政处罚 2 粒 甲基苯丙胺片剂 俗称 麻古 和 少量   <e2>   甲基苯丙胺   </e2>   冰毒 获取 毒资 300 元,0
NA,公诉 机关 指控 被告人   <e1>   余某   </e1>   系 吸毒 人员 为 非法 牟利 于   <e2>   2014年12月21日下午   </e2>   在 长沙县湘龙街道湘绣城 附近 向 文某 贩卖 已 行政处罚 2 粒 甲基苯丙胺片剂 俗称 麻古 和 少量 甲基苯丙胺 冰毒 获取 毒资 300 元,4
NA,公诉 机关 指控 被告人   <e1>   余某   </e1>   系 吸毒 人员 为 非法 牟利 于 2014年12月21日下午 在   <e2>   长沙县湘龙街道湘绣城   </e2>   附近 向 文某 贩卖 已 行政处罚 2 粒 甲基苯丙胺片剂 俗称 麻古 和 少量 甲基苯丙胺 冰毒 获取 毒资 300 元,4
provide_shelter_for,公诉 机关 指控 2015年11月14日至15日间 被告人   <e1>   桂某   </e1>   在 其 位于 南京市 高淳 区 XX 镇 XX 路 XX 号 的 家中 2 次容   <e2>   某某XX   </e2>   覃XX 吸食 甲基苯丙胺 冰毒 具体 事实 如下,3
provide_shelter_for,公诉 机关 指控 2015年11月14日至15日间 被告人   <e1>   桂某   </e1>   在 其 位于 南京市 高淳 区 XX 镇 XX 路 XX 号 的 家中 2 次容 某某XX   <e2>   覃XX   </e2>   吸食 甲基苯丙胺 冰毒 具体 事实 如下,3
NA,公诉 机关 指控   <e1>   2015年11月14日至15日间   </e1>   被告人   <e2>   桂某   </e2>   在 其 位于 南京市 高淳 区 XX 镇 XX 路 XX 号 的 家中 2 次容 某某XX 覃XX 吸食 甲基苯丙胺 冰毒 具体 事实 如下,4
NA,公诉 机关 指控 2015年11月14日至15日间 被告人 桂某 在 其 位于 南京市 高淳 区 XX 镇 XX 路 XX 号 的 家中 2 次容   <e1>   某某XX   < / e   <e2>   覃XX   </e2>   覃XX 吸食 甲基苯丙胺 冰毒 具体 事实 如下,4
traffic_in,重庆市 渝中区 人民检察院 指控 被告人   <e1>   吉克某某   </e1>   于 2014年3月28日17时 许在 本市 渝中区 南纪 门下 回 水沟 82 号 附近 将 净重 0.1克 的   <e2>   海洛因   </e2>   贩卖 给 白某某 获毒资 50 元 交易 完成 后 被 民警 捉 获 毒品 毒资 亦 被 当场 缴获 公诉 机关 认为 被告人 吉克某某 的 行为 已 构成 贩卖毒品 罪 提请 本院 依照 中华人民共和国 刑法 第三 百 四十七 条 第四款 第六十七条 第三款 之 规定 判处,0
sell_drugs_to,重庆市 渝中区 人民检察院 指控 被告人   <e1>   吉克某某   </e1>   于 2014年3月28日17时 许在 本市 渝中区 南纪 门下 回 水沟 82 号 附近 将 净重 0.1克 的 海洛因 贩卖 给   <e2>   白某某   </e2>   获毒资 50 元 交易 完成 后 被 民警 捉 获 毒品 毒资 亦 被 当场 缴获 公诉 机关 认为 被告人 吉克某某 的 行为 已 构成 贩卖毒品 罪 提请 本院 依照 中华人民共和国 刑法 第三 百 四十七 条 第四款 第六十七条 第三款 之 规定 判处,1
NA,重庆市 渝中区 人民检察院 指控 被告人   <e1>   吉克某某   </e1>   于 2014年3月28日17时 许在 本市 渝中区 南纪 门下 回 水沟 82 号 附近 将 净重 0.1克 的 海洛因 贩卖 给   <e2>   白某某   </e2>   获毒资 50 元 交易 完成 后 被 民警 捉 获 毒品 毒资 亦 被 当场 缴获 公诉 机关 认为 被告人 吉克某某 的 行为 已 构成 贩卖毒品 罪 提请 本院 依照 中华人民共和国 刑法 第三 百 四十七 条 第四款 第六十七条 第三款 之 规定 判处,4
NA,重庆市 渝中区 人民检察院 指控 被告人 吉克某某 于   <e1>   2014年3月28日17时   </e1>   许在 本市 渝中区 南纪 门下 回 水沟 82 号 附近 将 净重 0   <e2>   海洛因   </e2>   的 海洛因 贩卖 给 白某某 获毒资 50 元 交易 完成 后 被 民警 捉 获 毒品 毒资 亦 被 当场 缴获 公诉 机关 认为 被告人 吉克某某 的 行为 已 构成 贩卖毒品 罪 提请 本院 依照 中华人民共和国 刑法 第三 百 四十七 条 第四款 第六十七条 第三款 之 规定 判处,4
sell_drugs_to,武鸣县 人民检察院 指控 2015年1月8日20时 许 被告人   <e1>   黄某   </e1>   在 武鸣县 城厢镇 新兴路 利华隆 超市 门口 与   <e2>   罗某   </e2>   进行 毒品 交易 时 被 公安民警 当场 抓获 公安民警 当场 当场 从 罗某 黄某 处 缴获 毒品 可疑 物 各 一小包 经 称量 和 鉴定 从 罗某 处 查获 的 毒品 可疑 物 净重 2 . 6克 从 黄某 处 查获 的 毒品 可疑 物 净重 0.5克 从中 均 检出 氯胺酮,1
NA,武鸣县 人民检察院 指控 2015年1月8日20时 许 被告人   <e1>   黄某   </e1>   在 武鸣县 城厢镇 新兴路 利华隆 超市 门口 与 罗某 进行 毒品 交易 时 被 公安民警 当场 抓获 公安民警 当场 当场   <e2>   黄某   </e2>   某 黄某 处 缴获 毒品 可疑 物 各 一小包 经 称量 和 鉴定 从 罗某 处 查获 的 毒品 可疑 物 净重 2 . 6克 从 黄某 处 查获 的 毒品 可疑 物 净重 0.5克 从中 均 检出 氯胺酮,4
NA,武鸣县 人民检察院 指控   <e1>   2015年1月8日20时   </e1>   许 被告人 黄某 在 武鸣县 城厢镇 新兴路 利华隆 超市 门口 与 罗某 进行 毒品 交易 时 被 公安民警 当场 抓获 公安民警 当场 当场 从 罗某 黄某 处 缴获 毒品 可疑 物 各 一小包 经 称量 和 鉴定 从 罗某 处 查获 的 毒品 可疑 物 净重 2 . 6克 从 黄某 处 查获 的 毒品 可疑 物 净重   <e2>   0.5克   </e2>   从中 均 检出 氯胺酮,4
traffic_in,武汉市 硚口区 人民检察院 指控 2015年5月12日凌晨 被告人   <e1>   凌某   </e1>   在 武汉市硚口区中山大道钻石假日酒店对面的中国农业银行 附近 以 人民币 300 元 的 价格 将 1.1 1克 的   <e2>   甲基苯丙胺片剂   </e2>   俗称 麻果 和 甲基苯丙胺 冰毒 贩卖 给 陈某 交易 完成 后 被 民警 当场 抓获归案,0
traffic_in,武汉市 硚口区 人民检察院 指控 2015年5月12日凌晨 被告人   <e1>   凌某   </e1>   在 武汉市硚口区中山大道钻石假日酒店对面的中国农业银行 附近 以 人民币 300 元 的 价格 将 1.1 1克 的 甲基苯丙胺片剂 俗称 麻果 和   <e2>   甲基苯丙胺   </e2>   冰毒 贩卖 给 陈某 交易 完成 后 被 民警 当场 抓获归案,0
sell_drugs_to,武汉市 硚口区 人民检察院 指控 2015年5月12日凌晨 被告人   <e1>   凌某   </e1>   在 武汉市硚口区中山大道钻石假日酒店对面的中国农业银行 附近 以 人民币 300 元 的 价格 将 1.1 1克 的 甲基苯丙胺片剂 俗称 麻果 和 甲基苯丙胺 冰毒 贩卖 给   <e2>   陈某   </e2>   交易 完成 后 被 民警 当场 抓获归案,1
NA,武汉市 硚口区 人民检察院 指控 2015年5月12日凌晨 被告人 凌某 在   <e1>   武汉市硚口区中山大道钻石假日酒店对面的中国农业银行   </e1>   附近 以 人民币 300 元 的 价格 将 1.1 1克 的 甲基苯丙胺片剂 俗称 麻果 和 甲基   <e2>   冰毒   </e2>   胺 冰毒 贩卖 给 陈某 交易 完成 后 被 民警 当场 抓获归案,4
NA,武汉市 硚口区 人民检察院 指控   <e1>   2015年5月12日凌晨   </e1>   被告人 凌某 在 武汉市硚口区中山大道钻石假日酒店对面的中国农业银行 附近 以 人民币 300 元 的 价格 将 1.1 1克 的   <e2>   甲基苯丙胺片剂   </e2>   俗称 麻果 和 甲基苯丙胺 冰毒 贩卖 给 陈某 交易 完成 后 被 民警 当场 抓获归案,4
sell_drugs_to,公诉 机关 指控 被告人 黄某 与 吸毒 人员 覃某 因 吸食毒品 已 被 松滋 公安局 行政拘留 并 决定 强制 隔离 戒毒 曾多次 一起 吸毒 且 于 2014年12月 被 松滋市 公安局 查获 但 此后 仍 不思悔改 继续 吸食毒品 2015年10月 由   <e1>   覃某   </e1>   提供 毒品 被告人   <e2>   黄某   </e2>   先后 3 次 默许 并 参与 覃某 邓某 因 吸食毒品 已 被 松滋市 公安局 行政拘留 并 决定 社区 戒毒 等 人 在 其 住所 吸食毒品 具体 事实 如下,1
sell_drugs_to,公诉 机关 指控 被告人 黄某 与 吸毒 人员 覃某 因 吸食毒品 已 被 松滋 公安局 行政拘留 并 决定 强制 隔离 戒毒 曾多次 一起 吸毒 且 于 2014年12月 被 松滋市 公安局 查获 但 此后 仍 不思悔改 继续 吸食毒品 2015年10月 由   <e1>   覃某   </e1>   提供 毒品 被告人 黄某 先后 3 次 默许 并 参与 覃某   <e2>   邓某   </e2>   因 吸食毒品 已 被 松滋市 公安局 行政拘留 并 决定 社区 戒毒 等 人 在 其 住所 吸食毒品 具体 事实 如下,1
NA,公诉 机关 指控 被告人 黄某 与 吸毒 人员 覃某 因 吸食毒品 已 被 松滋 公安局 行政拘留 并 决定 强制 隔离 戒毒 曾多次 一起 吸毒 且 于 2014年12月 被 松滋市 公安局 查获 但 此后 仍 不思悔改 继续 吸食毒品 2015年10月 由   <e1>   覃某   </e1>   提供 毒品 被告人 黄某 先后 3 次 默许 并 参与   <e2>   覃某   </e2>   邓某 因 吸食毒品 已 被 松滋市 公安局 行政拘留 并 决定 社区 戒毒 等 人 在 其 住所 吸食毒品 具体 事实 如下,4
NA,公诉 机关 指控 被告人 黄某 与 吸毒 人员   <e1>   覃某   </e1>   因 吸食毒品 已 被 松滋 公安局 行政拘留 并 决定 强制 隔离 戒毒 曾多次 一起 吸毒 且 于 2014年12月 被 松滋市 公安局 查获 但 此后 仍 不思悔改 继续 吸食毒品 2015年10月 由 覃某 提供 毒品 被告人   <e2>   黄某   </e2>   先后 3 次 默许 并 参与 覃某 邓某 因 吸食毒品 已 被 松滋市 公安局 行政拘留 并 决定 社区 戒毒 等 人 在 其 住所 吸食毒品 具体 事实 如下,4
